root_code,period_start,verified,bar_label_semantics,evidence_source,reviewer,representative_sha256,promotion_rule
gg,2000,True,interval_start,https://www.eurex.com/ex-en/find/circulars,"Pinna, F.",d530882b8b299a44c97b6ff7a969b142661e29946f733969bf12a7e1a0cb7adb,"Semantics decided at the session boundary against product-specific Eurex trading hours (fixed income per circular 178/05), minimum 20 agreeing days per cell; minority verdicts below 3 days and 1% of conclusive days discarded as coincident empty-auction and close-print anomalies, with counts reported. No announcement window used."
gg,2003,True,interval_start,https://www.eurex.com/ex-en/find/circulars,"Pinna, F.",cc4a82c312ea5b301d2522683a7e8a84cbfc3bb91ab944b0929d088e36d5aff3,"Semantics decided at the session boundary against product-specific Eurex trading hours (fixed income per circular 178/05), minimum 20 agreeing days per cell; minority verdicts below 3 days and 1% of conclusive days discarded as coincident empty-auction and close-print anomalies, with counts reported. No announcement window used."
gg,2006,True,interval_start,https://www.eurex.com/ex-en/find/circulars,"Pinna, F.",327de85ae9e875ad666e12764fb5fa881dc9bfdfc3f9b38d702630e54363d420,"Semantics decided at the session boundary against product-specific Eurex trading hours (fixed income per circular 178/05), minimum 20 agreeing days per cell; minority verdicts below 3 days and 1% of conclusive days discarded as coincident empty-auction and close-print anomalies, with counts reported. No announcement window used."
gg,2009,True,interval_start,https://www.eurex.com/ex-en/find/circulars,"Pinna, F.",df332b77d6462c550b7a14bd502a18913f2fef9b2d3ddafd055b82e95d4f388f,"Semantics decided at the session boundary against product-specific Eurex trading hours (fixed income per circular 178/05), minimum 20 agreeing days per cell; minority verdicts below 3 days and 1% of conclusive days discarded as coincident empty-auction and close-print anomalies, with counts reported. No announcement window used."
gg,2012,True,interval_start,https://www.eurex.com/ex-en/find/circulars,"Pinna, F.",f262e9a95a987b05b35e17acba8ec9175334e9eff26ac7dde5254acd8b0335b8,"Semantics decided at the session boundary against product-specific Eurex trading hours (fixed income per circular 178/05), minimum 20 agreeing days per cell; minority verdicts below 3 days and 1% of conclusive days discarded as coincident empty-auction and close-print anomalies, with counts reported. No announcement window used."
hf,2000,True,interval_start,https://www.eurex.com/ex-en/find/circulars,"Pinna, F.",37fa39023995e043f10049b060921b2125658593a22bc5d5cdd42791bd7bd38c,"Semantics decided at the session boundary against product-specific Eurex trading hours (fixed income per circular 178/05), minimum 20 agreeing days per cell; minority verdicts below 3 days and 1% of conclusive days discarded as coincident empty-auction and close-print anomalies, with counts reported. No announcement window used."
hf,2003,True,interval_start,https://www.eurex.com/ex-en/find/circulars,"Pinna, F.",89dda2b072e2c8320c517dc1b3e754242dac3e80313f2cc2af5a9fdad77daa27,"Semantics decided at the session boundary against product-specific Eurex trading hours (fixed income per circular 178/05), minimum 20 agreeing days per cell; minority verdicts below 3 days and 1% of conclusive days discarded as coincident empty-auction and close-print anomalies, with counts reported. No announcement window used."
hf,2006,True,interval_start,https://www.eurex.com/ex-en/find/circulars,"Pinna, F.",c7ae336b16133c6412efae437e0455108b7b1e5791a4d86be2777d058281f810,"Semantics decided at the session boundary against product-specific Eurex trading hours (fixed income per circular 178/05), minimum 20 agreeing days per cell; minority verdicts below 3 days and 1% of conclusive days discarded as coincident empty-auction and close-print anomalies, with counts reported. No announcement window used."
hf,2009,True,interval_start,https://www.eurex.com/ex-en/find/circulars,"Pinna, F.",978abbbabab495093e75e1cf2a1d3bc6251a079c2477eedf9d1dfc58eb3d861b,"Semantics decided at the session boundary against product-specific Eurex trading hours (fixed income per circular 178/05), minimum 20 agreeing days per cell; minority verdicts below 3 days and 1% of conclusive days discarded as coincident empty-auction and close-print anomalies, with counts reported. No announcement window used."
hf,2012,True,interval_start,https://www.eurex.com/ex-en/find/circulars,"Pinna, F.",1dc1f3ae995ac0a2d39e74140bc24a25452b92213d65bd948b427bec9a209d67,"Semantics decided at the session boundary against product-specific Eurex trading hours (fixed income per circular 178/05), minimum 20 agreeing days per cell; minority verdicts below 3 days and 1% of conclusive days discarded as coincident empty-auction and close-print anomalies, with counts reported. No announcement window used."
hr,2000,True,interval_start,https://www.eurex.com/ex-en/find/circulars,"Pinna, F.",04c1b4fa649e3965289eb6753ea53a24e256226675c649c099b64537adce0f70,"Semantics decided at the session boundary against product-specific Eurex trading hours (fixed income per circular 178/05), minimum 20 agreeing days per cell; minority verdicts below 3 days and 1% of conclusive days discarded as coincident empty-auction and close-print anomalies, with counts reported. No announcement window used."
hr,2003,True,interval_start,https://www.eurex.com/ex-en/find/circulars,"Pinna, F.",aacb57c8780139841ead1bd62180194526883ffc976207069f994c0aa94961f5,"Semantics decided at the session boundary against product-specific Eurex trading hours (fixed income per circular 178/05), minimum 20 agreeing days per cell; minority verdicts below 3 days and 1% of conclusive days discarded as coincident empty-auction and close-print anomalies, with counts reported. No announcement window used."
hr,2006,True,interval_start,https://www.eurex.com/ex-en/find/circulars,"Pinna, F.",22aa6a02a524c5c5ce94d0a716659277c9e7a444121586ee8a5f9bf7dcf4179b,"Semantics decided at the session boundary against product-specific Eurex trading hours (fixed income per circular 178/05), minimum 20 agreeing days per cell; minority verdicts below 3 days and 1% of conclusive days discarded as coincident empty-auction and close-print anomalies, with counts reported. No announcement window used."
hr,2009,True,interval_start,https://www.eurex.com/ex-en/find/circulars,"Pinna, F.",a15e6cb003612c99e8ea3a6e41fd3f7acaafa0674b749b66ae007db0a3bae213,"Semantics decided at the session boundary against product-specific Eurex trading hours (fixed income per circular 178/05), minimum 20 agreeing days per cell; minority verdicts below 3 days and 1% of conclusive days discarded as coincident empty-auction and close-print anomalies, with counts reported. No announcement window used."
hr,2012,True,interval_start,https://www.eurex.com/ex-en/find/circulars,"Pinna, F.",653de5b21881dfcef33f96d3e1e203bfafa88a4ec72ba6c16c57558c91557f7d,"Semantics decided at the session boundary against product-specific Eurex trading hours (fixed income per circular 178/05), minimum 20 agreeing days per cell; minority verdicts below 3 days and 1% of conclusive days discarded as coincident empty-auction and close-print anomalies, with counts reported. No announcement window used."
fx,2009,true,interval_start,https://www.eurex.com/ex-en/trade/trading-hours,"Pinna, F.",f1bc341f4a85974e1d5ac211855b4c29b4979b6c999f566bf20f6f8e2311f9a6,
fx,2012,true,interval_start,https://www.eurex.com/ex-en/trade/trading-hours,"Pinna, F.",3dda6754bb387315b07fb2b0df842ce615d256c004196e262d90815945c5c9de,
