year,absolute_angles_radial2,degree1_absolute,degree2_quadratic,quadratic_angles_radial1,difference_deg1_minus_deg2,difference_radial1_minus_radial2_quadratic_angles,difference_radial1_minus_radial2_absolute_angles
2000,1.4768573869321269,1.3295267542362572,1.5661065946941464,1.2781978293624838,-0.23657984045788916,-0.28790876533166254,-0.14733063269586966
2001,2.2723138940505936,2.2125309208049124,2.448659015348557,2.314967361071898,-0.23612809454364436,-0.13369165427665886,-0.05978297324568116
2002,0.8695091241163914,0.810988124796343,0.942121319550158,0.9889373554408093,-0.13113319475381502,0.04681603589065131,-0.058520999320048395
2003,1.397004439370322,0.8040625555794723,0.9744424121225184,0.674260440166252,-0.1703798565430461,-0.3001819719562664,-0.5929418837908498
2004,0.6312698557675371,0.5693662189310837,0.6250349384933837,0.5514466481138022,-0.055668719562299906,-0.07358829037958148,-0.06190363683645339
2005,0.7454177116998723,0.5616457207256432,0.7549427391913799,0.5711336790909406,-0.19329701846573666,-0.1838090601004393,-0.18377199097422903
2006,1.8450091514083182,1.6309335090393393,1.8276935492465842,1.5813475672705666,-0.1967600402072449,-0.24634598197601765,-0.2140756423689789
2007,1.1288317656015616,0.9855160999527514,1.1448054979488562,1.0381494687805384,-0.15928939799610486,-0.10665602916831785,-0.14331566564881026
2008,2.3644433805473613,1.4719047913448884,4.953595723683858,1.9273306251072804,-3.481690932338969,-3.0262650985765776,-0.8925385892024729
2009,1.2546579328452454,1.14038107819419,1.1784437428760857,1.0437853094618006,-0.038062664681895564,-0.13465843341428507,-0.1142768546510553
2010,1.1776394773657906,1.1165644339521803,1.167030097390666,1.0810334684451524,-0.050465663438485686,-0.08599662894551363,-0.06107504341361025
2011,5.539251787978221,1.6946873661627053,3.3270516054090056,1.297157674389285,-1.6323642392463003,-2.0298939310197204,-3.844564421815515
2012,0.5390737614158152,0.4543775923831842,0.5749776283204988,0.48671237903372344,-0.12060003593731461,-0.08826524928677537,-0.084696169032631
