sample,measure,angular_basis,n_events,exponent_hat,lr_interval_low,lr_interval_high,lr_at_exponent_1,lr_at_exponent_2,exponent_cv,bootstrap_q025,bootstrap_q975,bootstrap_share_below_1_5,bootstrap_reps,lr_log_radius_vs_best_power,cv_mse_best_power,cv_mse_log_radius,cv_mse_exponent_1,cv_mse_exponent_2,mean_elasticity_log_radius,mean_elasticity_se_cr1,p_normal_elasticity_equals_0,p_normal_elasticity_equals_1,lr_interval_on_grid_edge
H_2000_2012,BV5_frozen,quadratic_angles,160,0.7,0.45,1.1,2.171425126356854,18.776750842647537,0.55,0.3,1.3,0.990990990990991,999,-2.1235601323698376,1.0666430859511105,1.060703679883318,1.1329690383181004,1.6451161016844749,0.5640816328340226,0.09200278855379292,8.725363309643546e-10,2.157318788746866e-06,False
H_2000_2012,BV5_frozen,absolute_angles,160,0.75,0.55,1.15,1.6439759736435606,18.752590021827658,0.6,0.5,1.2024999999999977,0.995995995995996,999,-7.023968544913083,1.0699608252144837,1.0404037659504675,1.1331675208168188,1.664070787009843,0.6729771356539631,0.10352649137846481,8.003715214863457e-11,0.001584024034025782,False
H_2000_2012,BV,quadratic_angles,170,0.7,0.45,1.0,3.1337499899879093,24.93602092851177,0.55,0.3,1.1,0.998998998998999,999,3.3939786516832817,0.6692686670364887,0.682979073797083,0.7070575067112348,0.8840413121199343,0.5661691394178889,0.07066754379528249,1.1310780561159826e-15,8.302179166619643e-10,False
H_2000_2012,BV,absolute_angles,170,0.75,0.55,1.05,2.04863220782864,24.49746976182754,0.6,0.55,1.15,0.998998998998999,999,-0.4303280002555427,0.7012041751731625,0.680967580357194,0.7406936153034416,0.9300780862835781,0.6657776433924127,0.07899674258044664,3.5188566971323963e-17,2.3282314586471935e-05,False
H_2000_2012,BV_excl5,quadratic_angles,170,0.7,0.45,1.1,2.105204089758523,18.476555374279474,0.65,0.25,1.2,0.996996996996997,999,0.28026601633802734,0.7563267358291325,0.7744188143155395,0.7760726210535367,0.9254476396037062,0.48065241751962146,0.07359831582808937,6.543986925700462e-11,1.7073083867321967e-12,False
H_2000_2012,BV_excl5,absolute_angles,170,0.8,0.55,1.2,1.0950559887683533,17.38185569214398,0.7,0.5,1.2524999999999977,0.996996996996997,999,-2.8394814402235986,0.77610368273759,0.7663724686720241,0.7964322904407174,0.9699593605834596,0.5710556473531001,0.08217135981532092,3.6640032631428215e-12,1.7880730648952791e-07,False
H_2000_2012,VOL,quadratic_angles,170,0.6,0.4,0.9,4.940027703198073,26.26228905230941,0.45,0.2,1.0,1.0,999,-4.347552732551811,0.3346286170858984,0.33080265897469885,0.37362372003844385,0.529312441089025,0.3562264153892891,0.05003895074328809,1.087267009585338e-12,7.043117010982695e-38,False
H_2000_2012,VOL,absolute_angles,170,0.75,0.5,1.0,2.899122617756922,24.08756025420238,0.55,0.55,1.1,0.997997997997998,999,-9.372360213742319,0.34361607657886406,0.32927182594139104,0.3770272215940519,0.5295521745684065,0.4337393050048104,0.0586142072515321,1.3628651715367892e-13,4.42354197811448e-22,False
G_2013_2025,BV5_frozen,quadratic_angles,111,0.3,0.05,0.7,8.996474932622982,31.01544570131844,0.55,0.05,0.7,1.0,999,5.917799955930139,1.2626300420375511,1.3131514124618655,1.3182742454346834,2.7963133932357596,0.94822283568651,0.10603451416771222,3.801653685361419e-19,0.6253339481764799,True
G_2013_2025,BV5_frozen,absolute_angles,111,0.55,0.35,0.85,6.014502111552105,27.49613775564489,0.65,0.4,0.8,0.996996996996997,999,-5.533085419209124,1.332611967793759,1.2790543659745006,1.3708093240697166,2.938108917110657,1.0538032853589945,0.10138154893429041,2.628573111295372e-25,0.5956260205923984,False
G_2013_2025,BV,quadratic_angles,111,0.4,0.05,0.8,6.999710072908089,27.603596477625285,0.45,0.05,0.8,0.998998998998999,999,12.821351486944785,0.9650843174185227,1.007388120039551,1.0019518485060106,2.3076886435201827,0.7535320987099237,0.08961411140600287,4.148198399479603e-17,0.005953624309833474,True
G_2013_2025,BV,absolute_angles,111,0.55,0.35,0.9,4.989792127806055,25.921194891233696,0.95,0.3,0.85,1.0,999,5.331747420948668,0.9886652454974367,1.0114535650633028,0.9886798422555785,1.7606385612353963,0.8378509588384189,0.08703684542536058,6.186240688535093e-22,0.0624632391368474,False
G_2013_2025,BV_excl5,quadratic_angles,111,0.35,0.05,0.8,5.788646109891082,16.310360912697455,0.2,0.05,1.5,0.9719719719719719,999,11.733502788739262,0.8010765483806023,0.85153922647214,0.8750058036946514,1.4323452048246028,0.541771259262056,0.09117928041801726,2.818675347264812e-09,5.01914062023827e-07,True
G_2013_2025,BV_excl5,absolute_angles,111,0.45,0.25,1.0,3.664724512221355,16.111683157508597,1.15,0.2,1.2024999999999977,0.985985985985986,999,2.876476339807039,0.8354124992107489,0.8350386899808752,0.8442546660285285,1.3618888915511094,0.6316470160102852,0.0857060063209573,1.7072140531272698e-13,1.7244987459474743e-05,False
G_2013_2025,VOL,quadratic_angles,111,0.35,0.05,0.7,9.532369241065517,36.68874011970187,0.4,0.05,0.7,1.0,999,11.034379391127395,0.2725100809952962,0.2930166263593516,0.29989114826285357,1.1530982819501892,0.4721688964855174,0.05117066955509626,2.774494774139565e-20,6.021209431320076e-25,True
G_2013_2025,VOL,absolute_angles,111,0.55,0.4,0.85,7.092693629923995,35.95546757834475,0.7,0.35,0.75,1.0,999,1.030887434035067,0.28191699215802407,0.28396811387973836,0.29762967404067575,0.8026478152249223,0.5282638466015809,0.04771177981616621,1.715683739368895e-28,4.730503364621348e-23,False
