angular_basis,exponent,sse,lr,cv_mse,sample,measure
quadratic_angles,0.05,176.95341809116417,22.369230165018344,1.2291649880278377,H_2000_2012,BV5_frozen
quadratic_angles,0.1,173.64899537758714,19.353145450305473,1.195720886237928,H_2000_2012,BV5_frozen
quadratic_angles,0.15,170.4341947242275,16.36326923960332,1.1664399122150093,H_2000_2012,BV5_frozen
quadratic_angles,0.2,167.41758442131356,13.50597793466688,1.1414093670513075,H_2000_2012,BV5_frozen
quadratic_angles,0.25,164.67345968973933,10.861703370515869,1.1205054103089271,H_2000_2012,BV5_frozen
quadratic_angles,0.3,162.24536478931526,8.484952331463898,1.1034882531480383,H_2000_2012,BV5_frozen
quadratic_angles,0.35,160.15216134293905,6.407285908073279,1.0900689173317597,H_2000_2012,BV5_frozen
quadratic_angles,0.4,158.3945410948993,4.641628995518239,1.0799496124724177,H_2000_2012,BV5_frozen
quadratic_angles,0.45,156.96082355915192,3.1867852736042086,1.0728447453511418,H_2000_2012,BV5_frozen
quadratic_angles,0.5,155.8315881074442,2.0315241452234334,1.0684897270184657,H_2000_2012,BV5_frozen
quadratic_angles,0.55,154.983109969718,1.157969322360308,1.0666430859511105,H_2000_2012,BV5_frozen
quadratic_angles,0.6,154.38976571679353,0.54424262341875,1.0670855284947922,H_2000_2012,BV5_frozen
quadratic_angles,0.65,154.0256329118496,0.16643220201168232,1.0696180965358846,H_2000_2012,BV5_frozen
quadratic_angles,0.7,153.8654985544455,0.0,1.07406054070748,H_2000_2012,BV5_frozen
quadratic_angles,0.75,153.88545374133238,0.02074943965277173,1.0802503648900765,H_2000_2012,BV5_frozen
quadratic_angles,0.8,154.06320971542286,0.20546177900161028,1.088042590481433,H_2000_2012,BV5_frozen
quadratic_angles,0.85,154.37823286493563,0.532290242947978,1.0973100508528293,H_2000_2012,BV5_frozen
quadratic_angles,0.9,154.81176632827191,0.9809813375721471,1.1079439060634502,H_2000_2012,BV5_frozen
quadratic_angles,0.95,155.34678361950324,1.5329754806764146,1.119854038712958,H_2000_2012,BV5_frozen
quadratic_angles,1.0,155.96790389515948,2.171425126356854,1.1329690383181004,H_2000_2012,BV5_frozen
quadratic_angles,1.05,156.6612876590874,2.881157852140866,1.147235587066191,H_2000_2012,BV5_frozen
quadratic_angles,1.1,157.4145245050963,3.6486039384318425,1.1626171992421919,H_2000_2012,BV5_frozen
quadratic_angles,1.15,158.21651984171888,4.461702220842266,1.17909240746778,H_2000_2012,BV5_frozen
quadratic_angles,1.2,159.0573846101709,5.309793892198478,1.1966525983285767,H_2000_2012,BV5_frozen
quadratic_angles,1.25,159.92833020431914,6.183511020426917,1.2152997548737023,H_2000_2012,BV5_frozen
quadratic_angles,1.3,160.82156971906602,7.074664482093336,1.2350443573833756,H_2000_2012,BV5_frozen
quadratic_angles,1.35,161.73022601470825,7.976134533218001,1.2559036373955321,H_2000_2012,BV5_frozen
quadratic_angles,1.4,162.64824671032687,8.88176616910809,1.2779002952598075,H_2000_2012,BV5_frozen
quadratic_angles,1.45,163.57032599757866,9.786270640703625,1.3010617029591018,H_2000_2012,BV5_frozen
quadratic_angles,1.5,164.4918330313117,10.685133914742295,1.3254195409744973,H_2000_2012,BV5_frozen
quadratic_angles,1.55,165.40874656837934,11.574532435182078,1.3510097708931321,H_2000_2012,BV5_frozen
quadratic_angles,1.6,166.31759547175153,12.451256227991198,1.377872825665081,H_2000_2012,BV5_frozen
quadratic_angles,1.65,167.21540466428596,13.312639165832483,1.4060539020746985,H_2000_2012,BV5_frozen
quadratic_angles,1.7,168.09964610091725,14.156496054974166,1.4356032574776603,H_2000_2012,BV5_frozen
quadratic_angles,1.75,168.96819432701665,14.981066109311374,1.4665764375367942,H_2000_2012,BV5_frozen
quadratic_angles,1.8,169.81928620205463,15.784962323307735,1.4990343875453833,H_2000_2012,BV5_frozen
quadratic_angles,1.85,170.6514843890085,16.56712623622949,1.5330434230622114,H_2000_2012,BV5_frozen
quadratic_angles,1.9,171.46364423842903,17.326787584943297,1.5686750540458168,H_2000_2012,BV5_frozen
quadratic_angles,1.95,172.25488372888842,18.063428363931926,1.6060056699481178,H_2000_2012,BV5_frozen
quadratic_angles,2.0,173.0245561600185,18.776750842647537,1.6451161016844749,H_2000_2012,BV5_frozen
quadratic_angles,2.05,173.7722253282991,19.466649126912902,1.68609108085984,H_2000_2012,BV5_frozen
quadratic_angles,2.1,174.49764294749318,20.13318388916456,1.7290186180634914,H_2000_2012,BV5_frozen
quadratic_angles,2.15,175.2007281040593,20.776559929438175,1.7739893213736908,H_2000_2012,BV5_frozen
quadratic_angles,2.2,175.88154856246098,21.397106263618166,1.8210956742351674,H_2000_2012,BV5_frozen
quadratic_angles,2.25,176.54030375593007,21.995258466829426,1.870431289222549,H_2000_2012,BV5_frozen
quadratic_angles,2.3,177.17730931515732,22.571543027695782,1.9220901513554192,H_2000_2012,BV5_frozen
quadratic_angles,2.35,177.79298300102272,23.12656349363565,1.9761658619159848,H_2000_2012,BV5_frozen
quadratic_angles,2.4,178.38783191838837,23.660988208716542,2.032750891346345,H_2000_2012,BV5_frozen
quadratic_angles,2.45,178.96244089675,24.17553946427126,2.091935847881931,H_2000_2012,BV5_frozen
quadratic_angles,2.5,179.51746193073433,24.670983898921683,2.1538087671476713,H_2000_2012,BV5_frozen
quadratic_angles,2.55,180.05360457953898,25.148123999286412,2.218454426991251,H_2000_2012,BV5_frozen
quadratic_angles,2.6,180.57162722986084,25.607790565839753,2.285953691300926,H_2000_2012,BV5_frozen
quadratic_angles,2.65,181.07232913197947,26.050836020455783,2.3563828863827365,H_2000_2012,BV5_frozen
quadratic_angles,2.7,181.5565431237137,26.478128443372782,2.4298132135698935,H_2000_2012,BV5_frozen
quadratic_angles,2.75,182.02512896212912,26.890546237852316,2.5063102020196393,H_2000_2012,BV5_frozen
quadratic_angles,2.8,182.47896718826684,27.2889733308366,2.585933206037324,H_2000_2012,BV5_frozen
quadratic_angles,2.85,182.91895345585624,27.67429482754423,2.668734951677316,H_2000_2012,BV5_frozen
quadratic_angles,2.9,183.34599326099743,28.047393047267125,2.7547611377407817,H_2000_2012,BV5_frozen
quadratic_angles,2.95,183.76099701614936,28.409143876691903,2.844050096562386,H_2000_2012,BV5_frozen
quadratic_angles,3.0,184.16487541840786,28.760413385896697,2.93663252011009,H_2000_2012,BV5_frozen
absolute_angles,0.05,211.998311429747,52.90430036645845,1.4548585902104223,H_2000_2012,BV5_frozen
absolute_angles,0.1,199.65253257392067,43.3043337762153,1.3856747278670456,H_2000_2012,BV5_frozen
absolute_angles,0.15,188.44411817674472,34.06001203917129,1.3070710430374588,H_2000_2012,BV5_frozen
absolute_angles,0.2,179.64034497785923,26.404853792995443,1.2403611133063062,H_2000_2012,BV5_frozen
absolute_angles,0.25,172.8851866855521,20.272204960707654,1.1887361719464429,H_2000_2012,BV5_frozen
absolute_angles,0.3,167.66285556359543,15.364594966461663,1.1499564849880233,H_2000_2012,BV5_frozen
absolute_angles,0.35,163.58971677159371,11.429621420459794,1.121299064641872,H_2000_2012,BV5_frozen
absolute_angles,0.4,160.405194621802,8.284263669571239,1.1005771062364713,H_2000_2012,BV5_frozen
absolute_angles,0.45,157.9287973587256,5.794855908749423,1.0861585432766465,H_2000_2012,BV5_frozen
absolute_angles,0.5,156.02938229893434,3.8588648301528,1.0768279251612893,H_2000_2012,BV5_frozen
absolute_angles,0.55,154.60704866553166,2.3936473021980103,1.071665228673866,H_2000_2012,BV5_frozen
absolute_angles,0.6,153.58281713788438,1.3301623148999087,1.0699608252144837,H_2000_2012,BV5_frozen
absolute_angles,0.65,152.89260058479624,0.6094856875635597,1.071158566759444,H_2000_2012,BV5_frozen
absolute_angles,0.7,152.48348787788524,0.18078105258921012,1.0748177530007879,H_2000_2012,BV5_frozen
absolute_angles,0.75,152.31129688991012,0.0,1.0805873246724713,H_2000_2012,BV5_frozen
absolute_angles,0.8,152.33885468798317,0.028946302379156828,1.0881878761672272,H_2000_2012,BV5_frozen
absolute_angles,0.85,152.53472045690157,0.2345300583580951,1.0973986142690881,H_2000_2012,BV5_frozen
absolute_angles,0.9,152.872197164025,0.5881323640137224,1.1080474164750251,H_2000_2012,BV5_frozen
absolute_angles,0.95,153.32854448537412,1.0650458102857014,1.1200028514694313,H_2000_2012,BV5_frozen
absolute_angles,1.0,153.88434014613404,1.6439759736435606,1.1331675208168188,H_2000_2012,BV5_frozen
absolute_angles,1.05,154.52295552978143,2.306597181735242,1.147472414477879,H_2000_2012,BV5_frozen
absolute_angles,1.1,155.23012202106207,3.0371586733404143,1.162872170843752,H_2000_2012,BV5_frozen
absolute_angles,1.15,155.99357092714962,3.822137919831185,1.1793412204422469,H_2000_2012,BV5_frozen
absolute_angles,1.2,156.80273388797787,4.6499377405552895,1.196870802403788,H_2000_2012,BV5_frozen
absolute_angles,1.25,157.64849342185138,5.510623532057704,1.2154668081582078,H_2000_2012,BV5_frozen
absolute_angles,1.3,158.52297518084606,6.395696678242345,1.2351483582602951,H_2000_2012,BV5_frozen
absolute_angles,1.35,159.419374910913,7.297900092111008,1.2559469776166199,H_2000_2012,BV5_frozen
absolute_angles,1.4,160.33181420495796,8.211051869393632,1.2779062129777445,H_2000_2012,BV5_frozen
absolute_angles,1.45,161.25522001789687,9.129903193603505,1.3010815363899013,H_2000_2012,BV5_frozen
absolute_angles,1.5,162.18522365365,10.050016894346088,1.3255403953944709,H_2000_2012,BV5_frozen
absolute_angles,1.55,163.11807558007453,10.96766339661158,1.3513622986058178,H_2000_2012,BV5_frozen
absolute_angles,1.6,164.0505730043651,11.87973117908247,1.378638857416206,H_2000_2012,BV5_frozen
absolute_angles,1.65,164.97999766083834,12.783649257316235,1.407473735937406,H_2000_2012,BV5_frozen
absolute_angles,1.7,165.9040617296202,13.677319600049767,1.437982488700638,H_2000_2012,BV5_frozen
absolute_angles,1.75,166.82086021887926,14.55905775575992,1.47029228754786,H_2000_2012,BV5_frozen
absolute_angles,1.8,167.72882850398025,15.427540299331557,1.504541555202739,H_2000_2012,BV5_frozen
absolute_angles,1.85,168.62670402396196,16.281757997794813,1.5408795335950534,H_2000_2012,BV5_frozen
absolute_angles,1.9,169.51349139028014,17.120973836793908,1.579465820896952,H_2000_2012,BV5_frozen
absolute_angles,1.95,170.388430367757,17.944685246620597,1.620469913327759,H_2000_2012,BV5_frozen
absolute_angles,2.0,171.2509663476375,18.752590021827658,1.664070787009843,H_2000_2012,BV5_frozen
absolute_angles,2.05,172.10072305311797,19.544555546770333,1.7104565523610102,H_2000_2012,BV5_frozen
absolute_angles,2.1,172.937477304788,20.320591026820072,1.7598242094224088,H_2000_2012,BV5_frozen
absolute_angles,2.15,173.76113573323488,21.080822487404646,1.8123795277726655,H_2000_2012,BV5_frozen
absolute_angles,2.2,174.5717133644013,21.82547034602148,1.8683370697645383,H_2000_2012,BV5_frozen
absolute_angles,2.25,175.36931402532957,22.554829390815488,1.9279203711244064,H_2000_2012,BV5_frozen
absolute_angles,2.3,176.15411252811003,23.269251017282,1.9913622887506812,H_2000_2012,BV5_frozen
absolute_angles,2.35,176.9263385918009,23.969127585399015,2.0589055220092893,H_2000_2012,BV5_frozen
absolute_angles,2.4,177.68626245868228,24.654878765501532,2.130803311044897,H_2000_2012,BV5_frozen
absolute_angles,2.45,178.43418215463066,25.326939744332805,2.2073203136296575,H_2000_2012,BV5_frozen
absolute_angles,2.5,179.1704123352595,25.98575116424623,2.288733660829851,H_2000_2012,BV5_frozen
absolute_angles,2.55,179.89527465089566,26.631750669380274,2.375334191224428,H_2000_2012,BV5_frozen
absolute_angles,2.6,180.609089555217,27.265365933374134,2.467427863476668,H_2000_2012,BV5_frozen
absolute_angles,2.65,181.3121694749505,27.887009044189483,2.565337347651246,H_2000_2012,BV5_frozen
absolute_angles,2.7,182.00481325171376,28.497072123068655,2.669403796695913,H_2000_2012,BV5_frozen
absolute_angles,2.75,182.6873017620296,29.09592405669896,2.779988800888157,H_2000_2012,BV5_frozen
absolute_angles,2.8,183.35989461781975,29.683908224321776,2.8974765297126956,H_2000_2012,BV5_frozen
absolute_angles,2.85,184.02282784729138,30.26134110482976,3.0222760675281632,H_2000_2012,BV5_frozen
absolute_angles,2.9,184.6763124550417,30.828511652832773,3.1548239514562373,H_2000_2012,BV5_frozen
absolute_angles,2.95,185.32053376036757,31.385681337214283,3.2955869221511755,H_2000_2012,BV5_frozen
absolute_angles,3.0,185.95565141410611,31.93308474081214,3.4450649004615164,H_2000_2012,BV5_frozen
quadratic_angles,0.05,126.49293061096515,24.89867956955661,0.7717982319395076,H_2000_2012,BV
quadratic_angles,0.1,123.80552622980119,21.24802740681498,0.7490668802746285,H_2000_2012,BV
quadratic_angles,0.15,121.2859205773344,17.752613292973862,0.7297123388193364,H_2000_2012,BV
quadratic_angles,0.2,118.98561819105365,14.49743495724402,0.7135807630126897,H_2000_2012,BV
quadratic_angles,0.25,116.93499650012313,11.542080950018846,0.7004324965837453,H_2000_2012,BV
quadratic_angles,0.3,115.147400538737,8.923206557069172,0.6899921604020292,H_2000_2012,BV
quadratic_angles,0.35,113.62364100929156,6.658558470266054,0.6819807549009463,H_2000_2012,BV
quadratic_angles,0.4,112.35600694852934,4.751306621315876,0.6761334111697471,H_2000_2012,BV
quadratic_angles,0.45,111.3314396441082,3.193975957728126,0.6722073885804583,H_2000_2012,BV
quadratic_angles,0.5,110.53384393644335,1.9716859966038403,0.6699842053312934,H_2000_2012,BV
quadratic_angles,0.55,109.94566871375528,1.06466271943606,0.6692686670364887,H_2000_2012,BV
quadratic_angles,0.6,109.54893297647817,0.450113220117548,0.6698865591914268,H_2000_2012,BV
quadratic_angles,0.65,109.3258615906096,0.10359411724174791,0.6716820265281961,H_2000_2012,BV
quadratic_angles,0.7,109.25926120197093,0.0,0.6745151594112446,H_2000_2012,BV
quadratic_angles,0.75,109.33273068945385,0.11427512265503924,0.6782599917102421,H_2000_2012,BV
quadratic_angles,0.8,109.5307700511157,0.4219253298107273,0.6828029343848581,H_2000_2012,BV
quadratic_angles,0.85,109.83882881311055,0.899384597051306,0.6880415814001549,H_2000_2012,BV
quadratic_angles,0.9,110.24331927243577,1.5242735860847292,0.6938837955764707,H_2000_2012,BV
quadratic_angles,0.95,110.73160957436212,2.2755758887259345,0.7002469859111518,H_2000_2012,BV
quadratic_angles,1.0,111.29200519626426,3.1337499899879093,0.7070575067112348,H_2000_2012,BV
quadratic_angles,1.05,111.9137235664376,4.080790165465616,0.7142501309328316,H_2000_2012,BV
quadratic_angles,1.1,112.58686434598366,5.100246519880247,0.7217675689765953,H_2000_2012,BV
quadratic_angles,1.15,113.30237670345994,6.177212443665829,0.7295600172608686,H_2000_2012,BV
quadratic_angles,1.2,114.05202430182487,7.298286440935791,0.7375847282991408,H_2000_2012,BV
quadratic_angles,1.25,114.82834843772594,8.45151428333295,0.7458055973869618,H_2000_2012,BV
quadratic_angles,1.3,115.62462966915274,9.626316615484514,0.75419276239984,H_2000_2012,BV
quadratic_angles,1.35,116.43484824817341,10.813406402537534,0.7627222141804713,H_2000_2012,BV
quadratic_angles,1.4,117.25364368972853,12.004699936304979,0.7713754162072525,H_2000_2012,BV
quadratic_angles,1.45,118.07627382784835,13.19322449435848,0.780138933528614,H_2000_2012,BV
quadratic_angles,1.5,118.89857372373982,14.373025176294211,0.7890040717800392,H_2000_2012,BV
quadratic_angles,1.55,119.71691479056285,15.539072926613835,0.7979665270297798,H_2000_2012,BV
quadratic_angles,1.6,120.52816448647224,16.687175296955353,0.8070260461639285,H_2000_2012,BV
quadratic_angles,1.65,121.32964690210389,17.813891102708233,0.8161860958585874,H_2000_2012,BV
quadratic_angles,1.7,122.11910453371128,18.916449789241316,0.8254535364544423,H_2000_2012,BV
quadratic_angles,1.75,122.89466149155444,19.992676038194492,0.8348382957908511,H_2000_2012,BV
quadratic_angles,1.8,123.65478834779555,21.040919910373393,0.8443530376236854,H_2000_2012,BV
quadratic_angles,1.85,124.39826878163764,22.059992633777902,0.8540128197326329,H_2000_2012,BV
quadratic_angles,1.9,125.12416813390473,23.049107997827722,0.8638347380762051,H_2000_2012,BV
quadratic_angles,1.95,125.83180394036683,24.007829202490186,0.8738375550901034,H_2000_2012,BV
quadratic_angles,2.0,126.52071847406236,24.93602092851177,0.8840413121199343,H_2000_2012,BV
quadratic_angles,2.05,127.19065329242076,25.83380633737143,0.8944669277470064,H_2000_2012,BV
quadratic_angles,2.1,127.84152575552955,26.701528672423187,0.9051357852099423,H_2000_2012,BV
quadratic_angles,2.15,128.47340745750392,27.539717111965505,0.9160693131511598,H_2000_2012,BV
quadratic_angles,2.2,129.08650449345484,28.349056517181353,0.9272885645222824,H_2000_2012,BV
quadratic_angles,2.25,129.6811394696901,29.130360720028353,0.9388137987265428,H_2000_2012,BV
quadratic_angles,2.3,130.2577351541069,29.884549005725173,0.9506640720544722,H_2000_2012,BV
quadratic_angles,2.35,130.81679965675715,30.61262545939096,0.9628568412856464,H_2000_2012,BV
quadratic_angles,2.4,131.3589130267895,31.315660864977485,0.9754075850785516,H_2000_2012,BV
quadratic_angles,2.45,131.88471515091288,31.99477686555733,0.988329447526848,H_2000_2012,BV
quadratic_angles,2.5,132.39489483971772,32.651132116258445,1.0016329080729203,H_2000_2012,BV
quadratic_angles,2.55,132.89017999122734,33.28591018388682,1.0153254818651223,H_2000_2012,BV
quadratic_angles,2.6,133.37132872555182,33.900308969968314,1.0294114546293942,H_2000_2012,BV
quadratic_angles,2.65,133.83912139017514,34.495531456167846,1.0438916561910492,H_2000_2012,BV
quadratic_angles,2.7,134.29435334193298,35.072777592508075,1.0587632769100448,H_2000_2012,BV
quadratic_angles,2.75,134.73782841891722,35.63323716934554,1.0740197314600528,H_2000_2012,BV
quadratic_angles,2.8,135.1703530231677,36.178083533542505,1.0896505745629113,H_2000_2012,BV
quadratic_angles,2.85,135.59273074292554,36.70846802764896,1.1056414734618334,H_2000_2012,BV
quadratic_angles,2.9,136.00575745128393,37.225515048153554,1.1219742420570986,H_2000_2012,BV
quadratic_angles,2.95,136.41021682616048,37.73031763496391,1.1386269417192847,H_2000_2012,BV
quadratic_angles,3.0,136.80687624452898,38.22393351925272,1.1555740538226655,H_2000_2012,BV
absolute_angles,0.05,162.410818330773,65.95443695733931,0.9975957995969017,H_2000_2012,BV
absolute_angles,0.1,151.9387324455677,54.623651820955565,0.9263975419150495,H_2000_2012,BV
absolute_angles,0.15,142.05640341623138,43.19061161512425,0.8644600435035574,H_2000_2012,BV
absolute_angles,0.2,134.20591189111175,33.52629700271198,0.816564984798031,H_2000_2012,BV
absolute_angles,0.25,128.20125149209096,25.744722113005412,0.7808369902858359,H_2000_2012,BV
absolute_angles,0.3,123.59904606779881,19.529780619770072,0.7544829741931122,H_2000_2012,BV
absolute_angles,0.35,120.04029426414144,14.563170245540462,0.7352238247941288,H_2000_2012,BV
absolute_angles,0.4,117.27429457668032,10.600150156311212,0.7214045852405937,H_2000_2012,BV
absolute_angles,0.45,115.1283048635407,7.460524167224231,0.71184420602308,H_2000_2012,BV
absolute_angles,0.5,113.48011618563379,5.009197756521211,0.7056880613479218,H_2000_2012,BV
absolute_angles,0.55,112.23997095597161,3.1411601080828384,0.7023024448177847,H_2000_2012,BV
absolute_angles,0.6,111.33943962111027,1.7717034626226804,0.7012041751731625,H_2000_2012,BV
absolute_angles,0.65,110.72461382564966,0.830347572926724,0.7020141594337448,H_2000_2012,BV
absolute_angles,0.7,110.35186257463977,0.2570819432969095,0.7044266351581061,H_2000_2012,BV
absolute_angles,0.75,110.18510944954568,0.0,0.7081886794922975,H_2000_2012,BV
absolute_angles,0.8,110.19402771581908,0.013759063464964345,0.713086508529442,H_2000_2012,BV
absolute_angles,0.85,110.35280283458705,0.2585304327590124,0.7189363060072557,H_2000_2012,BV
absolute_angles,0.9,110.63925536505081,0.6992427176125988,0.7255780876049559,H_2000_2012,BV
absolute_angles,0.95,111.03419929757985,1.3050034720778,0.7328716041185928,H_2000_2012,BV
absolute_angles,1.0,111.52095855280072,2.04863220782864,0.7406936153034416,H_2000_2012,BV
absolute_angles,1.05,112.08499266915776,2.9062659391571386,0.7489360843360995,H_2000_2012,BV
absolute_angles,1.1,112.7135998472611,3.857014763843408,0.7575049866536614,H_2000_2012,BV
absolute_angles,1.15,113.39567615023103,4.8826544481012535,0.7663195208318382,H_2000_2012,BV
absolute_angles,1.2,114.12151640616824,5.967348406810434,0.7753115705420147,H_2000_2012,BV
absolute_angles,1.25,114.882646743359,7.097394533455257,0.7844253075739562,H_2000_2012,BV
absolute_angles,1.3,115.67168160542961,8.26099403037919,0.7936168543739187,H_2000_2012,BV
absolute_angles,1.35,116.4822000772116,9.448040303731222,0.8028539454494988,H_2000_2012,BV
absolute_angles,1.4,117.30863772816575,10.649926461320886,0.8121155432971265,H_2000_2012,BV
absolute_angles,1.45,118.14619115123261,11.85937018481338,0.821391378024019,H_2000_2012,BV
absolute_angles,1.5,118.99073306978781,13.07025485523373,0.8306813916701211,H_2000_2012,BV
absolute_angles,1.55,119.83873638817431,14.277485857996568,0.8399950789847218,H_2000_2012,BV
absolute_angles,1.6,120.6872059285084,15.476861016976393,0.8493507262512128,H_2000_2012,BV
absolute_angles,1.65,121.53361686684504,16.664954125776315,0.8587745585254832,H_2000_2012,BV
absolute_angles,1.7,122.37585908239689,17.839010567668584,0.8682998130102333,H_2000_2012,BV
absolute_angles,1.75,123.21218678348188,18.996854047239104,0.8779657618476994,H_2000_2012,BV
absolute_angles,1.8,124.04117288689244,20.136803496931964,0.8878167111007333,H_2000_2012,BV
absolute_angles,1.85,124.86166771323752,21.25759926915425,0.8979010040194564,H_2000_2012,BV
absolute_angles,1.9,125.6727616265745,22.358337777362543,0.9082700559803372,H_2000_2012,BV
absolute_angles,1.95,126.47375129743293,23.43841380545158,0.918977446039338,H_2000_2012,BV
absolute_angles,2.0,127.26410930787176,24.49746976182754,0.9300780862835781,H_2000_2012,BV
absolute_angles,2.05,128.0434568482417,25.535351211113532,0.9416274855711531,H_2000_2012,BV
absolute_angles,2.1,128.81153927987978,26.552068071216876,0.9536811192798905,H_2000_2012,BV
absolute_angles,2.15,129.56820435756697,27.547760915568272,0.9662939117498807,H_2000_2012,BV
absolute_angles,2.2,130.3133829213756,28.522671869114273,0.9795198335234971,H_2000_2012,BV
absolute_angles,2.25,131.0470718803976,29.47711963176482,0.9934116114872944,H_2000_2012,BV
absolute_angles,2.3,131.76931932144075,30.411478204335673,1.0080205467359649,H_2000_2012,BV
absolute_angles,2.35,132.4802115846212,31.326158929602475,1.0233964324623883,H_2000_2012,BV
absolute_angles,2.4,133.1798621552672,32.2215954950424,1.0395875624170636,H_2000_2012,BV
absolute_angles,2.45,133.8684022279935,33.09823157440007,1.056640819416243,H_2000_2012,BV
absolute_angles,2.5,134.54597280446265,33.956510812657775,1.074601832922824,H_2000_2012,BV
absolute_angles,2.55,135.21271819143072,34.79686888362957,1.0935151947749844,H_2000_2012,BV
absolute_angles,2.6,135.8687807703568,35.61972737156128,1.1134247225899334,H_2000_2012,BV
absolute_angles,2.65,136.51429691429774,36.42548924814504,1.1343737611246392,H_2000_2012,BV
absolute_angles,2.7,137.14939393214996,37.214535734569495,1.1564055128442712,H_2000_2012,BV
absolute_angles,2.75,137.77418792465772,37.987224354931726,1.1795633900584146,H_2000_2012,BV
absolute_angles,2.8,138.38878244109725,38.743888002823525,1.203891382175025,H_2000_2012,BV
absolute_angles,2.85,138.99326783024713,39.48483485741095,1.2294344328474553,H_2000_2012,BV
absolute_angles,2.9,139.58772118424548,40.210348999068145,1.2562388230167458,H_2000_2012,BV
absolute_angles,2.95,140.1722067792574,40.92069158777041,1.2843525570568048,H_2000_2012,BV
absolute_angles,3.0,140.74677692255892,41.616102480120645,1.313825750398266,H_2000_2012,BV
quadratic_angles,0.05,139.3295904610015,20.054812136057016,0.8778701181026952,H_2000_2012,BV_excl5
quadratic_angles,0.1,137.02517618038087,17.219619440613563,0.8545485475038705,H_2000_2012,BV_excl5
quadratic_angles,0.15,134.82794037971902,14.471530878124616,0.8340874753746269,H_2000_2012,BV_excl5
quadratic_angles,0.2,132.79507639753365,11.88884178017164,0.8164828218329473,H_2000_2012,BV_excl5
quadratic_angles,0.25,130.96335789144774,9.527611869003337,0.8016145505948427,H_2000_2012,BV_excl5
quadratic_angles,0.3,129.35225105443834,7.423307324851024,0.7892956707370142,H_2000_2012,BV_excl5
quadratic_angles,0.35,127.96790602603971,5.594139116706502,0.7793076405916443,H_2000_2012,BV_excl5
quadratic_angles,0.4,126.80702181516114,4.044915389557131,0.7714235091249589,H_2000_2012,BV_excl5
quadratic_angles,0.45,125.8600907109718,2.770677204885648,0.7654218029727774,H_2000_2012,BV_excl5
quadratic_angles,0.5,125.1138802901407,1.7597664331422243,0.7610941088845664,H_2000_2012,BV_excl5
quadratic_angles,0.55,124.5532051565509,0.9962302003350474,0.758248663405692,H_2000_2012,BV_excl5
quadratic_angles,0.6,124.16212114554625,0.4616082479742481,0.7567115746501412,H_2000_2012,BV_excl5
quadratic_angles,0.65,123.92468886053757,0.13621004744801785,0.7563267358291325,H_2000_2012,BV_excl5
quadratic_angles,0.7,123.82543575928945,0.0,0.7569550728529267,H_2000_2012,BV_excl5
quadratic_angles,0.75,123.84961770450681,0.03319616281513155,0.7584734827845743,H_2000_2012,BV_excl5
quadratic_angles,0.8,123.9833528618729,0.2166663355447014,0.7607736412271446,H_2000_2012,BV_excl5
quadratic_angles,0.85,124.21367758350755,0.5321835183842413,0.7637607583391219,H_2000_2012,BV_excl5
quadratic_angles,0.9,124.52855648443334,0.962584426786177,0.767352319383208,H_2000_2012,BV_excl5
quadratic_angles,0.95,124.91686672596464,1.4918608795959885,0.7714768339842828,H_2000_2012,BV_excl5
quadratic_angles,1.0,125.36836844088693,2.105204089758523,0.7760726210535367,H_2000_2012,BV_excl5
quadratic_angles,1.05,125.87366812888757,2.7890153178074892,0.7810866616488759,H_2000_2012,BV_excl5
quadratic_angles,1.1,126.42417876517149,3.5308920943648134,0.7864735530732474,H_2000_2012,BV_excl5
quadratic_angles,1.15,127.01207858682159,4.319596520418647,0.7921945917804057,H_2000_2012,BV_excl5
quadratic_angles,1.2,127.63026955090041,5.145010448007375,0.7982170010091707,H_2000_2012,BV_excl5
quadratic_angles,1.25,128.27233596399964,5.9980812407152895,0.8045133044710323,H_2000_2012,BV_excl5
quadratic_angles,1.3,128.9325035544348,6.870761063045802,0.8110608335471318,H_2000_2012,BV_excl5
quadratic_angles,1.35,129.6055991675858,7.755942098728558,0.8178413453333062,H_2000_2012,BV_excl5
quadratic_angles,1.4,130.28701123789426,8.647389664048507,0.8248407239900911,H_2000_2012,BV_excl5
quadratic_angles,1.45,130.97265118743502,9.539674817691147,0.8320487379894028,H_2000_2012,BV_excl5
quadratic_angles,1.5,131.65891590084294,10.428107751332355,0.8394588295630351,H_2000_2012,BV_excl5
quadratic_angles,1.55,132.34265142141768,11.30867296586074,0.847067918073924,H_2000_2012,BV_excl5
quadratic_angles,1.6,133.02111800140867,12.177966993239888,0.8548762045267104,H_2000_2012,BV_excl5
quadratic_angles,1.65,133.69195662169975,13.033139212295476,0.8628869690105605,H_2000_2012,BV_excl5
quadratic_angles,1.7,134.3531570743588,13.87183612708402,0.8711063561798251,H_2000_2012,BV_excl5
quadratic_angles,1.75,135.00302767786366,14.692149327343209,0.8795431460488514,H_2000_2012,BV_excl5
quadratic_angles,1.8,135.64016667099952,15.492567229513208,0.8882085087429084,H_2000_2012,BV_excl5
quadratic_angles,1.85,136.2634353086837,16.27193060103315,0.8971157427568344,H_2000_2012,BV_excl5
quadratic_angles,1.9,136.8719326621021,17.02939179684033,0.9062799969766714,H_2000_2012,BV_excl5
quadratic_angles,1.95,137.46497210695225,17.764377581926084,0.9157179773427875,H_2000_2012,BV_excl5
quadratic_angles,2.0,138.04205946744236,18.476555374279474,0.9254476396037062,H_2000_2012,BV_excl5
quadratic_angles,2.05,138.6028727699762,19.165802715687082,0.9354878701042219,H_2000_2012,BV_excl5
quadratic_angles,2.1,139.14724354906298,19.832179761122394,0.945858156935285,H_2000_2012,BV_excl5
quadratic_angles,2.15,139.67513963876348,20.475904568676416,0.9565782540281373,H_2000_2012,BV_excl5
quadratic_angles,2.2,140.18664937575647,21.097330969354218,0.9676678409081085,H_2000_2012,BV_excl5
quadratic_angles,2.25,140.68196713469752,21.696928798104178,0.9791461808635693,H_2000_2012,BV_excl5
quadratic_angles,2.3,141.16138011278287,22.275266272974584,0.9910317802757564,H_2000_2012,BV_excl5
quadratic_angles,2.35,141.62525627815558,22.832994317354167,1.0033420518410532,H_2000_2012,BV_excl5
quadratic_angles,2.4,142.0740333958495,23.37083263010983,1.0160929844388698,H_2000_2012,BV_excl5
quadratic_angles,2.45,142.50820904520964,23.889557319505172,1.0292988224840511,H_2000_2012,BV_excl5
quadratic_angles,2.5,142.92833154401944,24.389989928623518,1.042971757767798,H_2000_2012,BV_excl5
quadratic_angles,2.55,143.33499169677754,24.872987692293457,1.0571216370376586,H_2000_2012,BV_excl5
quadratic_angles,2.6,143.72881528757512,25.339434877966482,1.0717556888864281,H_2000_2012,BV_excl5
quadratic_angles,2.65,144.11045624172533,25.790235075445825,1.0868782738957874,H_2000_2012,BV_excl5
quadratic_angles,2.7,144.48059038457984,26.226304312676135,1.1024906623919861,H_2000_2012,BV_excl5
quadratic_angles,2.75,144.83990973074367,26.648564886879587,1.1185908445952886,H_2000_2012,BV_excl5
quadratic_angles,2.8,145.18911724208473,27.057939812109076,1.1351733783595488,H_2000_2012,BV_excl5
quadratic_angles,2.85,145.52892199844487,27.455347795729217,1.1522292800822727,H_2000_2012,BV_excl5
quadratic_angles,2.9,145.86003473072276,27.841698667406945,1.1697459647005508,H_2000_2012,BV_excl5
quadratic_angles,2.95,146.1831636719476,28.217889194868903,1.1877072409592793,H_2000_2012,BV_excl5
quadratic_angles,3.0,146.49901068802035,28.58479923093822,1.2060933683325308,H_2000_2012,BV_excl5
absolute_angles,0.05,165.76913135910894,49.16668349778415,1.0333185462656107,H_2000_2012,BV_excl5
absolute_angles,0.1,158.1311833198007,41.147599443829975,0.980251323236148,H_2000_2012,BV_excl5
absolute_angles,0.15,150.70935866510746,32.97540063192906,0.9323174275532595,H_2000_2012,BV_excl5
absolute_angles,0.2,144.6485345113354,25.997528798713162,0.8934151021907056,H_2000_2012,BV_excl5
absolute_angles,0.25,139.88430860471004,20.3040271401098,0.8627497313223867,H_2000_2012,BV_excl5
absolute_angles,0.3,136.13720312873647,15.68810381573914,0.8387799539361817,H_2000_2012,BV_excl5
absolute_angles,0.35,133.16953110947372,11.9412634897806,0.8201528576686227,H_2000_2012,BV_excl5
absolute_angles,0.4,130.81061890208179,8.902961181180348,0.8058214121757583,H_2000_2012,BV_excl5
absolute_angles,0.45,128.93971806671516,6.454004648849606,0.7949911183008366,H_2000_2012,BV_excl5
absolute_angles,0.5,127.46898617094084,4.5037809616392686,0.7870538088694146,H_2000_2012,BV_excl5
absolute_angles,0.55,126.33205456557761,2.9807007945621695,0.7815364049178076,H_2000_2012,BV_excl5
absolute_angles,0.6,125.47695664290336,1.8261177641111677,0.7780643923857704,H_2000_2012,BV_excl5
absolute_angles,0.65,124.86178004394051,0.9906079767112445,0.7763359845333699,H_2000_2012,BV_excl5
absolute_angles,0.7,124.45193120621721,0.4316787078227568,0.77610368273759,H_2000_2012,BV_excl5
absolute_angles,0.75,124.2183524119484,0.11231278981873852,0.777161012394929,H_2000_2012,BV_excl5
absolute_angles,0.8,124.13631298747504,0.0,0.7793329517512012,H_2000_2012,BV_excl5
absolute_angles,0.85,124.1845573265789,0.0660559681550081,0.7824690387655194,H_2000_2012,BV_excl5
absolute_angles,0.9,124.34468255784846,0.2851150462345978,0.786438442915546,H_2000_2012,BV_excl5
absolute_angles,0.95,124.6006693891913,0.6347321515636435,0.7911264928004601,H_2000_2012,BV_excl5
absolute_angles,1.0,124.93851870215975,1.0950559887683533,0.7964322904407174,H_2000_2012,BV_excl5
absolute_angles,1.05,125.34596350594589,1.648551572838439,0.8022671373710349,H_2000_2012,BV_excl5
absolute_angles,1.1,125.8122361327749,2.279758817836966,0.808553558912104,H_2000_2012,BV_excl5
absolute_angles,1.15,126.32787692845937,2.9750790221983014,0.815224752849159,H_2000_2012,BV_excl5
absolute_angles,1.2,126.88457476146648,3.7225840004186437,0.8222243169217602,H_2000_2012,BV_excl5
absolute_angles,1.25,127.47503235138481,4.511844305754015,0.8295061329977452,H_2000_2012,BV_excl5
absolute_angles,1.3,128.09285123360706,5.333773987229649,0.8370343082539193,H_2000_2012,BV_excl5
absolute_angles,1.35,128.73243244671374,6.18048992922201,0.8447830961051584,H_2000_2012,BV_excl5
absolute_angles,1.4,129.3888899432316,7.045184205370618,0.8527367414364737,H_2000_2012,BV_excl5
absolute_angles,1.45,130.05797440043537,7.9220081374841005,0.8608892148499065,H_2000_2012,BV_excl5
absolute_angles,1.5,130.7360056189778,8.805966937840358,0.8692438182938191,H_2000_2012,BV_excl5
absolute_angles,1.55,131.4198120901516,9.692823958635286,0.8778126591776132,H_2000_2012,BV_excl5
absolute_angles,1.6,132.10667661815924,10.579013690480087,0.8866160018307844,H_2000_2012,BV_excl5
absolute_angles,1.65,132.7942871226963,11.461562750756464,0.8956815140774983,H_2000_2012,BV_excl5
absolute_angles,1.7,133.48069193414864,12.33801818663643,0.9050434329670315,H_2000_2012,BV_excl5
absolute_angles,1.75,134.1642590396312,13.206382489268247,0.9147416775339077,H_2000_2012,BV_excl5
absolute_angles,1.8,134.84363885130597,14.065054776875044,0.9248209380766238,H_2000_2012,BV_excl5
absolute_angles,1.85,135.51773015553664,14.912777656836083,0.9353297710918276,H_2000_2012,BV_excl5
absolute_angles,1.9,136.18564896782297,15.748589321587652,0.9463197269873024,H_2000_2012,BV_excl5
absolute_angles,1.95,136.8467000684937,16.571780471628287,0.9578445343822911,H_2000_2012,BV_excl5
absolute_angles,2.0,137.50035103140038,17.38185569214398,0.9699593605834596,H_2000_2012,BV_excl5
absolute_angles,2.05,138.14620858526666,18.17849893873517,0.9827201631012403,H_2000_2012,BV_excl5
absolute_angles,2.1,138.78399716725139,18.96154281321056,0.9961831422196169,H_2000_2012,BV_excl5
absolute_angles,2.15,139.41353954255104,19.730941333048982,1.0104042999744336,H_2000_2012,BV_excl5
absolute_angles,2.2,140.03473937395938,20.4867459184064,1.0254391066807609,H_2000_2012,BV_excl5
absolute_angles,2.25,140.6475656323482,21.229084338826596,1.0413422725500858,H_2000_2012,BV_excl5
absolute_angles,2.3,141.25203874389274,21.958142378382533,1.0581676190468796,H_2000_2012,BV_excl5
absolute_angles,2.35,141.84821837317762,22.674147993029006,1.075968042478712,H_2000_2012,BV_excl5
absolute_angles,2.4,142.4361927435632,23.377357747655644,1.0947955608668571,H_2000_2012,BV_excl5
absolute_angles,2.45,143.01606939771642,24.06804533281867,1.1147014343399697,H_2000_2012,BV_excl5
absolute_angles,2.5,143.5879673022796,24.746491972536447,1.1357363490426275,H_2000_2012,BV_excl5
absolute_angles,2.55,144.15201020145923,25.412978544969988,1.1579506547535219,H_2000_2012,BV_excl5
absolute_angles,2.6,144.7083211250223,26.06777924741292,1.1813946469651646,H_2000_2012,BV_excl5
absolute_angles,2.65,145.25701795691904,26.711156645920653,1.2061188849955813,H_2000_2012,BV_excl5
absolute_angles,2.7,145.7982099716103,27.343357958249413,1.2321745387017118,H_2000_2012,BV_excl5
absolute_angles,2.75,146.33199524626906,27.964612426705454,1.2596137574778887,H_2000_2012,BV_excl5
absolute_angles,2.8,146.85845885842406,28.575129645149925,1.288490056397947,H_2000_2012,BV_excl5
absolute_angles,2.85,147.37767178039698,29.17509871189984,1.318858715557797,H_2000_2012,BV_excl5
absolute_angles,2.9,147.88969038410642,29.764688087714223,1.350777189868817,H_2000_2012,BV_excl5
absolute_angles,2.95,148.39455647252345,30.34404604555803,1.3843055277235536,H_2000_2012,BV_excl5
absolute_angles,3.0,148.8922977572777,30.913301606441237,1.4195067980928033,H_2000_2012,BV_excl5
quadratic_angles,0.05,60.832741938590125,20.83340060513327,0.379410062449853,H_2000_2012,VOL
quadratic_angles,0.1,59.661843738657026,17.529368998363292,0.3686018580305554,H_2000_2012,VOL
quadratic_angles,0.15,58.55555311303731,14.34752095136634,0.35933419089704627,H_2000_2012,VOL
quadratic_angles,0.2,57.545429853733765,11.389315382499445,0.35163979226124364,H_2000_2012,VOL
quadratic_angles,0.25,56.65163778740829,8.728165544969611,0.34548795649701103,H_2000_2012,VOL
quadratic_angles,0.3,55.884622454890376,6.410785788618984,0.3408085433629805,H_2000_2012,VOL
quadratic_angles,0.35,55.24727773508369,4.460854399206422,0.3375089980275205,H_2000_2012,VOL
quadratic_angles,0.4,54.73706230826394,2.883589040729122,0.3354853036790842,H_2000_2012,VOL
quadratic_angles,0.45,54.347800512904364,1.6703173844437407,0.3346286170858984,H_2000_2012,VOL
quadratic_angles,0.5,54.071087832380286,0.8025487041042034,0.3348291941220325,H_2000_2012,VOL
quadratic_angles,0.55,53.897322463102896,0.25534905188612933,0.3359787790162884,H_2000_2012,VOL
quadratic_angles,0.6,53.81642658509314,0.0,0.337972214782703,H_2000_2012,VOL
quadratic_angles,0.65,53.818329360878984,0.006010547072534304,0.34070871609715836,H_2000_2012,VOL
quadratic_angles,0.7,53.89327623641783,0.24258618489991626,0.3440930257321205,H_2000_2012,VOL
quadratic_angles,0.75,54.0320163022654,0.6796630485640776,0.3480365286186475,H_2000_2012,VOL
quadratic_angles,0.8,54.22590652735112,1.2886045956834413,0.35245830437896813,H_2000_2012,VOL
quadratic_angles,0.85,54.4669607139017,2.0426426469093966,0.35728604723777135,H_2000_2012,VOL
quadratic_angles,0.9,54.74786254197679,2.917128630579535,0.3624567636877395,H_2000_2012,VOL
quadratic_angles,0.95,55.06195586694746,3.8896466010040993,0.3679171672574991,H_2000_2012,VOL
quadratic_angles,1.0,55.40322105858862,4.940027703198073,0.37362372003844385,H_2000_2012,VOL
quadratic_angles,1.05,55.76624316688796,6.050296214456271,0.3795423142822117,H_2000_2012,VOL
quadratic_angles,1.1,56.1461756777181,7.204569808862677,0.38564763433972143,H_2000_2012,VOL
quadratic_angles,1.15,56.538702280969275,8.388930899081393,0.3919222788251017,H_2000_2012,VOL
quadratic_angles,1.2,56.93999819574843,9.591281465384204,0.39835574654138417,H_2000_2012,VOL
quadratic_angles,1.25,57.34669202789861,10.801190391237576,0.40494339335078056,H_2000_2012,VOL
quadratic_angles,1.3,57.75582876877105,12.009739750519218,0.41168545233836823,H_2000_2012,VOL
quadratic_angles,1.35,58.16483430970969,13.209374546368263,0.41858618234752704,H_2000_2012,VOL
quadratic_angles,1.4,58.571481696789945,14.393758940043138,0.42565317827345367,H_2000_2012,VOL
quadratic_angles,1.45,58.97385925395672,15.557640917085255,0.43289684762053393,H_2000_2012,VOL
quadratic_angles,1.5,59.37034063974744,16.69672653043536,0.4403300363869174,H_2000_2012,VOL
quadratic_angles,1.55,59.75955686045843,17.807564268723524,0.4479677748980341,H_2000_2012,VOL
quadratic_angles,1.6,60.14037023292731,18.88743967105886,0.4558271099057506,H_2000_2012,VOL
quadratic_angles,1.65,60.51185026819884,19.93428000752982,0.4639269909215782,H_2000_2012,VOL
quadratic_angles,1.7,60.873251430367176,20.94656863681001,0.4722881838967442,H_2000_2012,VOL
quadratic_angles,1.75,61.22399271124892,21.923268515374286,0.4809331919105911,H_2000_2012,VOL
quadratic_angles,1.8,61.56363895040079,22.863754248992272,0.4898861690334606,H_2000_2012,VOL
quadratic_angles,1.85,61.891883820942,23.767752032684136,0.4991728191682323,H_2000_2012,VOL
quadratic_angles,1.9,62.208534394482015,24.635286809724267,0.5088202761022033,H_2000_2012,VOL
quadratic_angles,1.95,62.513497193089535,25.466635985537785,0.5188569641819005,H_2000_2012,VOL
quadratic_angles,2.0,62.80676563258558,26.26228905230941,0.529312441089025,H_2000_2012,VOL
quadratic_angles,2.05,63.08840875940194,27.02291251011133,0.5402172253496895,H_2000_2012,VOL
quadratic_angles,2.1,63.35856118268818,27.749319506773922,0.5516026116713361,H_2000_2012,VOL
quadratic_angles,2.15,63.61741410411392,28.44244365885021,0.5635004771791329,H_2000_2012,VOL
quadratic_angles,2.2,63.86520734972186,29.1033165578247,0.5759430812963205,H_2000_2012,VOL
quadratic_angles,2.25,64.10222231104663,29.733048507683076,0.5889628615284707,H_2000_2012,VOL
quadratic_angles,2.3,64.32877570633984,30.332812081008772,0.6025922268845554,H_2000_2012,VOL
quadratic_angles,2.35,64.545214076949,30.903828120155495,0.6168633501801245,H_2000_2012,VOL
quadratic_angles,2.4,64.75190893852692,31.447353847271813,0.631807960073816,H_2000_2012,VOL
quadratic_angles,2.45,64.94925251165405,31.96467278173878,0.6474571334164566,H_2000_2012,VOL
quadratic_angles,2.5,65.1376539615219,32.4570861958008,0.6638410883516243,H_2000_2012,VOL
quadratic_angles,2.55,65.31753608145358,32.92590586880899,0.680988978591805,H_2000_2012,VOL
quadratic_angles,2.6,65.48933236015439,33.37244792763675,0.6989286893888976,H_2000_2012,VOL
quadratic_angles,2.65,65.65348437763967,33.798027585610036,0.717686635899918,H_2000_2012,VOL
quadratic_angles,2.7,65.81043947973846,34.20395461489089,0.7372875648923696,H_2000_2012,VOL
quadratic_angles,2.75,65.96064868590469,34.59152940787925,0.7577543610137318,H_2000_2012,VOL
quadratic_angles,2.8,66.10456478976562,34.962039502051965,0.7791078591409359,H_2000_2012,VOL
quadratic_angles,2.85,66.24264061640352,35.31675645996148,0.8013666646067671,H_2000_2012,VOL
quadratic_angles,2.9,66.3753274047993,35.65693301206193,0.8245469833515566,H_2000_2012,VOL
quadratic_angles,2.95,66.5030732881753,35.98380038480552,0.8486624642543836,H_2000_2012,VOL
quadratic_angles,3.0,66.62632184916049,36.298565750211324,0.8737240560453056,H_2000_2012,VOL
absolute_angles,0.05,76.29669352314698,59.467500743877096,0.476855233793746,H_2000_2012,VOL
absolute_angles,0.1,71.82128131885887,49.1912093676577,0.4487146224638871,H_2000_2012,VOL
absolute_angles,0.15,67.52336803254919,38.701002657761535,0.4205873074373908,H_2000_2012,VOL
absolute_angles,0.2,64.07323945401052,29.78502362243915,0.3974937057571315,H_2000_2012,VOL
absolute_angles,0.25,61.41393590876066,22.5787207421541,0.37980562688740754,H_2000_2012,VOL
absolute_angles,0.3,59.36807582230903,16.819096810804545,0.3666756163450119,H_2000_2012,VOL
absolute_angles,0.35,57.788431238817694,12.23453107209516,0.35720083068423164,H_2000_2012,VOL
absolute_angles,0.4,56.570165275732165,8.612362644672155,0.35065460431198947,H_2000_2012,VOL
absolute_angles,0.45,55.63922699770123,5.791508966454267,0.346480009378508,H_2000_2012,VOL
absolute_angles,0.5,54.94160429525413,3.6465181677242584,0.34424699603135367,H_2000_2012,VOL
absolute_angles,0.55,54.43628842875455,2.075738070635394,0.34361607657886406,H_2000_2012,VOL
absolute_angles,0.6,54.091001885715535,0.9940025881762208,0.3443130916976126,H_2000_2012,VOL
absolute_angles,0.65,53.879612988562755,0.3283370554974165,0.34611249165570634,H_2000_2012,VOL
absolute_angles,0.7,53.78052845957414,0.01541948995420509,0.3488262893655063,H_2000_2012,VOL
absolute_angles,0.75,53.775650631862746,0.0,0.35229662622053465,H_2000_2012,VOL
absolute_angles,0.8,53.84966659702374,0.23382446407673116,0.3563905924743778,H_2000_2012,VOL
absolute_angles,0.85,53.98953875118456,0.6748195449438038,0.36099643677734544,H_2000_2012,VOL
absolute_angles,0.9,54.184122676428295,1.2864157973651846,0.36602063361463,H_2000_2012,VOL
absolute_angles,0.95,54.423869448616365,2.0369502041869727,0.371385502744252,H_2000_2012,VOL
absolute_angles,1.0,54.70058678434517,2.899122617756922,0.3770272215940519,H_2000_2012,VOL
absolute_angles,1.05,55.00724320082069,3.8494964712916087,0.38289415840519525,H_2000_2012,VOL
absolute_angles,1.1,55.33780496144305,4.868040907082709,0.38894549541361084,H_2000_2012,VOL
absolute_angles,1.15,55.68709886517381,5.937713701208221,0.3951501219572244,H_2000_2012,VOL
absolute_angles,1.2,56.050695922793665,7.0440845237361085,0.4014857709730597,H_2000_2012,VOL
absolute_angles,1.25,56.42481220892552,8.174997453107553,0.40793836048627075,H_2000_2012,VOL
absolute_angles,1.3,56.80622399837098,9.320270897779826,0.414501492193371,H_2000_2012,VOL
absolute_angles,1.35,57.19219486484289,10.47143244333318,0.42117605582104833,H_2000_2012,VOL
absolute_angles,1.4,57.580412838804335,11.62148572856671,0.42796989103267963,H_2000_2012,VOL
absolute_angles,1.45,57.968936044913974,12.7647062588267,0.43489746672848806,H_2000_2012,VOL
absolute_angles,1.5,58.35614550027486,13.896463050354743,0.44197954840524456,H_2000_2012,VOL
absolute_angles,1.55,58.74070397040804,15.013063116885457,0.4492428357138997,H_2000_2012,VOL
absolute_angles,1.6,59.1215199611961,16.111616012911256,0.45671956293201704,H_2000_2012,VOL
absolute_angles,1.65,59.49771607844232,17.18991589893211,0.4644470638282007,H_2000_2012,VOL
absolute_angles,1.7,59.868601116484214,18.246338863968717,0.4724673089390753,H_2000_2012,VOL
absolute_angles,1.75,60.23364534668188,19.27975350961762,0.4808264275812377,H_2000_2012,VOL
absolute_angles,1.8,60.59245856820041,20.289443055097447,0.48957422919069854,H_2000_2012,VOL
absolute_angles,1.85,60.94477055963885,21.275037456685894,0.4987637391559054,H_2000_2012,VOL
absolute_angles,1.9,61.290413632842245,22.2364542442214,0.5084507635730359,H_2000_2012,VOL
absolute_angles,1.95,61.629307041616244,23.173846961184797,0.5186934956895765,H_2000_2012,VOL
absolute_angles,2.0,61.961443039820935,24.08756025420238,0.5295521745684065,H_2000_2012,VOL
absolute_angles,2.05,62.28687441704933,24.978090794522455,0.5410888040041972,H_2000_2012,VOL
absolute_angles,2.1,62.605703367200576,25.84605333046729,0.5533669372021117,H_2000_2012,VOL
absolute_angles,2.15,62.918071566953394,26.69215126853188,0.5664515303701193,H_2000_2012,VOL
absolute_angles,2.2,63.224151358460226,27.517151264088643,0.5804088663066563,H_2000_2012,VOL
absolute_angles,2.25,63.52413794437243,28.321861372768762,0.5953065473595465,H_2000_2012,VOL
absolute_angles,2.3,63.81824251427523,29.107112372485805,0.6112135558208291,H_2000_2012,VOL
absolute_angles,2.35,64.1066862303227,29.873741915444235,0.6282003789027997,H_2000_2012,VOL
absolute_angles,2.4,64.3896950067749,30.62258121080518,0.6463391948853394,H_2000_2012,VOL
absolute_angles,2.45,64.66749502361417,31.354443973209982,0.6657041167905106,H_2000_2012,VOL
absolute_angles,2.5,64.94030891874473,32.07011740116103,0.686371489975634,H_2000_2012,VOL
absolute_angles,2.55,65.20835260669648,32.770354973248885,0.7084202402870239,H_2000_2012,VOL
absolute_angles,2.6,65.47183267445004,33.455870870195135,0.7319322698321968,H_2000_2012,VOL
absolute_angles,2.65,65.73094430713903,34.12733584734522,0.7569928979627409,H_2000_2012,VOL
absolute_angles,2.7,65.98586969810418,34.78537439621784,0.783691345674793,H_2000_2012,VOL
absolute_angles,2.75,66.2367768991933,35.430563045533695,0.8121212622991413,H_2000_2012,VOL
absolute_angles,2.8,66.48381906842673,36.06342966229524,0.8423812940448412,H_2000_2012,VOL
absolute_angles,2.85,66.72713407327382,36.68445362238572,0.8745756946641001,H_2000_2012,VOL
absolute_angles,2.9,66.96684440889395,37.29406672817025,0.9088149792115403,H_2000_2012,VOL
absolute_angles,2.95,67.20305739185493,37.89265475802026,0.945216622573094,H_2000_2012,VOL
absolute_angles,3.0,67.43586559110884,38.48055953979378,0.9839058051369268,H_2000_2012,VOL
quadratic_angles,0.05,119.02684080876584,1.0509329178269398,1.3232463248498916,G_2013_2025,BV5_frozen
quadratic_angles,0.1,118.66550014013603,0.7134475368910018,1.3149181117642395,G_2013_2025,BV5_frozen
quadratic_angles,0.15,118.36357127741054,0.43066263047805303,1.3062602086570012,G_2013_2025,BV5_frozen
quadratic_angles,0.2,118.13002857986433,0.2114326143586913,1.297589230915978,G_2013_2025,BV5_frozen
quadratic_angles,0.25,117.97414483306603,0.06486088579773382,1.289236187338941,G_2013_2025,BV5_frozen
quadratic_angles,0.3,117.90522886602002,0.0,1.2815335021168326,G_2013_2025,BV5_frozen
quadratic_angles,0.35,117.93224332185535,0.025429416140011558,1.2748013336264306,G_2013_2025,BV5_frozen
quadratic_angles,0.4,118.06328526949751,0.14870003715597388,1.2693320454508386,G_2013_2025,BV5_frozen
quadratic_angles,0.45,118.30498626916669,0.3757086804028487,1.2653724657309788,G_2013_2025,BV5_frozen
quadratic_angles,0.5,118.66193751182237,0.7101149955990572,1.263104950259485,G_2013_2025,BV5_frozen
quadratic_angles,0.55,119.1362507965387,1.1529177334863137,1.2626300420375511,G_2013_2025,BV5_frozen
quadratic_angles,0.6,119.72733181359578,1.702270013110476,1.2639548725804,G_2013_2025,BV5_frozen
quadratic_angles,0.65,120.43188975520393,2.3535559006385585,1.2669914615314917,G_2013_2025,BV5_frozen
quadratic_angles,0.7,121.24416033013192,3.0996982948479284,1.2715674582875454,G_2013_2025,BV5_frozen
quadratic_angles,0.75,122.15629185266391,3.9316365434895646,1.2774491787961701,G_2013_2025,BV5_frozen
quadratic_angles,0.8,123.15883742672911,4.838903686684048,1.2843740238643309,G_2013_2025,BV5_frozen
quadratic_angles,0.85,124.24130302905925,5.810240634020373,1.2920875053454177,G_2013_2025,BV5_frozen
quadratic_angles,0.9,125.39271222042099,6.8341982581331395,1.300379814876668,G_2013_2025,BV5_frozen
quadratic_angles,0.95,126.60215665868797,7.899691091880348,1.3091182520227596,G_2013_2025,BV5_frozen
quadratic_angles,1.0,127.85930507604867,8.996474932622982,1.3182742454346834,G_2013_2025,BV5_frozen
quadratic_angles,1.05,129.15484284787917,10.115525473825015,1.3279459157429783,G_2013_2025,BV5_frozen
quadratic_angles,1.1,130.48081254037749,11.24929822368959,1.3383779780160205,G_2013_2025,BV5_frozen
quadratic_angles,1.15,131.83082619585704,12.391853998690152,1.349979951631335,G_2013_2025,BV5_frozen
quadratic_angles,1.2,133.2001254326753,13.53884129786982,1.3633418585091719,G_2013_2025,BV5_frozen
quadratic_angles,1.25,134.58547734359573,14.68733794886975,1.3792450084865029,G_2013_2025,BV5_frozen
quadratic_angles,1.3,135.9849125314881,15.835569217699895,1.3986648893215377,G_2013_2025,BV5_frozen
quadratic_angles,1.35,137.39733407080294,16.982536058233542,1.4227636817320866,G_2013_2025,BV5_frozen
quadratic_angles,1.4,138.82204819108352,18.127601755605887,1.4528710923757022,G_2013_2025,BV5_frozen
quadratic_angles,1.45,140.25828319430528,19.270093539214113,1.490453524357084,G_2013_2025,BV5_frozen
quadratic_angles,1.5,141.70476716791885,20.408974179010443,1.5370727010415035,G_2013_2025,BV5_frozen
quadratic_angles,1.55,143.15942474979406,21.542625930814566,1.5943355069909606,G_2013_2025,BV5_frozen
quadratic_angles,1.6,144.61923010572454,22.668767718264917,1.6638369511666762,G_2013_2025,BV5_frozen
quadratic_angles,1.65,146.08022314445566,23.78450144875442,1.7470979152600326,G_2013_2025,BV5_frozen
quadratic_angles,1.7,147.537666799731,24.886461376607077,1.8454990164561225,G_2013_2025,BV5_frozen
quadratic_angles,1.75,148.9863021897289,25.97102670276099,1.96021183588293,G_2013_2025,BV5_frozen
quadratic_angles,1.8,150.42064959813288,27.034554315472228,2.0921291723051185,G_2013_2025,BV5_frozen
quadratic_angles,1.85,151.83530632929768,28.073594510890423,2.241796878669703,G_2013_2025,BV5_frozen
quadratic_angles,1.9,153.22520412486435,29.08506415418977,2.4093510124557396,G_2013_2025,BV5_frozen
quadratic_angles,1.95,154.5858041745722,30.066364920383144,2.594465145346005,G_2013_2025,BV5_frozen
quadratic_angles,2.0,155.91322247810993,31.01544570131844,2.7963133932357596,G_2013_2025,BV5_frozen
quadratic_angles,2.05,157.20428965798567,31.930816215996803,3.013554777399624,G_2013_2025,BV5_frozen
quadratic_angles,2.1,158.45655628645113,32.811523004686244,3.244343758519736,G_2013_2025,BV5_frozen
quadratic_angles,2.15,159.66825771014337,33.65709997659979,3.4863701721460214,G_2013_2025,BV5_frozen
quadratic_angles,2.2,160.8382522754854,34.467504567979326,3.736929443508286,G_2013_2025,BV5_frozen
quadratic_angles,2.25,161.96594497454305,35.243048379825865,3.9930211042214427,G_2013_2025,BV5_frozen
quadratic_angles,2.3,163.05120586544214,35.98432868633359,4.251470613193426,G_2013_2025,BV5_frozen
quadratic_angles,2.35,164.0942898841773,36.692164923970616,4.509066706744152,G_2013_2025,BV5_frozen
quadratic_angles,2.4,165.0957622609173,37.367542421202245,4.7627043846885515,G_2013_2025,BV5_frozen
quadratic_angles,2.45,166.0564318532167,38.011564268425296,5.009522531963532,G_2013_2025,BV5_frozen
quadratic_angles,2.5,166.97729332820595,38.625411314514125,5.247025296830036,G_2013_2025,BV5_frozen
quadratic_angles,2.55,167.85947820204635,39.21030972412361,5.473177729238155,G_2013_2025,BV5_frozen
quadratic_angles,2.6,168.70421418251058,39.76750524370505,5.6864686583975885,G_2013_2025,BV5_frozen
quadratic_angles,2.65,169.5127919625883,40.298243219328235,5.885937014201537,G_2013_2025,BV5_frozen
quadratic_angles,2.7,170.28653849560393,40.80375341848037,6.071161319028494,G_2013_2025,BV5_frozen
quadratic_angles,2.75,171.02679577955593,41.285238781666266,6.242215415304912,G_2013_2025,BV5_frozen
quadratic_angles,2.8,171.734904242077,41.74386733412352,6.399596232365279,G_2013_2025,BV5_frozen
quadratic_angles,2.85,172.41218991445885,42.18076660172525,6.544131245514827,G_2013_2025,BV5_frozen
quadratic_angles,2.9,173.05995469212525,42.597019985419784,6.676874117455338,G_2013_2025,BV5_frozen
quadratic_angles,2.95,173.67946908681643,42.99366464863218,6.798996877230537,G_2013_2025,BV5_frozen
quadratic_angles,3.0,174.2719669754205,43.37169055906065,6.911686055279443,G_2013_2025,BV5_frozen
absolute_angles,0.05,190.9449511759074,46.78122352788142,2.117849061217964,G_2013_2025,BV5_frozen
absolute_angles,0.1,171.77096418545568,35.03484978223456,1.8755786425152425,G_2013_2025,BV5_frozen
absolute_angles,0.15,155.47671840308058,23.97192529858827,1.6897031567216838,G_2013_2025,BV5_frozen
absolute_angles,0.2,144.4783071578399,15.82822973246686,1.567978926923107,G_2013_2025,BV5_frozen
absolute_angles,0.25,137.28790207704728,10.161771088288196,1.4877532104107596,G_2013_2025,BV5_frozen
absolute_angles,0.3,132.5730198887963,6.282697522286152,1.4338172922975554,G_2013_2025,BV5_frozen
absolute_angles,0.35,129.47498930161325,3.658007345403319,1.3970767039243943,G_2013_2025,BV5_frozen
absolute_angles,0.4,127.46748087088856,1.9234714390467067,1.371994670311572,G_2013_2025,BV5_frozen
absolute_angles,0.45,126.22501907479133,0.8362153155357513,1.3550764138976656,G_2013_2025,BV5_frozen
absolute_angles,0.5,125.54057615937965,0.23269082916461278,1.34402608047651,G_2013_2025,BV5_frozen
absolute_angles,0.55,125.27767937345011,0.0,1.3372777018858268,G_2013_2025,BV5_frozen
absolute_angles,0.6,125.34281405625362,0.05769639868654934,1.3337325160248867,G_2013_2025,BV5_frozen
absolute_angles,0.65,125.66934219986636,0.3464843596045902,1.332611967793759,G_2013_2025,BV5_frozen
absolute_angles,0.7,126.2079844907319,0.8212343993578993,1.3333771833209793,G_2013_2025,BV5_frozen
absolute_angles,0.75,126.92110248529144,1.4466568488665936,1.3356874705831354,G_2013_2025,BV5_frozen
absolute_angles,0.8,127.77920869458573,2.194595861404263,1.339381678141721,G_2013_2025,BV5_frozen
absolute_angles,0.85,128.75878179219248,3.0422920805001437,1.34447202893281,G_2013_2025,BV5_frozen
absolute_angles,0.9,129.84082992841218,3.9712033288697137,1.35114300387672,G_2013_2025,BV5_frozen
absolute_angles,0.95,131.00986423538862,4.966130156725777,1.3597494624808606,G_2013_2025,BV5_frozen
absolute_angles,1.0,132.25308695211086,6.014502111552105,1.3708093240697166,G_2013_2025,BV5_frozen
absolute_angles,1.05,133.55969699187276,7.105757997743336,1.3849872874648348,G_2013_2025,BV5_frozen
absolute_angles,1.1,134.92028287223627,8.230805203791906,1.4030674486957027,G_2013_2025,BV5_frozen
absolute_angles,1.15,136.32631229340555,9.381571085394672,1.425914289560126,G_2013_2025,BV5_frozen
absolute_angles,1.2,137.76974152415963,10.550665813325823,1.4544232553652447,G_2013_2025,BV5_frozen
absolute_angles,1.25,139.2427613971264,11.731166659273196,1.4894638981151869,G_2013_2025,BV5_frozen
absolute_angles,1.3,140.73767890559313,12.916516751337593,1.5318201997045082,G_2013_2025,BV5_frozen
absolute_angles,1.35,142.24691394188477,14.100515326820881,1.5821340129546504,G_2013_2025,BV5_frozen
absolute_angles,1.4,143.76307716693213,15.277367182893833,1.6408582764614539,G_2013_2025,BV5_frozen
absolute_angles,1.45,145.279090647161,16.441758113696157,1.7082264454234302,G_2013_2025,BV5_frozen
absolute_angles,1.5,146.78831693694903,17.58892897160247,1.784243215830306,G_2013_2025,BV5_frozen
absolute_angles,1.55,148.28467150105047,18.714730294914617,1.8686991473525423,G_2013_2025,BV5_frozen
absolute_angles,1.6,149.76270409505238,19.8156489827893,1.9612085889067954,G_2013_2025,BV5_frozen
absolute_angles,1.65,151.21764419069302,20.888806147342077,2.0612670259818673,G_2013_2025,BV5_frozen
absolute_angles,1.7,152.64541234946256,21.931930203071744,2.1683213266897403,G_2013_2025,BV5_frozen
absolute_angles,1.75,154.04260338748307,22.94331160838096,2.2818449396612626,G_2013_2025,BV5_frozen
absolute_angles,1.8,155.4064487215543,23.921746095549448,2.4014101384122624,G_2013_2025,BV5_frozen
absolute_angles,1.85,156.7347651902262,24.866472466114125,2.526750777796421,G_2013_2025,BV5_frozen
absolute_angles,1.9,158.02589662494242,25.777109724549703,2.6578112889565038,G_2013_2025,BV5_frozen
absolute_angles,1.95,159.27865305705964,26.65359691409525,2.7947802123187913,G_2013_2025,BV5_frozen
absolute_angles,2.0,160.49225104398596,27.49613775564489,2.938108917110657,G_2013_2025,BV5_frozen
absolute_angles,2.05,161.66625737362352,28.305151182600277,3.0885179124865965,G_2013_2025,BV5_frozen
absolute_angles,2.1,162.800537435827,29.081228129825487,3.2469941670089386,G_2013_2025,BV5_frozen
absolute_angles,2.15,163.89520883681013,29.825094443614873,3.4147831575704193,G_2013_2025,BV5_frozen
absolute_angles,2.2,164.95060034517692,30.53757948295452,3.593379126532623,G_2013_2025,BV5_frozen
absolute_angles,2.25,165.96721595085347,31.219589829196675,3.784516445279662,G_2013_2025,BV5_frozen
absolute_angles,2.3,166.94570364450206,31.87208746662848,3.9901642601359515,G_2013_2025,BV5_frozen
absolute_angles,2.35,167.88682844479078,32.496071804589434,4.212525883264035,G_2013_2025,BV5_frozen
absolute_angles,2.4,168.79144918206234,33.092564956373764,4.454043780866042,G_2013_2025,BV5_frozen
absolute_angles,2.45,169.6604985654776,33.66259975277225,4.7174105470529675,G_2013_2025,BV5_frozen
absolute_angles,2.5,170.4949660995971,34.20721003673011,5.005585939987137,G_2013_2025,BV5_frozen
absolute_angles,2.55,171.29588346419632,34.72742285287574,5.321819880495857,G_2013_2025,BV5_frozen
absolute_angles,2.6,172.06431202065303,35.2242522075273,5.669681245006071,G_2013_2025,BV5_frozen
absolute_angles,2.65,172.8013321552944,35.69869412933673,6.053092295227058,G_2013_2025,BV5_frozen
absolute_angles,2.7,173.50803421246093,36.151722807463955,6.47636865043194,G_2013_2025,BV5_frozen
absolute_angles,2.75,174.18551080690008,36.58428762339613,6.944264803699872,G_2013_2025,BV5_frozen
absolute_angles,2.8,174.83485033641,36.997310924958846,7.462025295934613,G_2013_2025,BV5_frozen
absolute_angles,2.85,175.45713154182877,37.39168641761078,8.035441780824256,G_2013_2025,BV5_frozen
absolute_angles,2.9,176.05341898315163,37.76827806970283,8.67091633414446,G_2013_2025,BV5_frozen
absolute_angles,2.95,176.62475931844435,38.12791944588358,9.37553147893789,G_2013_2025,BV5_frozen
absolute_angles,3.0,177.1721782869864,38.47141339701611,10.157127513212503,G_2013_2025,BV5_frozen
quadratic_angles,0.05,89.44420017122366,2.967020094980069,0.9991627856685207,G_2013_2025,BV
quadratic_angles,0.1,88.88363451010555,2.2691706151817423,0.9935971731755651,G_2013_2025,BV
quadratic_angles,0.15,88.38528028299069,1.6450627166741327,0.9878762138923457,G_2013_2025,BV
quadratic_angles,0.2,87.95678496419004,1.1056216714328724,0.9822489845166429,G_2013_2025,BV
quadratic_angles,0.25,87.60580409921157,0.6618035650464086,0.9769995569668696,G_2013_2025,BV
quadratic_angles,0.3,87.33957222442402,0.3239637028542977,0.9724195103724413,G_2013_2025,BV
quadratic_angles,0.35,87.16437713928981,0.10108438058707832,0.9687771168935205,G_2013_2025,BV
quadratic_angles,0.4,87.08503528025919,0.0,0.9662869711287067,G_2013_2025,BV
quadratic_angles,0.45,87.10446630335632,0.02476433485506229,0.9650843174185227,G_2013_2025,BV
quadratic_angles,0.5,87.22343431748459,0.17626563294024625,0.9652081774179508,G_2013_2025,BV
quadratic_angles,0.55,87.44047813973566,0.4521311661394766,0.9665963692376033,G_2013_2025,BV
quadratic_angles,0.6,87.75201235234915,0.846900758742847,0.9690937587981904,G_2013_2025,BV
quadratic_angles,0.65,88.15255750655321,1.3524088191091101,0.9724730389054664,G_2013_2025,BV
quadratic_angles,0.7,88.63505420990994,1.9583027110124853,0.9764654677438622,G_2013_2025,BV
quadratic_angles,0.75,89.19122630981597,2.652635452015455,0.9807975662559228,G_2013_2025,BV
quadratic_angles,0.8,89.8119736011668,3.4224901314492313,0.9852288700229521,G_2013_2025,BV
quadratic_angles,0.85,90.48778627294537,4.2546105727929655,0.9895856953069302,G_2013_2025,BV
quadratic_angles,0.9,91.20917729943442,5.136021281200362,0.9937869542925436,G_2013_2025,BV
quadratic_angles,0.95,91.9671248258707,6.0546188794402065,0.9978605240592338,G_2013_2025,BV
quadratic_angles,1.0,92.75350675159557,6.999710072908089,1.0019518485060106,G_2013_2025,BV
quadratic_angles,1.05,93.56149794654377,7.962462214490539,1.0063288196554334,G_2013_2025,BV
quadratic_angles,1.1,94.38589081700911,8.936226160739398,1.0113871834039625,G_2013_2025,BV
quadratic_angles,1.15,95.22329579063913,9.916690853347548,1.0176586323803638,G_2013_2025,BV
quadratic_angles,1.2,96.07218241440023,10.901837335965276,1.0258206449516225,G_2013_2025,BV
quadratic_angles,1.25,96.93273558176372,11.891677756286715,1.0367046631197172,G_2013_2025,BV
quadratic_angles,1.3,97.8065244665657,12.887791401750572,1.051298318763544,G_2013_2025,BV
quadratic_angles,1.35,98.6960110517536,13.892701440707597,1.070738022712189,G_2013_2025,BV
quadratic_angles,1.4,99.60395501033425,14.909166402084832,1.0962896531446058,G_2013_2025,BV
quadratic_angles,1.45,100.53279459960338,15.939481272845642,1.129316679012295,G_2013_2025,BV
quadratic_angles,1.5,101.48409193820402,16.984886802144825,1.1712364701296407,G_2013_2025,BV
quadratic_angles,1.55,102.45812143033483,18.045168476178706,1.223466603927,G_2013_2025,BV
quadratic_angles,1.6,103.45365337327019,19.118491328034853,1.2873635674618145,G_2013_2025,BV
quadratic_angles,1.65,104.46794763868297,20.201472182490914,1.3641563516880144,G_2013_2025,BV
quadratic_angles,1.7,105.49693473623756,21.28944919039768,1.4548772064150208,G_2013_2025,BV
quadratic_angles,1.75,106.53553308110568,22.376880181503612,1.560291592407758,G_2013_2025,BV
quadratic_angles,1.8,107.57803762138518,23.45779175593107,1.6808294484058401,G_2013_2025,BV
quadratic_angles,1.85,108.61851663951653,24.526208994030295,1.8165204173335106,G_2013_2025,BV
quadratic_angles,1.9,109.65116667680545,25.576515272228466,1.9669365357552306,G_2013_2025,BV
quadratic_angles,1.95,110.67059424053537,26.60371536938082,2.1311467994488584,G_2013_2025,BV
quadratic_angles,2.0,111.67201166364899,27.603596477625285,2.3076886435201827,G_2013_2025,BV
quadratic_angles,2.05,112.65134944725519,28.572797225041757,2.494561439361479,G_2013_2025,BV
quadratic_angles,2.1,113.60529707042025,29.50880343965125,2.6892464416161155,G_2013_2025,BV
quadratic_angles,2.15,114.53128879195012,30.40989210254015,2.8887561680936176,G_2013_2025,BV
quadratic_angles,2.2,115.42745156962016,31.275043579215737,3.089714039126158,G_2013_2025,BV
quadratic_angles,2.25,116.2925303435026,32.103838655252304,3.2884624312945503,G_2013_2025,BV
quadratic_angles,2.3,117.12580286712208,32.89635260874037,3.4811944071585788,G_2013_2025,BV
quadratic_angles,2.35,117.92699295859144,33.653054474417395,3.664101635158438,G_2013_2025,BV
quadratic_angles,2.4,118.69618804273401,34.37471627208403,3.8335288074305707,G_2013_2025,BV
quadratic_angles,2.45,119.43376442181973,35.06233443223376,3.9861235582379275,G_2013_2025,BV
quadratic_angles,2.5,120.14032190231431,35.71706390590817,4.118970739364444,G_2013_2025,BV
quadratic_angles,2.55,120.81662816019944,36.34016435382505,4.2297010177378,G_2013_2025,BV
quadratic_angles,2.6,121.46357244144288,36.932957208660824,4.316566029785275,G_2013_2025,BV
quadratic_angles,2.65,122.08212775165597,37.4967921440376,4.378475477501053,G_2013_2025,BV
quadratic_angles,2.7,122.67332048640552,38.03302144272465,4.414995166299102,G_2013_2025,BV
quadratic_angles,2.75,123.23820640770249,38.542980844333286,4.426308586381308,G_2013_2025,BV
quadratic_angles,2.8,123.77785192062362,39.02797560650719,4.413147775060356,G_2013_2025,BV
quadratic_angles,2.85,124.2933197031025,39.48927069234071,4.376701517493533,G_2013_2025,BV
quadratic_angles,2.9,124.78565786263893,39.92808417564837,4.3185102507895605,G_2013_2025,BV
quadratic_angles,2.95,125.25589191794198,40.345583121077276,4.240357302334003,G_2013_2025,BV
quadratic_angles,3.0,125.70501902092609,40.74288134148609,4.144165436923172,G_2013_2025,BV
absolute_angles,0.05,128.36440567662598,38.67019235956309,1.516449453507167,G_2013_2025,BV
absolute_angles,0.1,117.09194972043821,28.467780841712184,1.3662712110692576,G_2013_2025,BV
absolute_angles,0.15,107.5973630674176,19.08124559828388,1.2399056129465966,G_2013_2025,BV
absolute_angles,0.2,101.22868808478896,12.308697721095138,1.1572299340916588,G_2013_2025,BV
absolute_angles,0.25,97.1246710323477,7.714765790253967,1.1049336065870277,G_2013_2025,BV
absolute_angles,0.3,94.47997439933388,4.650330992272392,1.0714429716550529,G_2013_2025,BV
absolute_angles,0.35,92.77495278776638,2.6288874738930543,1.0495810813541442,G_2013_2025,BV
absolute_angles,0.4,91.69441893505389,1.328502176451426,1.0350540207342958,G_2013_2025,BV
absolute_angles,0.45,91.04595455698691,0.5407195237151486,1.0252187423419932,G_2013_2025,BV
absolute_angles,0.5,90.70861992190206,0.12868931653651836,1.018370182168295,G_2013_2025,BV
absolute_angles,0.55,90.60351662317127,0.0,1.01335804330695,G_2013_2025,BV
absolute_angles,0.6,90.67712932804042,0.09014763431270309,1.0093866144787644,G_2013_2025,BV
absolute_angles,0.65,90.8918278557196,0.3526544862467329,1.0059130603043607,G_2013_2025,BV
absolute_angles,0.7,91.2203843859909,0.7531747367028491,1.0025978621292457,G_2013_2025,BV
absolute_angles,0.75,91.64276422695485,1.2659543326172311,0.9992820328697232,G_2013_2025,BV
absolute_angles,0.8,92.14420188119213,1.8716525375440254,0.9959769585218445,G_2013_2025,BV
absolute_angles,0.85,92.713979130234,2.5559119474302237,0.9928586430045828,G_2013_2025,BV
absolute_angles,0.9,93.34455047180838,3.3082954801612945,0.9902611216722333,G_2013_2025,BV
absolute_angles,0.95,94.03080487268502,4.121364829118665,0.9886652454974367,G_2013_2025,BV
absolute_angles,1.0,94.76935612261336,4.989792127806055,0.9886798422555785,G_2013_2025,BV
absolute_angles,1.05,95.55783396583928,5.909487745149169,0.9910130543579198,G_2013_2025,BV
absolute_angles,1.1,96.3942057990406,6.876790422574902,0.9964327728153258,G_2013_2025,BV
absolute_angles,1.15,97.27618943479773,7.887795333818751,1.0057166054060032,G_2013_2025,BV
absolute_angles,1.2,98.2008190764648,8.937889730716133,1.019593617006516,G_2013_2025,BV
absolute_angles,1.25,99.16420414148764,10.021532513880262,1.038681943805374,G_2013_2025,BV
absolute_angles,1.3,100.16148542378926,11.132268879924208,1.0634280383673684,G_2013_2025,BV
absolute_angles,1.35,101.18695894401552,12.262931153545024,1.0940544240284302,G_2013_2025,BV
absolute_angles,1.4,102.23431511932998,13.4059538123054,1.1305230662970625,G_2013_2025,BV
absolute_angles,1.45,103.29693369277501,14.553727820313137,1.172520502893742,G_2013_2025,BV
absolute_angles,1.5,104.36818124593081,15.698932523463956,1.2194686117027336,G_2013_2025,BV
absolute_angles,1.55,105.44167266790676,16.834804699369858,1.2705615663760328,G_2013_2025,BV
absolute_angles,1.6,106.5114747984965,17.955326346056783,1.3248257148839444,G_2013_2025,BV
absolute_angles,1.65,107.57224527618129,19.05533046220719,1.3811956277788495,G_2013_2025,BV
absolute_angles,1.7,108.61931025410429,20.130535467589823,1.4385972008796946,G_2013_2025,BV
absolute_angles,1.75,109.64869078089768,21.1775243534761,1.4960279937863072,G_2013_2025,BV
absolute_angles,1.8,110.65709005008708,22.193685619702983,1.552626037070199,G_2013_2025,BV
absolute_angles,1.85,111.64185357212223,23.177131282563657,1.6077207962618165,G_2013_2025,BV
absolute_angles,1.9,112.60091273295927,24.126604192645367,1.660863183485285,G_2013_2025,BV
absolute_angles,1.95,113.53272002576418,25.041383596677004,1.7118347194399408,G_2013_2025,BV
absolute_angles,2.0,114.43618202925656,25.921194891233696,1.7606385612353963,G_2013_2025,BV
absolute_angles,2.05,115.31059425527489,26.766127101512442,1.807476776792552,G_2013_2025,BV
absolute_angles,2.1,116.1555804185527,27.576559821655973,1.8527188983450686,G_2013_2025,BV
absolute_angles,2.15,116.97103750414692,28.353100111013855,1.896866581494802,G_2013_2025,BV
absolute_angles,2.2,117.75708717741338,29.09652904613772,1.9405184074633683,G_2013_2025,BV
absolute_angles,2.25,118.51403353150425,29.807757168412227,1.9843377909555473,G_2013_2025,BV
absolute_angles,2.3,119.24232683012144,30.487787842427792,2.0290258429469983,G_2013_2025,BV
absolute_angles,2.35,119.94253271878874,31.137687470855596,2.075300055309746,G_2013_2025,BV
absolute_angles,2.4,120.61530629779051,31.758561538206568,2.1238789092586154,G_2013_2025,BV
absolute_angles,2.45,121.26137043732486,32.35153553638356,2.175471983288666,G_2013_2025,BV
absolute_angles,2.5,121.88149774362252,32.917739931083375,2.2307748268056624,G_2013_2025,BV
absolute_angles,2.55,122.4764956352097,33.4582984418059,2.2904677295689813,G_2013_2025,BV
absolute_angles,2.6,123.04719404877721,33.97431901867628,2.355217505113866,G_2013_2025,BV
absolute_angles,2.65,123.59443535640884,34.466887000596735,2.42568147330615,G_2013_2025,BV
absolute_angles,2.7,124.11906613555225,34.9370600287396,2.502512936642885,G_2013_2025,BV
absolute_angles,2.75,124.62193048757499,35.38586436638831,2.586367570319138,G_2013_2025,BV
absolute_angles,2.8,125.10386464894154,35.814292341105876,2.6779102698970183,G_2013_2025,BV
absolute_angles,2.85,125.5656926807441,36.2233006792369,2.7778221123572497,G_2013_2025,BV
absolute_angles,2.9,126.00822305782845,36.61380954718754,2.886807181363626,G_2013_2025,BV
absolute_angles,2.95,126.43224600862888,36.986702150161236,3.005599084232002,G_2013_2025,BV
absolute_angles,3.0,126.83853148175484,37.34282476839124,3.1349670470212345,G_2013_2025,BV
quadratic_angles,0.05,71.35086071365296,1.0503864309259703,0.8023264776871971,G_2013_2025,BV_excl5
quadratic_angles,0.1,71.15096758387,0.7389777672747853,0.801694762116797,G_2013_2025,BV_excl5
quadratic_angles,0.15,70.97935970206068,0.47093526711401074,0.8012327174306481,G_2013_2025,BV_excl5
quadratic_angles,0.2,70.84084556111848,0.2541103865560283,0.8010765483806023,G_2013_2025,BV_excl5
quadratic_angles,0.25,70.74090856625173,0.0974092870265649,0.8013966355942076,G_2013_2025,BV_excl5
quadratic_angles,0.3,70.68519517559537,0.009954616083370293,0.8023797279024841,G_2013_2025,BV_excl5
quadratic_angles,0.35,70.67885632487585,0.0,0.8042050583219282,G_2013_2025,BV_excl5
quadratic_angles,0.4,70.72587122705306,0.07381159632097495,0.8070169312896134,G_2013_2025,BV_excl5
quadratic_angles,0.45,70.82848600925637,0.23474260603546065,0.8108980757184155,G_2013_2025,BV_excl5
quadratic_angles,0.5,70.98686300325366,0.4826685712384077,0.8158490191990098,G_2013_2025,BV_excl5
quadratic_angles,0.55,71.19897753886849,0.8138510691548592,0.8217780447162203,G_2013_2025,BV_excl5
quadratic_angles,0.6,71.46074189034682,1.2211962642651528,0.8285038854110206,G_2013_2025,BV_excl5
quadratic_angles,0.65,71.76629915724723,1.6948066639947192,0.8357700927343312,G_2013_2025,BV_excl5
quadratic_angles,0.7,72.10841946685784,2.222702409772666,0.8432672998845571,G_2013_2025,BV_excl5
quadratic_angles,0.75,72.47894147416362,2.7916045955897206,0.8506584154925219,G_2013_2025,BV_excl5
quadratic_angles,0.8,72.86922248147424,3.387708388693409,0.8576024269631191,G_2013_2025,BV_excl5
quadratic_angles,0.85,73.27057997088103,3.99740940905305,0.8637745610216213,G_2013_2025,BV_excl5
quadratic_angles,0.9,73.67471950051338,4.607971312791833,0.868883141316346,G_2013_2025,BV_excl5
quadratic_angles,0.95,74.07414696994071,5.208132358718743,0.8726854974444349,G_2013_2025,BV_excl5
quadratic_angles,1.0,74.46255869812893,5.788646109891082,0.8750058036946514,G_2013_2025,BV_excl5
quadratic_angles,1.05,74.83519365493574,6.34274107039291,0.8757565121439962,G_2013_2025,BV_excl5
quadratic_angles,1.1,75.18912204392616,6.866471158784264,0.8749627680560704,G_2013_2025,BV_excl5
quadratic_angles,1.15,75.52343664820359,7.358918268198069,0.8727871189124089,G_2013_2025,BV_excl5
quadratic_angles,1.2,75.83931102378742,7.822204078318863,0.869550979138422,G_2013_2025,BV_excl5
quadratic_angles,1.25,76.13989428942175,8.261274488255685,0.8657498100336672,G_2013_2025,BV_excl5
quadratic_angles,1.3,76.4300272607241,8.683438939903853,0.8620600866183759,G_2013_2025,BV_excl5
quadratic_angles,1.35,76.71578824837484,9.097678223383898,0.8593369668123757,G_2013_2025,BV_excl5
quadratic_angles,1.4,77.00390535255805,9.513773718568386,0.8586018289262431,G_2013_2025,BV_excl5
quadratic_angles,1.45,77.30109912066871,9.941349598737126,0.8610188836014022,G_2013_2025,BV_excl5
quadratic_angles,1.5,77.61343725089337,10.388945805585873,0.8678605225399282,G_2013_2025,BV_excl5
quadratic_angles,1.55,77.94578523572659,10.863243399212347,0.8804621828020167,G_2013_2025,BV_excl5
quadratic_angles,1.6,78.30142124106402,11.368540942163294,0.9001689059936431,G_2013_2025,BV_excl5
quadratic_angles,1.65,78.6818535157501,11.906535390576755,0.9282767864338062,G_2013_2025,BV_excl5
quadratic_angles,1.7,79.08684228046299,12.476405749150853,0.965972720679702,G_2013_2025,BV_excl5
quadratic_angles,1.75,79.51459501034849,13.075147714581203,1.0142754208663398,G_2013_2025,BV_excl5
quadratic_angles,1.8,79.96208195962231,13.698074937232136,1.073980029737194,G_2013_2025,BV_excl5
quadratic_angles,1.85,80.42541095929803,14.33939254987578,1.1456083420748902,G_2013_2025,BV_excl5
quadratic_angles,1.9,80.90020561245277,14.992758825922044,1.2293667597186158,G_2013_2025,BV_excl5
quadratic_angles,1.95,81.38194460115706,15.651773816140931,1.325114529012477,G_2013_2025,BV_excl5
quadratic_angles,2.0,81.86623662952012,16.310360912697455,1.4323452048246028,G_2013_2025,BV_excl5
quadratic_angles,2.05,82.34902121524814,16.963031609873006,1.550184333418803,G_2013_2025,BV_excl5
quadratic_angles,2.1,82.8266975487247,17.60504147943106,1.6774058410162467,G_2013_2025,BV_excl5
quadratic_angles,2.15,83.29619116350567,18.232455683397422,1.8124685005245307,G_2013_2025,BV_excl5
quadratic_angles,2.2,83.7549716405269,18.84214627311662,1.9535722125008,G_2013_2025,BV_excl5
quadratic_angles,2.25,84.20103504073735,19.43174297543079,2.098731878004601,G_2013_2025,BV_excl5
quadratic_angles,2.3,84.6328633755891,19.999556076265687,2.2458646364686077,G_2013_2025,BV_excl5
quadratic_angles,2.35,85.04937115027462,20.54448590905723,2.3928844990895963,G_2013_2025,BV_excl5
quadratic_angles,2.4,85.44984653340826,21.065929348873425,2.5377972181959887,G_2013_2025,BV_excl5
quadratic_angles,2.45,85.83389242500762,21.56369014815598,2.6787878178154925,G_2013_2025,BV_excl5
quadratic_angles,2.5,86.2013708033827,22.037897136571765,2.8142936799922134,G_2013_2025,BV_excl5
quadratic_angles,2.55,86.55235227983351,22.488932249391755,2.9430574061598755,G_2013_2025,BV_excl5
quadratic_angles,2.6,86.88707174626195,22.91736894547314,3.0641556847575298,G_2013_2025,BV_excl5
quadratic_angles,2.65,87.20589029684798,23.32392068956511,3.1770028160736623,G_2013_2025,BV_excl5
quadratic_angles,2.7,87.50926316377341,23.709398667919455,3.2813300345638123,G_2013_2025,BV_excl5
quadratic_angles,2.75,87.79771315730335,24.074677664206657,3.3771439930019773,G_2013_2025,BV_excl5
quadratic_angles,2.8,88.0718089831358,24.420668952870507,3.464669460556867,G_2013_2025,BV_excl5
quadratic_angles,2.85,88.33214777898381,24.74829910186933,3.5442822726802157,G_2013_2025,BV_excl5
quadratic_angles,2.9,88.57934123431941,25.05849366924287,3.616438811765077,G_2013_2025,BV_excl5
quadratic_angles,2.95,88.81400470863127,25.352164896919135,3.6816078647908723,G_2013_2025,BV_excl5
quadratic_angles,3.0,89.03674882875981,25.630202631028794,3.7402097529611336,G_2013_2025,BV_excl5
absolute_angles,0.05,89.3614439052457,22.507819020131123,1.0748975086438486,G_2013_2025,BV_excl5
absolute_angles,0.1,83.6194243827206,15.135923767096838,0.9915506741124136,G_2013_2025,BV_excl5
absolute_angles,0.15,79.31139326162149,9.264684111830976,0.9295322120859029,G_2013_2025,BV_excl5
absolute_angles,0.2,76.59929807022633,5.4025636428904775,0.8923025930254622,G_2013_2025,BV_excl5
absolute_angles,0.25,74.94522209810623,2.979384972607229,0.8712000034297561,G_2013_2025,BV_excl5
absolute_angles,0.3,73.95110192973789,1.4971592816712849,0.8598690649588969,G_2013_2025,BV_excl5
absolute_angles,0.35,73.37534393708559,0.629569458698003,0.8545306629744915,G_2013_2025,BV_excl5
absolute_angles,0.4,73.07436024686857,0.17331402494497275,0.852924915875749,G_2013_2025,BV_excl5
absolute_angles,0.45,72.96035187480769,0.0,0.8536049154316522,G_2013_2025,BV_excl5
absolute_angles,0.5,72.97693209741514,0.025221857872814616,0.8555562988021718,G_2013_2025,BV_excl5
absolute_angles,0.55,73.08577723889962,0.19065508851845994,0.8580077034062131,G_2013_2025,BV_excl5
absolute_angles,0.6,73.2594265746912,0.45407452170442064,0.8603450686000824,G_2013_2025,BV_excl5
absolute_angles,0.65,73.47744813485478,0.7839222308688213,0.8620807612784743,G_2013_2025,BV_excl5
absolute_angles,0.7,73.72444708699365,1.1564297910106047,0.8628499001751468,G_2013_2025,BV_excl5
absolute_angles,0.75,73.98906887385175,1.5541327306847421,0.862418161039543,G_2013_2025,BV_excl5
absolute_angles,0.8,74.26350257577555,1.9650824418455008,0.8606922973093282,G_2013_2025,BV_excl5
absolute_angles,0.85,74.54317872213458,2.3823229652974103,0.8577286672243292,G_2013_2025,BV_excl5
absolute_angles,0.9,74.82646676102584,2.8033591124619295,0.8537371587503331,G_2013_2025,BV_excl5
absolute_angles,0.95,75.11425708729274,3.229457701602661,0.8490786969196282,G_2013_2025,BV_excl5
absolute_angles,1.0,75.40938258553012,3.664724512221355,0.8442546660285285,G_2013_2025,BV_excl5
absolute_angles,1.05,75.7158994210879,4.114992196746959,0.8398867233427538,G_2013_2025,BV_excl5
absolute_angles,1.1,76.03829935785235,4.586629187472199,0.8366860770009314,G_2013_2025,BV_excl5
absolute_angles,1.15,76.38075533170849,5.085420852857023,0.8354124992107489,G_2013_2025,BV_excl5
absolute_angles,1.2,76.7465014659957,5.615671298903948,0.8368250044659595,G_2013_2025,BV_excl5
absolute_angles,1.25,77.1374204386,6.179630142219501,0.8416279141279056,G_2013_2025,BV_excl5
absolute_angles,1.3,77.55386642139995,6.777280038371279,0.8504175597057555,G_2013_2025,BV_excl5
absolute_angles,1.35,77.9947061373719,7.406451218547162,0.8636357708461285,G_2013_2025,BV_excl5
absolute_angles,1.4,78.45752692105222,8.063178909062378,0.881536250418589,G_2013_2025,BV_excl5
absolute_angles,1.45,78.93894525520602,8.742197961945646,0.9041688007819393,G_2013_2025,BV_excl5
absolute_angles,1.5,79.43495109550804,9.437474513858465,0.9313841910464766,G_2013_2025,BV_excl5
absolute_angles,1.55,79.94123673484135,10.142697744090691,0.9628595644754104,G_2013_2025,BV_excl5
absolute_angles,1.6,80.453477141946,10.851684681633932,0.9981412275716331,G_2013_2025,BV_excl5
absolute_angles,1.65,80.96754612706785,11.558678716241243,1.0366990917186831,G_2013_2025,BV_excl5
absolute_angles,1.7,81.47966621117817,12.258543205603464,1.0779855243923844,G_2013_2025,BV_excl5
absolute_angles,1.75,81.98649876836109,12.94686416954167,1.1214912174781348,G_2013_2025,BV_excl5
absolute_angles,1.8,82.48518537021211,13.619981645370686,1.1667918479551822,G_2013_2025,BV_excl5
absolute_angles,1.85,82.97335242412018,14.274969909313434,1.2135814212884708,G_2013_2025,BV_excl5
absolute_angles,1.9,83.44909037697738,14.909584516809844,1.2616906951765914,G_2013_2025,BV_excl5
absolute_angles,1.95,83.91091694675902,15.522190600944523,1.3110914204049162,G_2013_2025,BV_excl5
absolute_angles,2.0,84.35773173398502,16.111683157508597,1.3618888915511094,G_2013_2025,BV_excl5
absolute_angles,2.05,84.78876755977068,16.67740672173305,1.4143062790555232,G_2013_2025,BV_excl5
absolute_angles,2.1,85.20354217324132,17.219079148360343,1.4686644350857363,G_2013_2025,BV_excl5
absolute_angles,2.15,85.60181262880552,17.736722178201692,1.5253604970586094,G_2013_2025,BV_excl5
absolute_angles,2.2,85.98353363712512,18.230600038358723,1.5848478877168248,G_2013_2025,BV_excl5
absolute_angles,2.25,86.3488204913207,18.701166366385884,1.6476194545239626,G_2013_2025,BV_excl5
absolute_angles,2.3,86.69791670050262,19.14901915361315,1.7141946765623912,G_2013_2025,BV_excl5
absolute_angles,2.35,87.03116616766776,19.574863066610853,1.7851111987653085,G_2013_2025,BV_excl5
absolute_angles,2.4,87.34898957879605,19.97947834576658,1.86092047364,G_2013_2025,BV_excl5
absolute_angles,2.45,87.65186458548044,20.363695433957528,1.9421869965923384,G_2013_2025,BV_excl5
absolute_angles,2.5,87.94030933524249,20.7283745117075,2.029490482935905,G_2013_2025,BV_excl5
absolute_angles,2.55,88.21486891063289,21.074389177304678,2.12343031242803,G_2013_2025,BV_excl5
absolute_angles,2.6,88.47610426555384,21.402613590850123,2.224631620718495,G_2013_2025,BV_excl5
absolute_angles,2.65,88.72458328503942,21.71391248727925,2.3337525126454834,G_2013_2025,BV_excl5
absolute_angles,2.7,88.9608736365817,22.009133547421726,2.4514919844900414,G_2013_2025,BV_excl5
absolute_angles,2.75,89.18553712300954,22.28910169393207,2.57859825402568,G_2013_2025,BV_excl5
absolute_angles,2.8,89.39912528661279,22.55461494847936,2.715877298292982,G_2013_2025,BV_excl5
absolute_angles,2.85,89.60217605045096,22.806441547335872,2.8642014845267427,G_2013_2025,BV_excl5
absolute_angles,2.9,89.79521121509686,23.04531806467862,3.024518248128975,G_2013_2025,BV_excl5
absolute_angles,2.95,89.97873465737587,23.27194833716534,3.197858823766538,G_2013_2025,BV_excl5
absolute_angles,3.0,90.15323110215901,23.487003020524497,3.3853470735054736,G_2013_2025,BV_excl5
quadratic_angles,0.05,25.519111707097537,2.879280445494458,0.28156012234209066,G_2013_2025,VOL
quadratic_angles,0.1,25.32617433428868,2.0368758554250403,0.27928605317172855,G_2013_2025,VOL
quadratic_angles,0.15,25.166157501845948,1.3333263373599986,0.2772941917168084,G_2013_2025,VOL
quadratic_angles,0.2,25.039914055998437,0.7751049275610514,0.27560815203144595,G_2013_2025,VOL
quadratic_angles,0.25,24.947814057422068,0.3660800810353068,0.274256427769162,G_2013_2025,VOL
quadratic_angles,0.3,24.889840978035142,0.10784101622261234,0.2732701514227378,G_2013_2025,VOL
quadratic_angles,0.35,24.86567122768879,0.0,0.2726795929172407,G_2013_2025,VOL
quadratic_angles,0.4,24.874731574609093,0.04043789204015943,0.2725100809952962,G_2013_2025,VOL
quadratic_angles,0.45,24.916234618393055,0.2254850714463234,0.27277801610469843,G_2013_2025,VOL
quadratic_angles,0.5,24.98919528266798,0.5500445240163255,0.27348759694223157,G_2013_2025,VOL
quadratic_angles,0.55,25.092433012008815,1.007673581961668,0.2746288619182803,G_2013_2025,VOL
quadratic_angles,0.6,25.22456579557714,1.5906484428361385,0.27617764090402674,G_2013_2025,VOL
quadratic_angles,0.65,25.38400327960603,2.2900406446190336,0.2780979598010637,G_2013_2025,VOL
quadratic_angles,0.7,25.568946771564708,3.0958357061617363,0.2803472577549067,G_2013_2025,VOL
quadratic_angles,0.75,25.777403616159866,3.9971202843885223,0.2828844035739998,G_2013_2025,VOL
quadratic_angles,0.8,26.007222051008625,4.982355319626212,0.2856799589508644,G_2013_2025,VOL
quadratic_angles,0.85,26.25615012215159,6.039739246231025,0.28872759432011497,G_2013_2025,VOL
quadratic_angles,0.9,26.521918604638614,7.157648696845811,0.2920552859268049,G_2013_2025,VOL
quadratic_angles,0.95,26.802343421700137,8.32512633132271,0.2957351192386412,G_2013_2025,VOL
quadratic_angles,1.0,27.095438347380593,9.532369241065517,0.29989114826285357,G_2013_2025,VOL
quadratic_angles,1.05,27.399524590779137,10.771159820433182,0.3047054749861952,G_2013_2025,VOL
quadratic_angles,1.1,27.71332109206254,12.035176860750445,0.31042310326788564,G_2013_2025,VOL
quadratic_angles,1.15,28.035998895202145,13.320130152986392,0.31735599588839464,G_2013_2025,VOL
quadratic_angles,1.2,28.367185502264682,14.623678393102146,0.32588626805604065,G_2013_2025,VOL
quadratic_angles,1.25,28.70691095390064,15.945117464033986,0.3364679115391397,G_2013_2025,VOL
quadratic_angles,1.3,29.055496140689844,17.284861682078795,0.34962611962241763,G_2013_2025,VOL
quadratic_angles,1.35,29.41339426177379,18.643778786465628,0.36595324695302256,G_2013_2025,VOL
quadratic_angles,1.4,29.781006264701826,20.022471924720577,0.3861006244382282,G_2013_2025,VOL
quadratic_angles,1.45,30.158497903900617,21.42061915765955,0.410765754278233,G_2013_2025,VOL
quadratic_angles,1.5,30.545647460770308,22.836475791830882,0.44067474388688055,G_2013_2025,VOL
quadratic_angles,1.55,30.941748185071276,24.26661568150286,0.47656012541376513,G_2013_2025,VOL
quadratic_angles,1.6,31.345579075161773,25.705940784932828,0.5191343985901012,G_2013_2025,VOL
quadratic_angles,1.65,31.755444437031972,27.147936253905616,0.5690597318634777,G_2013_2025,VOL
quadratic_angles,1.7,32.16927032318422,28.585105437350492,0.6269143351863525,G_2013_2025,VOL
quadratic_angles,1.75,32.5847375437416,30.009495859951365,0.6931561911112585,G_2013_2025,VOL
quadratic_angles,1.8,32.9994280110961,31.41322662169862,0.7680851836892024,G_2013_2025,VOL
quadratic_angles,1.85,33.41096342245999,32.78894552391437,0.8518051998604201,G_2013_2025,VOL
quadratic_angles,1.9,33.817121019720766,34.130171953057406,0.9441884110383049,G_2013_2025,VOL
quadratic_angles,1.95,34.21591820987396,35.43151011553694,1.044844535065615,G_2013_2025,VOL
quadratic_angles,2.0,34.60566430665735,36.68874011970187,1.1530982819501892,G_2013_2025,VOL
quadratic_angles,2.05,34.984982438858545,37.89880876043396,1.267978274103523,G_2013_2025,VOL
quadratic_angles,2.1,35.352807426496035,39.059747876880245,1.3882204165128371,G_2013_2025,VOL
quadratic_angles,2.15,35.708366387729434,40.17054782414243,1.5122879374422658,G_2013_2025,VOL
quadratic_angles,2.2,36.05114852117335,41.23100945807908,1.6384091463236685,G_2013_2025,VOL
quadratic_angles,2.25,36.38086946358876,42.241592303382305,1.7646324462594547,G_2013_2025,VOL
quadratic_angles,2.3,36.697434304260675,43.203270812537916,1.8888964416371214,G_2013_2025,VOL
quadratic_angles,2.35,37.00090204793185,44.11740569258783,2.009111297949438,G_2013_2025,VOL
quadratic_angles,2.4,37.29145322159439,44.98563350933061,2.123246071875592,G_2013_2025,VOL
quadratic_angles,2.45,37.569361476501896,45.80977516819871,2.2294157592023494,G_2013_2025,VOL
quadratic_angles,2.5,37.83496944066832,46.5917622397875,2.325961481430057,G_2013_2025,VOL
quadratic_angles,2.55,38.088668691574895,47.33357921154257,2.411517636595005,G_2013_2025,VOL
quadratic_angles,2.6,38.33088349573162,48.03721938016344,2.4850609521890488,G_2013_2025,VOL
quadratic_angles,2.65,38.562057854726824,48.70465206541046,2.5459380612984828,G_2013_2025,VOL
quadratic_angles,2.7,38.782645367492385,49.337798985219514,2.59387025017381,G_2013_2025,VOL
quadratic_angles,2.75,38.9931014358277,49.9385178869787,2.628936121267173,G_2013_2025,VOL
quadratic_angles,2.8,39.19387738339769,50.50859181751213,2.651534808348868,G_2013_2025,VOL
quadratic_angles,2.85,39.38541611307649,51.04972269704967,2.6623338484674757,G_2013_2025,VOL
quadratic_angles,2.9,39.568148984604214,51.56352812005366,2.6622067222075163,G_2013_2025,VOL
quadratic_angles,2.95,39.74249364879868,52.05154052936258,2.652165378960949,G_2013_2025,VOL
quadratic_angles,3.0,39.9088526233123,52.51520809773261,2.6332928174318484,G_2013_2025,VOL
absolute_angles,0.05,42.22121795873918,54.980997159584376,0.48309862580544094,G_2013_2025,VOL
absolute_angles,0.1,37.35952598838768,41.40181612112771,0.42643576034662856,G_2013_2025,VOL
absolute_angles,0.15,33.170994924449616,28.20257542022852,0.37582726350890255,G_2013_2025,VOL
absolute_angles,0.2,30.361497135669577,18.379010692132564,0.3420706702760507,G_2013_2025,VOL
absolute_angles,0.25,28.557808737608738,11.580831850796812,0.32050359495512215,G_2013_2025,VOL
absolute_angles,0.3,27.402110068596457,6.995378624896645,0.3066302920144541,G_2013_2025,VOL
absolute_angles,0.35,26.662410747673952,3.957832109208594,0.29758132152196304,G_2013_2025,VOL
absolute_angles,0.4,26.197237858133835,2.0041481533324452,0.2916185618021915,G_2013_2025,VOL
absolute_angles,0.45,25.91977332243537,0.8222363839822604,0.2876766513611985,G_2013_2025,VOL
absolute_angles,0.5,25.775347187753884,0.20200985189938597,0.28508709463029364,G_2013_2025,VOL
absolute_angles,0.55,25.728481071324925,0.0,0.28342509749365397,G_2013_2025,VOL
absolute_angles,0.6,25.75548893403389,0.11645850292354402,0.282426337949257,G_2013_2025,VOL
absolute_angles,0.65,25.840181386159767,0.4808639102334923,0.2819423358419857,G_2013_2025,VOL
absolute_angles,0.7,25.971309910950907,1.0427198601273386,0.28191699215802407,G_2013_2025,VOL
absolute_angles,0.75,26.14100226799452,1.7656169038079321,0.2823744950546984,G_2013_2025,VOL
absolute_angles,0.8,26.34376860172423,2.6232818853805444,0.2834128213193167,G_2013_2025,VOL
absolute_angles,0.85,26.575833454200435,3.596810133699783,0.2851991825690782,G_2013_2025,VOL
absolute_angles,0.9,26.834647475543083,4.672575816093185,0.2879648769945081,G_2013_2025,VOL
absolute_angles,0.95,27.118493567665443,5.8405229013768265,0.2919976018485114,G_2013_2025,VOL
absolute_angles,1.0,27.42614435469144,7.092693629923995,0.29762967404067575,G_2013_2025,VOL
absolute_angles,1.05,27.75655843311469,8.421965273445657,0.3052210310071852,G_2013_2025,VOL
absolute_angles,1.1,28.10862293411967,9.821036251801225,0.3151365029710561,G_2013_2025,VOL
absolute_angles,1.15,28.480958790772146,11.281724782737678,0.32771772313564373,G_2013_2025,VOL
absolute_angles,1.2,28.87180318965676,12.794621403147795,0.34325112633743926,G_2013_2025,VOL
absolute_angles,1.25,29.27897396098291,14.349087103264807,0.3619346360129985,G_2013_2025,VOL
absolute_angles,1.3,29.699907998152547,15.933534618116134,0.3838466425172957,G_2013_2025,VOL
absolute_angles,1.35,30.13175513588537,17.5358923731546,0.4089214834666154,G_2013_2025,VOL
absolute_angles,1.4,30.571503435971973,19.14413932239221,0.43693560613963844,G_2013_2025,VOL
absolute_angles,1.45,31.01611218508403,20.746813107127,0.46750775791944144,G_2013_2025,VOL
absolute_angles,1.5,31.462633689656272,22.33342404777578,0.5001149105948663,G_2013_2025,VOL
absolute_angles,1.55,31.90831182901162,23.894741736915954,0.5341233961133371,G_2013_2025,VOL
absolute_angles,1.6,32.350652144998094,25.422950335354972,0.5688323410958751,G_2013_2025,VOL
absolute_angles,1.65,32.78746363252739,26.911688575760394,0.603524468490209,G_2013_2025,VOL
absolute_angles,1.7,33.21687584709117,28.356000531317,0.6375181678373468,G_2013_2025,VOL
absolute_angles,1.75,33.63733659524754,29.75222544228623,0.6702146921896505,G_2013_2025,VOL
absolute_angles,1.8,34.047595774100415,31.097852155959767,0.7011353954169995,G_2013_2025,VOL
absolute_angles,1.85,34.44668039243785,32.39135860391189,0.7299457772343525,G_2013_2025,VOL
absolute_angles,1.9,34.833864875184105,33.632051062820814,0.7564652878748677,G_2013_2025,VOL
absolute_angles,1.95,35.208639727639415,34.81991280090488,0.7806638795149037,G_2013_2025,VOL
absolute_angles,2.0,35.570680693762476,35.95546757834475,0.8026478152249223,G_2013_2025,VOL
absolute_angles,2.05,35.919819764691134,37.03966043572137,0.8226380840231774,G_2013_2025,VOL
absolute_angles,2.1,36.25601879911095,38.07375615167072,0.840944934395665,G_2013_2025,VOL
absolute_angles,2.15,36.57934609136714,39.059254480487496,0.8579416735070861,G_2013_2025,VOL
absolute_angles,2.2,36.889955937118145,39.997820584839566,0.874040191022292,G_2013_2025,VOL
absolute_angles,2.25,37.18807106751834,40.891228777596815,0.889669857035904,G_2013_2025,VOL
absolute_angles,2.3,37.47396772192814,41.74131763832513,0.9052606704422044,G_2013_2025,VOL
absolute_angles,2.35,37.74796308176366,42.54995467074623,0.9212308944316855,G_2013_2025,VOL
absolute_angles,2.4,38.01040477572864,43.319008846149984,0.9379789507507728,G_2013_2025,VOL
absolute_angles,2.45,38.26166217577006,44.050329587939956,0.9558790530561312,G_2013_2025,VOL
absolute_angles,2.5,38.50211922421886,44.74573096575121,0.975279916185676,G_2013_2025,VOL
absolute_angles,2.55,38.73216855940589,45.40698006782465,0.996505845911488,G_2013_2025,VOL
absolute_angles,2.6,38.952206735556736,46.03578869961602,1.0198595557331822,G_2013_2025,VOL
absolute_angles,2.65,39.16263036054132,46.633807712082486,1.0456261417922066,G_2013_2025,VOL
absolute_angles,2.7,39.36383300075269,47.20262339486928,1.0740777498636829,G_2013_2025,VOL
absolute_angles,2.75,39.556202725386555,47.74375547946626,1.105478573042478,G_2013_2025,VOL
absolute_angles,2.8,39.74012018250416,48.25865638782022,1.1400899150662882,G_2013_2025,VOL
absolute_angles,2.85,39.915957116566254,48.74871143560409,1.1781751370160836,G_2013_2025,VOL
absolute_angles,2.9,40.084075251842165,49.215239758997,1.2200043726027068,G_2013_2025,VOL
absolute_angles,2.95,40.244825478512055,49.659495781838054,1.2658589497231238,G_2013_2025,VOL
absolute_angles,3.0,40.39854728869085,50.082671078482285,1.316035494968613,G_2013_2025,VOL
