sample,measure,angular_basis,radial_exponent,n_events,n_mp,n_cbi,n_axis,mp_minus_cbi,se_cr1,p_normal_two_sided,information_retention_vs_independent_signs,meetings_for_80pct_power_observed_design,meetings_for_80pct_power_independent_signs,flips
H_2000_2012,BV5_frozen,quadratic_angles,1.0,160,60,78,22,-0.18728985311037283,0.1465146020658543,0.20114309701908306,0.8468459150137102,768.5302722348414,650.8267216064501,999
H_2000_2012,BV5_frozen,absolute_angles,1.0,160,60,78,22,-0.1795221227543942,0.14044307433173978,0.2011593764974745,0.8015969361451938,768.585811396323,616.0960315799604,999
H_2000_2012,BV5_frozen,quadratic_angles,2.0,160,60,78,22,-0.06748324628835552,0.04138709783508522,0.10298778683831494,0.8947636487865547,472.3519060710562,422.6433149874222,999
H_2000_2012,BV5_frozen,absolute_angles,2.0,160,60,78,22,-0.061403457219885625,0.028856895560717417,0.03334862555302973,0.9640813237750748,277.35833683460885,267.3959925355628,999
H_2000_2012,BV,quadratic_angles,1.0,170,65,80,25,-0.09435157220834971,0.10163057180085526,0.35321160174853317,0.8500153206045826,1548.1286625304224,1315.9330814179407,999
H_2000_2012,BV,absolute_angles,1.0,170,65,80,25,-0.07574722695825611,0.0903793400013561,0.40197266577834223,0.8002194668537979,1899.5968924701704,1520.094412529611,999
H_2000_2012,BV,quadratic_angles,2.0,170,65,80,25,-0.02197776696765849,0.028965866131818122,0.44800385497634043,0.9072966527818574,2317.7282058623514,2102.8670432370113,999
H_2000_2012,BV,absolute_angles,2.0,170,65,80,25,-0.01537918234161924,0.023704497861719975,0.5164757262385324,0.9561573848203422,3169.9442452858057,3030.965599598769,999
H_2000_2012,BV_excl5,quadratic_angles,1.0,170,65,80,25,-0.09997239624825574,0.1095728762806968,0.361567295490543,0.8525753455721491,1602.8855590396422,1366.5807094108304,999
H_2000_2012,BV_excl5,absolute_angles,1.0,170,65,80,25,-0.08903233603957719,0.09774656229945947,0.3623750616748028,0.8000275911439115,1608.2888223604418,1286.6754324167025,999
H_2000_2012,BV_excl5,quadratic_angles,2.0,170,65,80,25,-0.03024533526717709,0.03189837809860773,0.34303892608071795,0.9007577197026613,1484.1472545902454,1336.8570967476746,999
H_2000_2012,BV_excl5,absolute_angles,2.0,170,65,80,25,-0.025575357559465745,0.02337780080813966,0.2739541625877677,0.9671872359593027,1114.8603638905704,1078.2787138319031,999
H_2000_2012,VOL,quadratic_angles,1.0,170,65,80,25,-0.09471101171777642,0.07538636782209751,0.2089922331540689,0.8537740577057054,845.3591983719422,721.7457530128554,999
H_2000_2012,VOL,absolute_angles,1.0,170,65,80,25,-0.0731791732979647,0.06684454571246758,0.27361892048530156,0.7977726622435114,1113.3034379749704,888.1630475981461,999
H_2000_2012,VOL,quadratic_angles,2.0,170,65,80,25,-0.026547388719418016,0.020904662711492637,0.20411075182381955,0.8977478167863635,827.3691197170996,742.7688209024816,999
H_2000_2012,VOL,absolute_angles,2.0,170,65,80,25,-0.019774620710128463,0.013272799761984541,0.1362609071459774,0.9623563394379616,601.1257841652642,578.4972091910579,999
G_2013_2025,BV5_frozen,quadratic_angles,1.0,111,63,32,16,0.3304102151635435,0.12703528823192145,0.009297073355469176,0.576270542015661,128.7871333549066,74.21623114307523,999
G_2013_2025,BV5_frozen,absolute_angles,1.0,111,63,32,16,0.21228561460003484,0.1400687369346283,0.1296251569914779,0.46268689571034843,379.2904843909368,175.49273679531692,999
G_2013_2025,BV5_frozen,quadratic_angles,2.0,111,63,32,16,0.0731956211314162,0.033537131965786435,0.029070825413896374,0.5505329839673224,182.8994046884484,100.69215502897839,999
G_2013_2025,BV5_frozen,absolute_angles,2.0,111,63,32,16,0.048676272240592025,0.03700317316748866,0.1883546434895227,0.39549395146486627,503.47042805913964,199.1195090388168,999
G_2013_2025,BV,quadratic_angles,1.0,111,63,32,16,0.2720780877924327,0.12399901029411799,0.028221347864260737,0.5803666165563784,180.9589042127396,105.02250697369746,999
G_2013_2025,BV,absolute_angles,1.0,111,63,32,16,0.14980087305489542,0.0996647304718686,0.13282666857609374,0.46471912544560695,385.6425604193816,179.21547341269965,999
G_2013_2025,BV,quadratic_angles,2.0,111,63,32,16,0.04685601778842673,0.03424840386308788,0.17127368127262088,0.5554978854721319,465.4580801304571,258.56097928838705,999
G_2013_2025,BV,absolute_angles,2.0,111,63,32,16,0.03224009852228333,0.024760513756820514,0.1928900226167839,0.39979576924925203,513.8746997791937,205.44493089595122,999
G_2013_2025,BV_excl5,quadratic_angles,1.0,111,63,32,16,0.1851004030287679,0.10760714126712154,0.08540521450784516,0.5774201347095301,294.440883681121,170.016094719146,999
G_2013_2025,BV_excl5,absolute_angles,1.0,111,63,32,16,0.051000379003864935,0.09278142276460448,0.5825367583450074,0.4615478604899731,2883.406693264055,1330.8301901984926,999
G_2013_2025,BV_excl5,quadratic_angles,2.0,111,63,32,16,0.015312323808621072,0.02598856595862004,0.5557307112029355,0.5537657088384802,2509.649525596264,1389.7578484779708,999
G_2013_2025,BV_excl5,absolute_angles,2.0,111,63,32,16,0.002822959887062839,0.02055980145019679,0.8907898588022348,0.3943631089961633,46212.458311418304,18224.48873404651,999
G_2013_2025,VOL,quadratic_angles,1.0,111,63,32,16,0.16038279739528952,0.07372267192683488,0.02959355696355819,0.5821347231328539,184.08449859484176,107.16197862255844,999
G_2013_2025,VOL,absolute_angles,1.0,111,63,32,16,0.06785284096149803,0.06307179908781217,0.2820152973445501,0.4654005351034361,752.7747089590293,350.34175236186564,999
G_2013_2025,VOL,quadratic_angles,2.0,111,63,32,16,0.03775699129447817,0.017023094657365255,0.026555764298056422,0.5531090767368192,177.09770038549766,97.95434555243644,999
G_2013_2025,VOL,absolute_angles,2.0,111,63,32,16,0.024602187549305096,0.013847913781294354,0.07563426677474255,0.40116827404735245,276.02721611625316,110.73336187945283,999
