trade_date,u,z,crossfit_state_z,crossfit_abnormal_log_BV,state_log_BV_pre
2000-01-20,1.1229220088032619,0.04901894064442361,1.0530978384229377,0.5730810503819317,-13.790417754028631
2000-02-03,-4.492126291355026,1.8265235021806319,0.4622285756004288,2.405650999069444,-14.42137376284089
2000-03-02,-1.6841366810112093,0.6084773548564572,0.19476501031937274,0.3890714187434962,-14.706983041019107
2000-03-16,-2.2526536210196295,0.06028383463827546,0.03287961563684922,2.1074588690751987,-14.879851336834598
2000-03-30,-0.5622011020348848,-0.2880794035104617,0.7669742932847693,0.3975825317311781,-14.095952973791489
2000-04-13,1.684958090909357,0.03153743215407789,-0.5604874828098865,0.3341744857259101,-15.513474643635252
2000-04-27,-0.0,0.002253541873895222,-1.4446850665856994,3.361572794113778,-16.457659446540145
2000-05-11,2.2592829726373957,0.193076798720305,-0.5371119744278682,1.1567465396156305,-15.48851325471104
2000-05-25,1.696875865291949,0.3799095191861075,-0.47020077572151303,2.1646257751990348,-15.417062553960529
2000-06-08,-1.131750879692702,-2.518290453342782,-0.909511020889024,3.4989551904114986,-15.886177223417436
2000-06-21,-0.5667945648025227,0.14426704463920564,-0.10952653997776482,0.0445753305987128,-15.031918850293806
2000-07-06,1.133533339990727,-0.11290700797438462,-1.4458260718403295,0.9691006730220426,-16.458877861791695
2000-07-20,-0.0,-0.6049657117316586,-0.9932373825969323,2.2396454819024623,-15.97558388973012
2000-08-03,-0.0,-0.3946015397103254,0.4225499282293444,-0.1630965520581639,-14.46374435572084
2000-08-31,1.1367784009063948,0.818445193707957,-1.2709515121144923,2.68914296550148,-16.272139168158617
2000-09-14,-0.568080764299523,-0.19045388767458438,-0.353451320881417,0.6424557258239307,-15.29239238630782
2000-10-05,-1.7023947047309258,-0.02555538859712026,-1.2733465152763854,3.2781794167899214,-16.27469665715187
2000-10-19,0.5670736777010197,0.7489290982479337,-1.0124038647990914,0.4733205331909111,-15.99605069664351
2000-11-02,-0.0,0.31211507233564356,-0.9057139338848141,-0.4100785424517639,-15.882122528052433
2000-11-16,-0.5660701554867823,-0.4609248489906395,-2.319193600389013,0.4833448071807673,-17.391497858653565
2000-12-14,-2.250672395274422,-0.20012383324929306,-0.4080141818332821,1.349142179097834,-15.350656992611954
2001-01-04,-1.6787353970618926,-0.07607836053238744,0.47597636167239676,0.5103222282729121,-14.40669327635131
2001-01-18,-1.1212819084877135,-0.37931642683152955,-1.3370811877793054,0.740742218182957,-16.342755324467383
2001-02-01,-1.119973273693408,0.3057141007787333,-0.42552682152954013,0.7593345192825414,-15.36935775425546
2001-02-15,0.5617074861170915,0.5989091874515668,-1.1952411703164474,1.4779141189370932,-16.1912923580563
2001-03-01,-0.0,-0.07823671556883915,-1.3504680849938377,-0.1576664458839118,-16.35705043807088
2001-03-15,-0.5588723694645485,0.326139990719065,-0.7853408738933799,2.140997497449712,-15.75358291653514
2001-03-29,0.5580057747108502,-1.2643687569182356,-1.7305292629160802,2.795490040790302,-16.762896365443712
2001-04-11,1.676454395852896,0.40803183074289084,-1.9845660221858687,2.354496217194629,-17.03416791366201
2001-04-26,0.5610506783344191,0.6504266592791518,-0.9375339206359506,2.623534558160582,-15.916101299845453
2001-05-10,3.352095523683592,1.4362674570211658,-0.1475882530797514,4.419846011109184,-15.072562810131332
2001-05-23,-0.0,-0.10728496176887535,-0.9125844823826762,1.2427286163829177,-15.889459199853322
2001-06-07,-0.5593066770052881,-0.28866193991505745,-0.7355625215363727,0.547657998261526,-15.700427417502418
2001-06-21,-1.1175820263880378,0.2565785676785786,-1.0463471432539748,2.4501122913282174,-16.03229681206605
2001-07-05,0.5599594054403423,-0.4812223795888184,-0.08023808628896045,2.186304074715901,-15.00064336008554
2001-08-02,5.579787801629483,-0.41482782892466,-0.03237082106193046,0.5626914269555563,-14.949528603369084
2001-08-30,-2.7843622487002198,-0.7002601029704338,-0.3677310992017577,4.252959832573557,-15.307640957358355
2001-09-13,-1.1064147962360402,-0.43919347941601034,1.015654972738857,0.7876231301826842,-13.830400881561223
2001-10-25,-0.0,-1.2034045306769936,-0.8032380810014662,1.763324355978158,-15.772694336059423
2001-11-08,1.6404718042174549,-1.2521137724578553,0.18704168831578605,3.0072451813574723,-14.715230341619712
2001-12-06,2.7714958811337094,0.5197310393957265,1.0378970381326675,0.5681332265583467,-13.806649832570145
2002-01-03,-1.1081182832332483,-0.6059174274532618,-0.8346580132445482,1.4978762891365331,-15.80624591217382
2002-02-07,4.445306209528605,0.6537633904077733,-0.2994144050328443,1.6831897317466886,-15.234689407158978
2002-03-07,-0.5593066770052881,-0.053607942068736085,-0.1557837794674259,0.6264795256963769,-15.081314351199794
2002-04-04,-0.0,0.14653230451454177,-1.1370551006799636,0.2887065429709601,-16.129158731252065
2002-05-02,0.5583304326194168,-0.24159687484567824,0.7136305793573106,-2.0012746046792813,-14.152915721648966
2002-06-06,-1.1211727387932477,0.10706546827919848,0.08749330319734051,0.9131811939423322,-14.821532455657598
2002-07-04,0.5571957793941856,-0.007100701058472612,-0.933657376409172,-0.3335192011848704,-15.911961756587392
2002-08-01,-0.5529152145125223,-1.2431768393520186,-0.4928431127822512,0.5346661922395288,-15.441241030521962
2002-09-12,-0.0,0.47067060179287096,-0.724237489328841,-0.1730756323997049,-15.688334053418457
2002-10-10,-1.094739537834611,-0.913169769680568,-0.06637329590587462,1.2095722302640528,-14.985837931281642
2002-11-07,-1.6473556686406228,-2.2470901922497326,1.850628446690952,1.7407435288936457,-12.938779733301942
2002-12-05,4.929843162515115,0.20187702032834998,-2.417466548137498,3.621695462870825,-17.496438004954975
2003-01-09,1.6336452320985773,0.5662219426667868,-0.6949327388919094,0.8839537990387605,-15.657041160830676
2003-02-06,-2.173363272719788,-1.5549595367061335,1.4259988742272376,1.0345210559313447,-13.39221773917405
2003-03-06,-4.873282205340087,-1.3095173756273444,-0.1596373456763095,2.95318316846188,-15.085429357526635
2003-04-03,-0.5433151768029904,-0.9023231103019485,0.8149761929319953,1.159356783730285,-14.044694448560133
2003-05-08,-2.702803683812131,-2.0032007312655864,0.293413064668535,1.8827832434682144,-14.60164233950433
2003-06-05,-2.1558673215971074,0.17722323796402167,1.0001795438346017,2.918371608672245,-13.8469262205329
2003-07-10,-0.5394970799817419,0.6625881058015993,0.7667736256869516,1.0416177399925726,-14.096167255417871
2003-07-31,0.5414757686659496,-0.19870342846006608,0.4000189350454874,-0.0292346510040513,-14.487803934426887
2003-10-02,-0.542240672993095,-0.2997359205885944,0.8662034962128844,-0.1859592539390888,-13.989991696438748
2003-12-04,-0.0,0.3804642279523589,-1.2464153341582818,0.5861790955931205,-16.24593836556346
2004-01-08,-0.5436229605052614,-0.37051415662619175,-0.38910844040875653,-0.8705198941084511,-15.330468616090432
2004-02-05,-0.5424961215566404,0.49861379806366835,0.24704084595349754,0.2886759055379659,-14.651160620249623
2004-03-04,1.0822899621923385,0.34973271292171243,-0.6551721885740576,0.9067068065784644,-15.614583108406537
2004-04-01,-0.5399524158217165,-0.7171119106864674,-0.6688784404998821,2.1094987568285277,-15.629219242920596
2004-05-06,-0.0,-0.5812078044194705,-0.777026895854287,0.8174111849456906,-15.744704887619166
2004-06-03,-0.5442395752341259,-0.006957744113783014,-0.3771433592886242,-0.279652021191012,-15.317691779819391
2004-07-01,-0.27262873566631785,-0.2861654115884137,-0.4373518658980722,-0.2197764255280283,-15.381985053166147
2004-08-05,-0.27168963468321367,0.13241339773305105,-0.8711086497840342,-0.019790174975089,-15.8451694940839
2004-11-04,0.27092260124459344,-0.14047529472140838,-0.8277757735222936,-0.2052216098379169,-15.798896755972835
2004-12-02,0.2704771618518648,-0.05990892547295914,-0.7039978818546514,1.3050781205022943,-15.666721316464026
2005-01-13,-0.5427262311392226,0.036374519774590566,-0.7863724042620125,-0.5506580033411375,-15.754684429721411
2005-02-03,-0.0,0.053403839936516005,-0.7261269792510341,0.1065107830701705,-15.690351733292855
2005-03-03,-0.0,0.009224313623920429,-0.4152299639677817,-0.707735089057298,-15.358362319970318
2005-04-07,0.271203343443812,-0.3763040001719363,-1.028653220131951,0.1371539206540823,-16.013402468061805
2005-06-02,0.2693006516660842,-0.046166707303084885,-1.9460776119263632,0.7155957260758328,-16.993068307960975
2005-07-07,-0.5390172801044965,0.789823395564826,1.5767655273097327,-0.3070814391659393,-13.231222521320776
2005-08-04,-0.27057884738437904,-0.12411700383615658,-0.6905202936700534,-0.0093158787354958,-15.65232935908119
2005-09-01,-0.2699951974388944,0.10592092804695187,-0.2112830995686223,0.2986941417245354,-15.140578949489388
2005-10-06,0.27128001050632783,0.15107791827783232,-0.2992600688875157,-0.9978596907018584,-15.234524600281384
2005-11-03,0.8173830722670671,0.2184340602396684,-1.1427744799727597,1.0385126194941492,-16.135266134291154
2005-12-01,1.0903342515939318,0.1977027464825649,0.28953460121435565,2.175650073608681,-14.605783932197244
2006-01-12,0.27339249225184936,0.034950797249122256,-0.5794567483260618,-1.355657972613269,-15.533730853956657
2006-02-02,-0.2738215471643495,0.2670679492987926,-0.3499105963608254,-0.661721989071669,-15.288611446001086
2006-03-02,-1.6429683609505359,0.3803344896164262,-1.1462765159165824,-1.0013843096483903,-16.139005761245645
2006-04-06,-0.0,0.16220564567421353,0.4021357215893775,-1.249655868276255,-14.485543537291216
2006-05-04,0.27590783156460297,0.2663041266674249,-0.4711649336803982,0.0865629687476037,-15.418092123944753
2006-06-08,0.5525703057920922,-0.011523682774045411,-0.38521568834639053,0.848619948218241,-15.32631176539755
2006-07-06,1.3850478962875028,0.31598830359462965,-0.6494077730910927,1.0244650609986063,-15.608427613756344
2006-08-03,-0.5529683156118026,0.47870284238122585,0.8323021127364091,0.8555119832513487,-14.026193074573316
2006-08-31,-0.2762785241735089,-0.07635565289424179,-1.3468845467668469,-1.4870748902352773,-16.35322377941829
2006-10-05,-0.27672999221414835,-0.1766907987467687,0.1823928313664152,-1.5441014238391553,-14.720194594138624
2006-11-02,-0.27703623465725846,-0.10695782472085168,-0.6335770480278375,-0.1261429297565968,-15.59152287402627
2006-12-07,-0.27687637147523186,0.46337365719141216,-1.504195690960045,-0.7474989898567799,-16.521207490751816
2007-01-11,1.1141220200976272,0.03581967948877599,1.173384114558631,-0.8749533041285122,-13.661970814103336
2007-02-08,0.2782142293272577,-0.3811236688329993,-0.4238944332483224,1.268338478669918,-15.367614618743843
2007-03-08,-0.2780127270231087,0.01750063118059914,-0.810904143413535,-0.333929503767969,-15.780880492367029
2007-04-12,-0.0,-0.062138196020406114,-1.600634248745534,-0.2292115881463345,-16.624188795322098
2007-05-10,-0.0,-0.4697939199624801,-1.2758870243121898,-0.7268204561330585,-16.27740952367318
2007-06-06,0.5615431400414669,-0.049138216849279194,-1.0051795275231779,0.1683003654414072,-15.988336233731443
2007-07-05,-0.28101137572993024,0.6508802918657385,-0.06916795191379582,-1.4810845180807188,-14.988822187041263
2007-08-02,-0.8403272981112544,-0.12080383035230785,0.3495710678450666,-0.8082048064883889,-14.541674370654723
2007-09-06,1.1128300347521412,-0.11620106538561525,-0.9436320515893958,1.5428181270731738,-15.922613150452168
2007-11-08,0.27809329290610907,-0.3942273118020369,0.1380127183109665,-0.485807100920228,-14.767585617442732
2007-12-06,-0.0,-0.2243544636590114,0.474659468791605,0.2558112806261174,-14.408099512093086
2008-01-10,-0.277356515474495,-0.1690446022833103,0.6099016664458438,-0.2308909856547902,-14.263681985875362
2008-02-07,-1.374008497602499,-1.930210096825147,-1.0994238617887346,1.354985798507938,-16.088974450580483
2008-03-06,-1.641017277468336,-0.48674415737371524,0.5086189827097741,1.3242819079071602,-14.371836059733662
2008-04-10,-0.2756832531204504,-0.34874258403232855,-0.011627487239578876,-0.0144617567540095,-14.927377965416635
2008-05-08,-0.554566105110188,0.005525408247726375,-0.017848403103286115,0.399266029796447,-14.93402093111394
2008-06-05,-0.5602318254824028,0.008326482743229504,-1.7734874182713154,0.7006357490823003,-16.808768960202492
2008-07-03,-0.5639356108207255,-0.008680177065253253,0.11312522224144177,0.0383185398581584,-14.794161572865336
2008-09-04,-0.2790502136320049,0.4219214528101523,1.5053484630663079,0.721852074645648,-13.307484782114084
2008-10-02,-1.1018625202317307,-0.6834949459429486,1.2332183124711578,0.042115381535579,-13.598077243933464
2008-11-06,-0.2709991096369477,-4.9861382370525,2.441923870259276,-0.7987883037153143,-12.307368651430023
2008-12-04,2.6960960325425947,-1.8230695807824306,3.1008906671033305,2.69416434859637,-11.603695121196958
2009-01-15,-2.934037929786739,-0.9275900457585722,0.7504678890969233,-0.7522259634154835,-14.113579233205382
2009-02-05,-2.134884185335396,-0.6341109307010517,-0.10886107109710542,1.066838319180782,-15.031208233554455
2009-03-05,2.124447061047708,-0.028794155084124997,2.6741933810338527,0.9655706093847432,-12.059341121977834
2009-04-02,1.3321724642141013,0.2014672943739485,0.010935320101559676,2.458643182894477,-14.903284414163757
2009-05-07,4.534002313741073,0.6651256334788613,2.277002028151427,1.2166346292834902,-12.483479398442416
2009-06-04,-0.5322901530915223,-1.0269984362624822,1.3877210025167646,-0.1918080009766107,-13.43309252261582
2009-07-02,2.1323146551994134,0.38015290448150785,-0.7463735308402432,0.8805039279263216,-15.711971885476633
2009-08-06,-0.0,0.35702795051152475,3.5619795871939046,-0.805028736247138,-11.11132423133516
2009-12-03,-0.2654151051190241,0.10970608285335104,-0.39936435819665905,-0.0874521009059954,-15.341420333096746
2010-01-14,-0.7977530434476707,0.2828258526152807,0.12345971760883612,0.0864127439154618,-14.783125947287266
2010-02-04,-0.2650973817465011,0.03156591684809061,0.289745116174035,-0.0033671450941525,-14.60555913512772
2010-03-04,-0.0,0.049554643479945926,-0.6681958577718909,-1.4870464988706082,-15.628490351267509
2010-04-08,0.7933561957975975,0.030677096663908977,-0.36084669488553195,0.6476488326592982,-15.300289489709376
2010-05-06,-0.2628224390201528,-0.7759126469606804,1.8016580069606642,1.7209713782689438,-12.991072507941135
2010-06-10,1.0504506449962596,-0.6489584155834007,0.9047154075556837,-0.5970254184610422,-13.948866995254413
2010-07-08,0.5264980418739167,0.5366595485592687,0.1133346278605042,0.0411975116287095,-14.79393796039818
2010-08-05,0.7905603227913738,-0.3113256568414416,-0.6327989019840587,0.2090025923737659,-15.590691935690248
2010-09-02,-0.26227173721217906,-0.07849198992299758,0.7794696851763604,-1.16934751646375,-14.082609848513991
2010-10-07,0.2637736254410807,-0.2377124677604744,-0.22233078975888812,-1.23475364142897,-15.152376155652638
2010-11-04,-0.0,-0.09592013681276461,0.8564272697532843,0.7870050587005828,-14.000431178091134
2010-12-02,0.5270763992973299,0.3371743131080648,1.010002843282369,1.5104582060325988,-13.836436472287538
2011-01-13,-1.0586105162900745,0.2882806503910779,0.2466895145212275,0.2286428163695379,-14.651535787299634
2011-02-03,0.2667183593750234,-0.42621222246520524,0.3189030325746467,-1.6036746026222275,-14.574423038337832
2011-03-03,-0.26663190084929955,-0.09472051243322355,-0.13593559068140715,0.3035271958248735,-15.06011958821829
2011-04-07,-0.26891075277231313,0.8977426961796328,0.2694040036224657,1.2635684441785386,-14.627280263637656
2011-05-05,-0.2690238328649374,0.28263541565421146,0.34751657045722045,0.7182821624061777,-14.543868252708696
2011-06-09,-1.0725123588566436,-0.016348470047391036,-0.22716431164077017,1.2162623417186804,-15.1575376014529
2011-07-07,-2.138352963400866,0.044120513113940774,0.17810498068101513,-0.036825158369119,-14.724773348399625
2011-08-04,0.2649266148094725,-0.15748530069844371,1.4985047365104456,-0.0535818919209951,-13.314792812273687
2011-09-08,-1.5728065425038296,-1.3028587315147921,1.1694197517847154,0.6702972110471546,-13.666204133842063
2011-10-06,3.1461860890591056,-1.8254623439739877,2.027782426114758,1.2032542475228816,-12.74960697574723
2011-11-03,-7.593429549378423,1.239220251468242,1.8258073330515145,0.9749399342121928,-12.965284802666025
2011-12-08,2.6145593864439984,-0.8332917964060187,1.2375280392826133,0.6904498409739794,-13.593475129389482
2012-01-12,-0.2608341109817159,-0.6886356732282009,-0.4638943417337006,0.2439514078110853,-15.410328268274757
2012-02-09,-0.5219874516873733,0.6632211247392882,0.8520540795189554,-0.9224647631698932,-14.005101061650228
2012-03-08,-0.0,0.08610015127292979,0.41307141103683653,0.4862525973195915,-14.47386593041348
2012-04-04,0.5216800385819782,0.3064855107585145,0.26406851341753373,-0.5021478323290403,-14.632977733139928
2012-06-06,-0.0,-1.1408053649877892,-0.06862031148215213,0.0415539648394744,-14.988237392666678
2012-07-05,-4.163443997124057,-0.8192400534128508,1.7076433418475467,1.6924978827627637,-13.09146547403694
2012-08-02,3.3741824196701753,0.1268480479149379,0.6204353786844852,1.3661919561361628,-14.25243362782011
2012-09-06,0.5200074586420794,0.3899606965918987,-0.2006419673233154,0.6288529507736875,-15.129215883658768
2012-10-04,-0.2601388204711945,0.359319377344645,-0.1300590594639401,0.5926210194452572,-15.05384437148943
