year,absolute_angles_radial2,degree1_absolute,degree2_quadratic,quadratic_angles_radial1,difference_deg1_minus_deg2,difference_radial1_minus_radial2_quadratic_angles,difference_radial1_minus_radial2_absolute_angles,measure
2008,8.35829276106211,2.8128067011152713,6.8569260124844895,2.4620050812139755,-4.044119311369219,-4.394920931270514,-5.545486059946839,RV
2009,1.0666878615730937,1.2044530590571003,0.784558070621866,1.2103281194648916,0.4198949884352343,0.4257700488430256,0.13776519748400662,RV
2010,2.2471747577067944,1.4244818853621704,0.8391566050106183,0.9645370306246547,0.5853252803515521,0.1253804256140364,-0.8226928723446241,RV
2011,6.69512533487331,1.539090217555263,9.210813382165123,1.689659531580931,-7.67172316460986,-7.5211538505841915,-5.156035117318048,RV
2012,1.430453293453464,1.6258719711674137,1.4426550209912934,1.7200825478841153,0.18321695017612027,0.2774275268928219,0.19541867771394972,RV
2013,3.121260014638843,2.7194148788623376,3.0262835913220316,2.672107204082012,-0.30686871245969405,-0.35417638724001943,-0.4018451357765054,RV
2014,1.0322000269341982,0.7305359152359647,1.1362549339825732,0.7497641509001342,-0.40571901874660843,-0.386490783082439,-0.3016641116982335,RV
2015,0.8895772498485658,0.8809038759485992,0.9152254043894618,0.8566404533512223,-0.03432152844086256,-0.05858495103823946,-0.008673373899966585,RV
2016,1.000004802255962,0.3726014481706733,0.9474753876266201,0.29021906035158473,-0.5748739394559468,-0.6572563272750354,-0.6274033540852887,RV
2017,0.8437102059610924,0.3608626513261096,0.8341340414322458,0.3145291621514693,-0.47327139010613617,-0.5196048792807765,-0.48284755463498275,RV
2018,1.4072211292982373,0.9262763971475549,1.4832318024705564,1.0175887359647988,-0.5569554053230015,-0.4656430665057576,-0.48094473215068234,RV
2019,0.3475753808281197,0.22090162695458254,0.41118617224611936,0.22024236780903222,-0.19028454529153682,-0.19094380443708714,-0.12667375387353713,RV
2020,1.591772133085309,1.1450798736186643,1.681516676618087,1.2883836232366066,-0.5364368029994226,-0.3931330533814803,-0.4466922594666447,RV
2021,1.0786608488225624,0.638700024165548,1.1377189004491555,0.6774423486639484,-0.4990188762836074,-0.4602765517852071,-0.43996082465701436,RV
2022,0.8155164721075541,0.7201487641765199,0.8391260776135951,0.6153976038747515,-0.1189773134370753,-0.22372847373884364,-0.09536770793103422,RV
2023,5.676249897246873,1.8081719679303592,5.797887898018873,1.7067054823787278,-3.9897159300885137,-4.091182415640145,-3.8680779293165135,RV
2024,0.6853789842126771,0.6070576857403641,0.6943116642635255,0.568703266381837,-0.08725397852316141,-0.12560839788168854,-0.07832129847231295,RV
2025,1.4265076074770648,1.0566639565688913,1.3556356467309283,0.9468191972388491,-0.29897169016203695,-0.4088164494920792,-0.3698436509081735,RV
2026,2.85956601120691,2.038496793836746,2.712363681808788,1.7570313330387568,-0.673866887972042,-0.9553323487700311,-0.8210692173701641,RV
