measure,angular_basis,n_events,exponent_hat,lr_interval_low,lr_interval_high,lr_at_exponent_1,lr_at_exponent_2,exponent_cv,bootstrap_q025,bootstrap_q975,bootstrap_share_below_1_5,bootstrap_reps,lr_log_radius_vs_best_power,cv_mse_best_power,cv_mse_log_radius,cv_mse_exponent_1,cv_mse_exponent_2,mean_elasticity_log_radius,mean_elasticity_se_cr1,p_normal_elasticity_equals_0,p_normal_elasticity_equals_1,lr_interval_on_grid_edge
BV,quadratic_angles,131,0.3,0.05,0.7,8.147357537553724,24.226962826565536,0.2,0.05,1.1,0.994994994994995,999,4.476247613318349,1.0864640934958054,1.1586263162983004,1.262969485696323,1.9637048528580463,0.7477606031418692,0.1789967514392687,2.947185497574783e-05,0.1587807037058624,True
BV,absolute_angles,131,0.35,0.2,0.6,10.48784398694022,26.583198734203837,0.3,0.2,0.95,0.995995995995996,999,6.728842983203838,1.0966745517244505,1.169489343732927,1.3139135486827098,1.853916121675465,0.7381694871198048,0.16132609004406373,4.7477511240981455e-06,0.10459169894486352,False
BV25,quadratic_angles,126,1.65,0.7,2.95,2.0212386773377164,0.4558173217492384,1.55,0.05,3.0,0.4994994994994995,999,5.47026717385617,1.5475703720308231,1.620727485225272,1.5904338435453762,1.6079158263950162,0.44947871863597494,0.201382801130188,0.02561748798344279,0.006262602044190986,False
BV25,absolute_angles,126,1.55,0.15,2.8,1.1094847010144824,0.7908700869785542,1.4,0.1,3.0,0.5835835835835835,999,5.5823793685272,1.6188373463506736,1.6479037517414734,1.6252089139446415,1.6449205578925432,0.47585255110891433,0.19151366503471867,0.012966341359976635,0.006202734604094783,False
RV,quadratic_angles,133,0.4,0.15,0.7,11.632952908625033,39.78360159297715,0.3,0.1,0.95,0.998998998998999,999,3.959477221745642,0.8826263219620173,0.9000488612026829,1.1435887526416995,2.216129524749787,0.8078014535234499,0.13477404281562705,2.0506089051086065e-09,0.15384529502391914,False
RV,absolute_angles,133,0.4,0.3,0.65,14.887293396998517,43.36262767778117,0.35,0.25,0.85,1.0,999,6.213532222982153,0.9025620062322987,0.9090011874320637,1.2017115628389543,2.240680777504875,0.8061487914309367,0.12810772259941094,3.1190738317666883e-10,0.13023163393029977,False
MedRV,quadratic_angles,133,0.1,0.05,1.1,3.480469388546109,6.989693351022379,0.1,0.05,2.5,0.8438438438438438,999,1.9064542473275528,1.531971901420959,1.6011826485685432,1.602881402422469,1.8460938886073575,0.6044857733229831,0.19765504110001586,0.0022260652809302233,0.045388851815944924,True
MedRV,absolute_angles,133,0.3,0.15,1.0,3.8054045567705885,8.070052302526499,0.3,0.15,2.3024999999999975,0.8818818818818819,999,2.803195449272494,1.536087188360146,1.6039116512949274,1.6368407680957553,1.8215878202849898,0.6002793084737539,0.189224486898943,0.0015122989427642118,0.03465084823591265,False
MinRV,quadratic_angles,131,0.2,0.05,1.15,2.8453879167728666,9.888039885893505,0.1,0.05,2.05,0.9129129129129129,999,4.278581725068517,1.5341229589046896,1.6129367991624415,1.6443196326866232,2.1149962240045266,0.6953660812536583,0.20876921218504663,0.0008660038784950841,0.14451285726536525,True
MinRV,absolute_angles,131,0.35,0.2,0.9,4.198703332105997,11.93107702382002,0.3,0.15,1.75,0.943943943943944,999,5.3935853367134365,1.5382786883474986,1.6216511593130492,1.6915932483799818,1.9905833971558478,0.6965229437708365,0.1935493511956568,0.00031983158768236444,0.11689117247577374,False
VOL,quadratic_angles,137,0.05,0.05,0.3,12.795977683803171,20.360067884846007,0.05,0.05,0.3524999999999977,0.997997997997998,999,-5.916142092620334,0.33341182979713185,0.3570666858114616,0.4834149840775637,0.5679830748633478,0.3224062867468357,0.05586785851568134,7.886214260219806e-09,7.459705134176089e-34,True
VOL,absolute_angles,137,0.25,0.15,0.5,11.158274510153827,19.665468929799903,0.1,0.1,0.45,1.0,999,-7.177166465381037,0.3342714275620457,0.37616622370173763,0.5307577683699323,0.6853268453595158,0.30176531667768614,0.06260649206235314,1.4353494868649672e-06,6.94253300988428e-29,False
