measure,period,n_events,status,abs_u_estimate,abs_u_p_wild,abs_z_estimate,abs_z_p_wild,u_estimate,u_p_wild,z_estimate,z_p_wild
BV,all,131,replication,0.09157214259360935,0.0011,0.20348516143801906,0.0098,0.01587098492733723,0.3525,0.07884843140761885,0.06525
BV,zero_lower_bound,68,replication,0.0983749117621507,0.1998,0.14541793007249595,0.2586,-0.008277790920837094,0.8571,0.06553668446737657,0.2418
BV,positive_rates,63,replication,0.14878272690968636,0.00025,0.0800796579249269,0.53945,0.005211410683156107,0.79415,-0.043478649473328225,0.702
BV25,all,126,replication,0.027768742248537422,0.369,0.2255809075173561,0.0055,0.01505359257719454,0.5243,0.08506944823046206,0.1267
BV25,zero_lower_bound,66,replication,0.0935962277665307,0.11665,0.07725321360180602,0.46885,-0.04248843916652825,0.3426,0.05291351211353756,0.2919
BV25,positive_rates,60,replication,0.07068696664199822,0.4193,-0.026670299557046195,0.8878,0.034259281283390584,0.39945,-0.07204619920540234,0.64515
RV,all,133,replication,0.12490739215963305,0.0001,0.1973588217864259,0.02965,0.029068620435106645,0.06835,0.08804034952195387,0.0813
RV,zero_lower_bound,68,replication,0.1586454840084816,0.0084,0.16358280850488663,0.22585,0.03434424688943449,0.3373,0.07089377310488472,0.24105
RV,positive_rates,65,replication,0.17637850108971137,0.0001,0.07872281280997478,0.40295,0.011627116960120327,0.44375,0.0036475970086782997,0.9512
MedRV,all,133,replication,0.08185291560041695,0.00245,0.1645427486817493,0.057,0.013099499459725028,0.5147,0.09491269639696802,0.09525
MedRV,zero_lower_bound,68,replication,0.16917286487154437,0.01415,0.052071402967522,0.69685,-0.011587614218737156,0.80595,0.0853350272259765,0.21825
MedRV,positive_rates,65,replication,0.12427431444256115,0.0016,-0.06282423787983718,0.6129,-0.007331141133825745,0.7678,-0.1115937775513947,0.37405
MinRV,all,131,replication,0.07087415294569901,0.01055,0.21957450370115314,0.0107,0.007171685262151708,0.7338,0.08566685144294782,0.09725
MinRV,zero_lower_bound,68,replication,0.09594340133244013,0.2866,0.13912308012493854,0.3139,-0.023189547963693092,0.6835,0.08254823562928057,0.20185
MinRV,positive_rates,63,replication,0.12335741520806764,0.00085,0.059969492538579534,0.6953,-0.006305794433317442,0.81925,-0.09505890011959699,0.56155
VOL,all,137,replication,0.03520031093116566,0.005,0.05820274292152824,0.1476,0.016136351742220188,0.05955,0.057134108967369236,0.10125
VOL,zero_lower_bound,70,replication,0.04668075971681908,0.0545,0.08034572605278957,0.2211,0.042578014772514536,0.0115,0.03608681492334563,0.48545
VOL,positive_rates,67,replication,0.0607703189125069,0.0075,-0.007921688531458635,0.89515,0.017553962981464447,0.2439,0.09112715774875119,0.0916
