measure,angular_basis,radial_exponent,n_events,n_mp,n_cbi,n_axis,mp_minus_cbi,se_cr1,p_normal_two_sided,information_retention_vs_independent_signs,meetings_for_80pct_power_observed_design,meetings_for_80pct_power_independent_signs,flips
BV,quadratic_angles,1.0,131,82,38,11,0.006361334326599001,0.033250825360009006,0.8482799249062556,0.5672128909904507,28092.305855596904,15934.318018941087,999
BV,absolute_angles,1.0,131,82,38,11,-0.02023256474079122,0.03564584706541608,0.5703069511342114,0.5071040998797026,3191.5009035430216,1618.4231929564417,999
BV,quadratic_angles,2.0,131,82,38,11,-0.0040389222346852785,0.0038199762415937226,0.29036736542566843,0.39038074117618815,919.7489721697289,359.052285451656,999
BV,absolute_angles,2.0,131,82,38,11,-0.005894678669878492,0.003937086573903965,0.13433642535038845,0.4165138583521491,458.67875815208,191.0460593020951,999
BV25,quadratic_angles,1.0,126,80,38,8,0.017009421984021004,0.0420402657275142,0.6857727744417974,0.5604485458898016,6041.294586238802,3385.8347661494677,999
BV25,absolute_angles,1.0,126,80,38,8,-0.020899241835016274,0.04414354307662609,0.6359005453329556,0.5074569359572595,4412.162839268705,2238.9826353597796,999
BV25,quadratic_angles,2.0,126,80,38,8,-0.00061744582938454,0.0031492319459684435,0.844561361314264,0.3911094339465614,25727.038317838815,10062.087393611433,999
BV25,absolute_angles,2.0,126,80,38,8,-0.0037832141089973385,0.0037069388488024857,0.3074552004943061,0.423018586690261,949.4830626341063,401.6489832418202,999
RV,quadratic_angles,1.0,133,84,38,11,0.04260547196055268,0.03987713363204966,0.2853317229383733,0.5409787387036237,914.4846536907629,494.71675451744903,999
RV,absolute_angles,1.0,133,84,38,11,0.013619863397843119,0.0396416355433189,0.7311661473404825,0.4899167241935471,8843.3525865812,4332.506330106394,999
RV,quadratic_angles,2.0,133,84,38,11,-0.0010656826832792226,0.004673183831655774,0.8196135068241776,0.3555105891943952,20073.783174723565,7136.4424838065115,999
RV,absolute_angles,2.0,133,84,38,11,-0.003227869093915683,0.004412227181640525,0.46442884305528165,0.3957869959644926,1950.48771770789,771.977674457245,999
MedRV,quadratic_angles,1.0,133,84,38,11,0.014360123118499036,0.04304292377603427,0.7386638189845043,0.5459854193421851,9378.783629194586,5120.679112705427,999
MedRV,absolute_angles,1.0,133,84,38,11,-0.0198298684814543,0.04551841842397592,0.663094362564162,0.49157463827195463,5500.3962251646935,2703.855284737759,999
MedRV,quadratic_angles,2.0,133,84,38,11,-0.0025505055113353597,0.004063435517726494,0.5302187003799481,0.369734700001528,2649.6806099512382,979.6788654201869,999
MedRV,absolute_angles,2.0,133,84,38,11,-0.005287843917203882,0.004391528328991474,0.228550520182346,0.4067284145388466,720.0015608670658,292.84509331695654,999
MinRV,quadratic_angles,1.0,131,82,38,11,-0.010517991531152732,0.03978216989305962,0.7914797332935191,0.5672128909904507,14709.241289321857,8343.271275992354,999
MinRV,absolute_angles,1.0,131,82,38,11,-0.04126631913148462,0.04336525909288999,0.3413006001318325,0.5071040998797026,1135.4588413639517,575.7958337003167,999
MinRV,quadratic_angles,2.0,131,82,38,11,-0.005116974025988994,0.003938470161567775,0.19386540630523053,0.39038074117618815,609.1267391508112,237.7913478999283,999
MinRV,absolute_angles,2.0,131,82,38,11,-0.007351963091240514,0.004172102880972082,0.07804023271359092,0.4165138583521491,331.1176663285875,137.91509677107948,999
VOL,quadratic_angles,1.0,137,85,40,12,-0.024572955669373252,0.029102944082732302,0.39847606430879345,0.3420436561233636,1508.2984930826578,515.9039310993521,999
VOL,absolute_angles,1.0,137,85,40,12,-0.015285227320390206,0.02871075924970918,0.5944581719402878,0.29647333322552344,3793.7944153854505,1124.7588759017005,999
VOL,quadratic_angles,2.0,137,85,40,12,-0.0064948469742193374,0.003182686874767791,0.04128259698925653,0.12793987932153342,258.21307037962123,33.035749063611355,999
VOL,absolute_angles,2.0,137,85,40,12,-0.005154910455646311,0.003546045141762435,0.1460275714382873,0.08197542927310877,508.8321105481347,41.711730690125286,999
