angular_basis,exponent,sse,lr,cv_mse,measure
quadratic_angles,0.05,130.39477529043006,1.4050830231327665,1.0985647366714033,BV
quadratic_angles,0.1,129.81811773552667,0.8244641116013155,1.091665793028659,BV
quadratic_angles,0.15,129.40101446383014,0.40288584856357174,1.0877666988130705,BV
quadratic_angles,0.2,129.13358491673966,0.1318715762152529,1.0864640934958054,BV
quadratic_angles,0.25,129.00488234419694,0.0012437114182978779,1.087423697277561,BV
quadratic_angles,0.3,129.0036575802003,0.0,1.0903687282753054,BV
quadratic_angles,0.35,129.1188957564478,0.11696926050242541,1.0950697932145914,BV
quadratic_angles,0.4,129.34013991422907,0.3412445826888306,1.1013366437412053,BV
quadratic_angles,0.45,129.65763974454046,0.6624249314961743,1.109011762739293,BV
quadratic_angles,0.5,130.06237260859984,1.0707111288513527,1.1179654515592343,BV
quadratic_angles,0.55,130.54598297758827,1.5569045274950137,1.128091980594011,BV
quadratic_angles,0.6,131.1006803045869,2.1123517691335527,1.1393064109464135,BV
quadratic_angles,0.65,131.71912726831147,2.7288707638854097,1.1515418273530986,BV
quadratic_angles,0.7,132.39434187858353,3.398683681323898,1.164746873304435,BV
quadratic_angles,0.75,133.11962867235985,4.114373376377203,1.1788835975392495,BV
quadratic_angles,0.8,133.88854635607998,4.86887083701611,1.193925682835089,BV
quadratic_angles,0.85,134.6949120302904,5.655473417411869,1.2098571354588687,BV
quadratic_angles,0.9,135.5328360359096,6.467887370681508,1.2266714863027712,BV
quadratic_angles,0.95,136.3967770600443,7.300284060903949,1.2443715163275106,BV
quadratic_angles,1.0,137.28160488724998,8.147357537553724,1.262969485696323,BV
quadratic_angles,1.05,138.18265821650184,9.00437184346739,1.2824878213672417,BV
quadratic_angles,1.1,139.09578702006564,9.867189042227674,1.3029601954287475,BV
quadratic_angles,1.15,140.0173723882325,10.732272739588625,1.3244328978616053,BV
quadratic_angles,1.2,140.94432088990484,11.596665980410753,1.3469663707456612,BV
quadratic_angles,1.25,141.87403440073132,12.457946066073877,1.3706367336984975,BV
quadratic_angles,1.3,142.80435949798277,13.314161530333594,1.3955371062842834,BV
quadratic_angles,1.35,143.73352254588738,14.163757995904774,1.4217785353081476,BV
quadratic_angles,1.4,144.6600574180099,15.00549993668841,1.4494903692344454,BV
quadratic_angles,1.45,145.58273256405909,15.83839470944311,1.4788199846617884,BV
quadratic_angles,1.5,146.5004831023826,16.661623910738037,1.5099318492768006,BV
quadratic_angles,1.55,147.41235213162673,17.474485492730185,1.5430059872244775,BV
quadratic_angles,1.6,148.31744381205397,18.276348422778867,1.5782359831889434,BV
quadratic_angles,1.65,149.21488921275096,19.0666202082755,1.6158267121104106,BV
quadratic_angles,1.7,150.10382461820518,19.844726454915865,1.6559920091912226,BV
quadratic_angles,1.75,150.98338101932052,20.610100832510184,1.6989525008504536,BV
quadratic_angles,1.8,151.85268289644418,21.362183376562736,1.744933805297489,BV
quadratic_angles,1.85,152.71085410486714,22.100424906928595,1.7941652859035429,BV
quadratic_angles,1.9,153.55702863843982,22.82429542810099,1.846879505580584,BV
quadratic_angles,1.95,154.39036420520662,23.533294616012363,1.903312488920351,BV
quadratic_angles,2.0,155.2100568321,24.226962826565536,1.9637048528580463,BV
quadratic_angles,2.05,156.01535506409357,24.90489142618664,2.028303817389208,BV
quadratic_angles,2.1,156.8055726893736,25.566731603226263,2.0973660565246957,BV
quadratic_angles,2.15,157.58009927169707,26.21220114339977,2.1711612977210835,BV
quadratic_angles,2.2,158.33840808187614,26.84108892682612,2.249976527707974,BV
quadratic_angles,2.25,159.08006128005638,27.453257122079165,2.334120617016547,BV
quadratic_angles,2.3,159.80471240471212,28.04864121420753,2.423929138309341,BV
quadratic_angles,2.35,160.51210637418836,28.627248113508024,2.5197691286812716,BV
quadratic_angles,2.4,161.20207730691914,29.18915265706504,2.6220435367694033,BV
quadratic_angles,2.45,161.8745445239711,29.734492843885214,2.731195103796113,BV
quadratic_angles,2.5,162.5295071200315,30.263464145138514,2.8477094537138314,BV
quadratic_angles,2.55,163.16703748422304,30.77631321129549,2.9721172093662,BV
quadratic_angles,2.6,163.787274127543,31.273331264609844,3.104995004920877,BV
quadratic_angles,2.65,164.39041413587,31.75484742414763,3.2469653243504837,BV
quadratic_angles,2.7,164.9767055219403,32.22122216595889,3.398695155211564,BV
quadratic_angles,2.75,165.54643970100142,32.6728410765014,3.560893501011517,BV
quadratic_angles,2.8,166.09994426650852,33.110109015545746,3.7343078397356178,BV
quadratic_angles,2.85,166.637576196771,33.533444767150286,3.9197196482447705,BV
quadratic_angles,2.9,167.1597155825704,33.94327622482076,4.117939132313633,BV
quadratic_angles,2.95,167.66675993042213,34.34003613003249,4.329799311168011,BV
quadratic_angles,3.0,168.15911906671897,34.72415836183269,4.556149606768871,BV
absolute_angles,0.05,162.08228711723928,31.90242125793062,1.431541576328593,BV
absolute_angles,0.1,145.37799525441756,17.6539524884333,1.2644296558831107,BV
absolute_angles,0.15,135.46779134752964,8.404919607256378,1.1676252109628782,BV
absolute_angles,0.2,130.47783089626478,3.4884141919218705,1.121356890845685,BV
absolute_angles,0.25,128.15842986999914,1.1387848006112884,1.1019231584507747,BV
absolute_angles,0.3,127.22978417325237,0.18609304935830756,1.0966745517244505,BV
absolute_angles,0.35,127.04917524581555,0.0,1.0994045738868379,BV
absolute_angles,0.4,127.29283220222774,0.2509933091648615,1.1069411084443532,BV
absolute_angles,0.45,127.79078531109073,0.7624486566949745,1.1175741709504816,BV
absolute_angles,0.5,128.44900023666128,1.435461590415117,1.1303389729161435,BV
absolute_angles,0.55,129.2125178986887,2.211837567771552,1.144670864011293,BV
absolute_angles,0.6,130.0474198550644,3.055566339111064,1.1602296129983578,BV
absolute_angles,0.65,130.9316455781794,3.9432544972994528,1.1768050995259243,BV
absolute_angles,0.7,131.85013474755948,4.859014874803264,1.194264073984381,BV
absolute_angles,0.75,132.79216952851456,5.791647908513806,1.2125186336705498,BV
absolute_angles,0.8,133.74987582684741,6.733038335839216,1.2315068437838554,BV
absolute_angles,0.85,134.71735033099796,7.677211004511408,1.2511806653797288,BV
absolute_angles,0.9,135.69012915179238,8.619748359684218,1.2714986709896572,BV
absolute_angles,0.95,136.664842480929,9.557406963808441,1.2924221324404233,BV
absolute_angles,1.0,137.63896976942266,10.48784398694022,1.3139135486827098,BV
absolute_angles,1.05,138.61064980973077,11.409406235072504,1.3359368681496904,BV
absolute_angles,1.1,139.57852319469066,12.320958066208695,1.3584587386708908,BV
absolute_angles,1.15,140.5415976471645,13.221737703139397,1.3814501927950518,BV
absolute_angles,1.2,141.49913340463968,14.111238065041196,1.4048882911030767,BV
absolute_angles,1.25,142.45054856792618,14.989110876506759,1.4287574010580495,BV
absolute_angles,1.3,143.39534473102543,15.855093218627971,1.4530499603585703,BV
absolute_angles,1.35,144.33305247515614,16.708955058990945,1.4777667318456345,BV
absolute_angles,1.4,145.26319522848723,17.550465407651767,1.5029166787382056,BV
absolute_angles,1.45,146.18526903989465,18.37937402871585,1.5285166634373866,BV
absolute_angles,1.5,147.09873521402346,19.195405275042003,1.5545912007034157,BV
absolute_angles,1.55,148.00302255379256,19.998260623624216,1.5811724842200345,BV
absolute_angles,1.6,148.8975360983511,20.787626796798747,1.6083008647947574,BV
absolute_angles,1.65,149.78166962618442,21.56318685067313,1.6360258989962375,BV
absolute_angles,1.7,150.65481970516726,22.32463219071226,1.6644080179994905,BV
absolute_angles,1.75,151.51639962106748,23.071674050632776,1.693520795879025,BV
absolute_angles,1.8,152.3658520363735,23.804053487986025,1.723453732236148,BV
absolute_angles,1.85,153.20265968168314,24.52154937758406,1.7543154134536154,BV
absolute_angles,1.9,154.0263537435997,25.2239842124102,1.786236887129005,BV
absolute_angles,1.95,154.83651988352486,25.91122775512693,1.8193750808316982,BV
absolute_angles,2.0,155.63280200853796,26.583198734203837,1.853916121675465,BV
absolute_angles,2.05,156.4149040317525,27.23986486309213,1.8900784654246425,BV
absolute_angles,2.1,157.1825899201067,27.88124149526177,1.9281158163832686,BV
absolute_angles,2.15,157.93568234705293,28.50738922730758,1.9683199016576765,BV
absolute_angles,2.2,158.67406025894502,29.118410739312363,2.011023243025025,BV
absolute_angles,2.25,159.3976556376653,29.714447126086572,2.0566021346424512,BV
absolute_angles,2.3,160.10644970636295,30.295673932045894,2.1054800763409856,BV
absolute_angles,2.35,160.80046878602417,30.862297061317186,2.1581319262054373,BV
absolute_angles,2.4,161.47977997198336,31.41454869632072,2.215089023727639,BV
absolute_angles,2.45,162.14448676389048,31.952683324284543,2.2769455015936613,BV
absolute_angles,2.5,162.79472475139698,32.476973942625186,2.344365958269661,BV
absolute_angles,2.55,163.43065743139107,32.987708490901355,2.41809461357175,BV
absolute_angles,2.6,164.0524722109435,33.48518653872854,2.4989660225362162,BV
absolute_angles,2.65,164.66037663282518,33.96971624502738,2.5879173836538203,BV
absolute_angles,2.7,165.25459484695529,34.44161159356038,2.68600244753681,BV
absolute_angles,2.75,165.8353643408219,34.90118990221529,2.794407009975462,BV
absolute_angles,2.8,166.40293293417807,35.34876959827978,2.914465956047528,BV
absolute_angles,2.85,166.9575560376099,35.78466824848243,3.0476818049701095,BV
absolute_angles,2.9,167.4994941704421,36.20920083040528,3.1957446840417973,BV
absolute_angles,2.95,168.02901073049955,36.62267823063872,3.360553630006421,BV
absolute_angles,3.0,168.54637000618962,37.02540595448533,3.5442390733962914,BV
quadratic_angles,0.05,180.91574338871246,6.244399135223037,1.6984265493718,BV25
quadratic_angles,0.1,180.74212411456116,6.1234227529055705,1.6970701938915773,BV25
quadratic_angles,0.15,180.57134685734448,6.004313238644614,1.6948952993837108,BV25
quadratic_angles,0.2,180.39271953562792,5.879608058993734,1.6918303776774057,BV25
quadratic_angles,0.25,180.19800198297037,5.743529049992961,1.6878895720830753,BV25
quadratic_angles,0.3,179.98148397863892,5.592041955945267,1.6831468503357232,BV25
quadratic_angles,0.35,179.73978051453253,5.422718404258751,1.6777122311004278,BV25
quadratic_angles,0.4,179.47147173517894,5.234489821362318,1.671712313981944,BV25
quadratic_angles,0.45,179.17669516533903,5.027368416089996,1.665275932594553,BV25
quadratic_angles,0.5,178.8567632963844,4.802185963082045,1.6585246528407909,BV25
quadratic_angles,0.55,178.51384488324794,4.560376858877719,1.6515672443063623,BV25
quadratic_angles,0.6,178.1507211072926,4.303813039862433,1.6444970864088693,BV25
quadratic_angles,0.65,177.77061030944503,4.034686272177169,1.6373915743402403,BV25
quadratic_angles,0.7,177.37704631686316,3.755427307973191,1.6303128135249836,BV25
quadratic_angles,0.75,176.97379316678342,3.4686498367077547,1.6233091309269017,BV25
quadratic_angles,0.8,176.56478078136703,3.177108334011748,1.6164171293082819,BV25
quadratic_angles,0.85,176.15404977190565,2.8836613949707037,1.6096641434564816,BV25
quadratic_angles,0.9,175.74569757037872,2.591234924784767,1.60307102422521,BV25
quadratic_angles,0.95,175.34382164585907,2.302782061152363,1.5966551880321072,BV25
quadratic_angles,1.0,174.95245831663746,2.0212386773377164,1.5904338435453762,BV25
quadratic_angles,1.05,174.57551760648946,1.749474749054866,1.5844272634908307,BV25
quadratic_angles,1.1,174.21671586678076,1.4902428579079399,1.5786619270241857,BV25
quadratic_angles,1.15,173.87950867283354,1.2461257619293966,1.5731733325992872,BV25
quadratic_angles,1.2,173.56702693262045,1.0194853678099915,1.568008282315841,BV25
quadratic_angles,1.25,173.28201928235063,0.8124156214276089,1.5632264685489734,BV25
quadratic_angles,1.3,173.02680370593444,0.6267017942569455,1.5589012474735993,BV25
quadratic_angles,1.35,172.80323091214993,0.46378837944942614,1.5551195522671843,BV25
quadratic_angles,1.4,172.6126613613201,0.32475733670968904,1.5519809699163694,BV25
quadratic_angles,1.45,172.45595701055186,0.21031778177549007,1.549596069566383,BV25
quadratic_angles,1.5,172.3334879295605,0.1208074729169731,1.5480841205446327,BV25
quadratic_angles,1.55,172.2451530282412,0.05620568692631792,1.5475703720308231,BV25
quadratic_angles,1.6,172.19041332851916,0.016156383679284337,1.548183084965741,BV25
quadratic_angles,1.65,172.16833558223703,0.0,1.5500505136577896,BV25
quadratic_angles,1.7,172.17764362923472,0.006811834566382619,1.5532980338847662,BV25
quadratic_angles,1.75,172.21677471772898,0.03544480251725965,1.5580456096832818,BV25
quadratic_angles,1.8,172.28393805581914,0.08457434212514053,1.5644057844833255,BV25
quadratic_angles,1.85,172.37717309024742,0.1527434174551174,1.5724823738391782,BV25
quadratic_angles,1.9,172.49440536626983,0.23840583947253344,1.5823700249526882,BV25
quadratic_angles,1.95,172.63349825745465,0.3399664786102985,1.594154789400341,BV25
quadratic_angles,2.0,172.79229931726317,0.4558173217492384,1.6079158263950162,BV25
quadratic_angles,2.05,172.96868045489026,0.5843687001229545,1.6237283114681211,BV25
quadratic_angles,2.1,173.16057154639134,0.7240753551739322,1.6416675680822137,BV25
quadratic_angles,2.15,173.365987439993,0.873457299814291,1.661814368179412,BV25
quadratic_angles,2.2,173.58304859286977,1.0311156645327595,1.6842612657395757,BV25
quadratic_angles,2.25,173.8099957846232,1.195743890064329,1.7091197416958896,BV25
quadratic_angles,2.3,174.04519949487727,1.3661347447101686,1.7365278579925596,BV25
quadratic_angles,2.35,174.287164616941,1.5411837118736271,1.766658053234038,BV25
quadratic_angles,2.4,174.53453121622778,1.7198893205396222,1.7997246717404576,BV25
quadratic_angles,2.45,174.78607204123838,1.9013509871796015,1.8359908089462762,BV25
quadratic_angles,2.5,175.0406874659884,2.0847649102806263,1.8757740820339661,BV25
quadratic_angles,2.55,175.2973984942423,2.269418515728051,1.9194509937063438,BV25
quadratic_angles,2.6,175.5553383948482,2.4546838986912767,1.967459642505157,BV25
quadratic_angles,2.65,175.81374346947058,2.6400106502625666,2.0203006348443187,BV25
quadratic_angles,2.7,176.07194338339121,2.824918398478427,2.078536159746367,BV25
quadratic_angles,2.75,176.32935141994454,3.008989336083959,2.1427872853488155,BV25
quadratic_angles,2.8,176.58545495179249,3.191860953225923,2.213729617000195,BV25
quadratic_angles,2.85,176.8398063591315,3.3732191432930057,2.2920875142881245,BV25
quadratic_angles,2.9,177.09201456700686,3.5527918049879594,2.3786270971501096,BV25
quadratic_angles,2.95,177.3417373217766,3.7303430237412702,2.474148281477721,BV25
quadratic_angles,3.0,177.5886742806997,3.905667880825436,2.57947607776694,BV25
absolute_angles,0.05,187.33195879035836,10.477152855165082,1.8248464281685393,BV25
absolute_angles,0.1,180.04836708753194,5.480408284272164,1.7144949192344077,BV25
absolute_angles,0.15,176.58433327267073,3.032612626140253,1.6532840564497686,BV25
absolute_angles,0.2,175.36669309593307,2.1607681767370583,1.6277205326721658,BV25
absolute_angles,0.25,175.10457937712474,1.972300035000723,1.6197462408966605,BV25
absolute_angles,0.3,175.1903816002518,2.0340256179212157,1.6190398377301567,BV25
absolute_angles,0.35,175.36934288297664,2.162672019702967,1.6208467172963539,BV25
absolute_angles,0.4,175.53783638850746,2.2836737237579565,1.6231734542258625,BV25
absolute_angles,0.45,175.65583395318149,2.3683432093664507,1.6252567621989755,BV25
absolute_angles,0.5,175.7106933625065,2.4076883665954303,1.6268600665855941,BV25
absolute_angles,0.55,175.7018614764223,2.4013549693873872,1.627962871150021,BV25
absolute_angles,0.6,175.63417022132302,2.352802600836805,1.6286239657093657,BV25
absolute_angles,0.65,175.51479325449438,2.2671324154488652,1.6289214989402006,BV25
absolute_angles,0.7,175.3518245845698,2.1500847805749013,1.6289278580670687,BV25
absolute_angles,0.75,175.1535975273073,2.007567088680444,1.6287008556544107,BV25
absolute_angles,0.8,174.92834550402162,1.8454235710519622,1.628282821211283,BV25
absolute_angles,0.85,174.68401860591757,1.6693131279831614,1.6277035584456483,BV25
absolute_angles,0.9,174.42816837532703,1.4846324664199038,1.6269850252721465,BV25
absolute_angles,0.95,174.16786119722843,1.2964564245017278,1.6261464370012715,BV25
absolute_angles,1.0,173.9096047219591,1.1094847010144824,1.6252089139446415,BV25
absolute_angles,1.05,173.65928365690922,0.9279928546256718,1.6241990718993946,BV25
absolute_angles,1.1,173.42210663716392,0.7557893889531921,1.623151196433776,BV25
absolute_angles,1.15,173.20256757575933,0.5961820240208785,1.6221078737888752,BV25
absolute_angles,1.2,173.00442454296237,0.45195602381471955,1.6211191597846746,BV25
absolute_angles,1.25,172.83069786498496,0.3253664332955077,1.6202405325691993,BV25
absolute_angles,1.3,172.68368744883256,0.21814476994176066,1.6195299821868792,BV25
absolute_angles,1.35,172.5650077701534,0.13151944559064577,1.6190446392466888,BV25
absolute_angles,1.4,172.47563775386902,0.06624816552713177,1.6188373463506736,BV25
absolute_angles,1.45,172.4159820342765,0.02265985944863404,1.6189535441033336,BV25
absolute_angles,1.5,172.38593979680752,0.000703358101006537,1.6194287923128043,BV25
absolute_angles,1.55,172.38497750546753,0.0,1.6202871857745371,BV25
absolute_angles,1.6,172.41220220387467,0.0198975641814802,1.6215408566424532,BV25
absolute_angles,1.65,172.46643263417874,0.05952329674004596,1.623190681391815,BV25
absolute_angles,1.7,172.54626604950076,0.11783425484958915,1.6252282275984709,BV25
absolute_angles,1.75,172.6501392255933,0.19366366896102347,1.6276388833167124,BV25
absolute_angles,1.8,172.77638275351748,0.28576247559301854,1.6304060126088005,BV25
absolute_angles,1.85,172.9232681864149,0.3928355698730061,1.6335158826576446,BV25
absolute_angles,1.9,173.08904800685917,0.5135726534779933,1.6369630233440813,BV25
absolute_angles,1.95,173.27198867666758,0.646673805732659,1.6407556240038215,BV25
absolute_angles,2.0,173.4703972367554,0.7908700869785542,1.6449205578925432,BV25
absolute_angles,2.05,173.68264205353285,0.9449396022605393,1.649507661086207,BV25
absolute_angles,2.1,173.90716837516646,1.1077195204963246,1.6545929791758798,BV25
absolute_angles,2.15,174.14250938026302,1.278114570723523,1.660280822650576,BV25
absolute_angles,2.2,174.3872933863006,1.4551025332288796,1.6667046224983881,BV25
absolute_angles,2.25,174.64024784659466,1.6377372185305827,1.6740267288617545,BV25
absolute_angles,2.3,174.90020071172188,1.825149388880261,1.6824374254304872,BV25
absolute_angles,2.35,175.16607967105477,2.016546031144799,1.6921535236084269,BV25
absolute_angles,2.4,175.43690972743147,2.2112083410668735,1.7034169446686873,BV25
absolute_angles,2.45,175.7118094965201,2.408488730172435,1.7164936957494292,BV25
absolute_angles,2.5,175.98998656441063,2.60780712010319,1.7316736052312962,BV25
absolute_angles,2.55,176.27073218372394,2.8086467462120117,1.749271118376204,BV25
absolute_angles,2.6,176.55341554071748,3.0105496535514944,1.7696273801571076,BV25
absolute_angles,2.65,176.83747778367518,3.2131120341755985,1.7931137624255735,BV25
absolute_angles,2.7,177.12242596615138,3.4159795249149023,1.82013693665268,BV25
absolute_angles,2.75,177.40782702706676,3.6188425592525,1.851145556708453,BV25
absolute_angles,2.8,177.69330190278865,3.8214318452872633,1.8866385994418686,BV25
absolute_angles,2.85,177.9785198436888,4.023514023629808,1.9271754118277629,BV25
absolute_angles,2.9,178.26319298876516,4.224887544036862,1.9733875275911839,BV25
absolute_angles,2.95,178.5470712362684,4.425378787247249,2.0259923377816267,BV25
absolute_angles,3.0,178.82993743545885,4.624838448479036,2.085808723067649,BV25
quadratic_angles,0.05,110.39799256388366,5.717754523113764,0.9248653856722452,RV
quadratic_angles,0.1,109.09592258325381,4.139785140977753,0.907917401186539,RV
quadratic_angles,0.15,108.01742870806117,2.8184397297413284,0.8957055629593225,RV
quadratic_angles,0.2,107.15868627505574,1.7568595449224145,0.8876975920954869,RV
quadratic_angles,0.25,106.51261033430188,0.9525553322644967,0.8834556539645257,RV
quadratic_angles,0.3,106.06995010254721,0.39866327456982376,0.8826263219620173,RV
quadratic_angles,0.35,105.82023089022056,0.08517380129082426,0.8849292303702144,RV
quadratic_angles,0.4,105.75248483070365,0.0,0.8901455863041251,RV
quadratic_angles,0.45,105.85575580501107,0.1298157447182719,0.8981072989045774,RV
quadratic_angles,0.5,106.11939372889722,0.4606456748622373,0.9086870167488538,RV
quadratic_angles,0.55,106.53317081253519,0.9782262805348456,0.9217890393729062,RV
quadratic_angles,0.6,107.08726110157465,1.668180636021359,0.9373409465254594,RV
quadratic_angles,0.65,107.77212769264196,2.5160613417609934,0.9552858385665006,RV
quadratic_angles,0.7,108.57836137883265,3.5073193425029006,0.97557522789184,RV
quadratic_angles,0.75,109.49651090803167,4.627252213712334,0.9981627802009347,RV
quadratic_angles,0.8,110.51693876695933,5.8609756846939,1.022999207793733,RV
quadratic_angles,0.85,111.62972771373964,7.193448237133755,1.0500286284163156,RV
quadratic_angles,0.9,112.8246528577134,8.609562684702864,1.0791866224255875,RV
quadratic_angles,0.95,114.09122308179604,10.094303129023919,1.1104000779924192,RV
quadratic_angles,1.0,115.41878543337558,11.632952908625033,1.1435887526416995,RV
quadratic_angles,1.05,116.79667810017735,13.21133078848682,1.1786683393895874,RV
quadratic_angles,1.1,118.2144126481472,14.816029372797383,1.215554729607714,RV
quadratic_angles,1.15,119.66186463543707,16.434631215140932,1.2541691150912877,RV
quadratic_angles,1.2,121.12945322590357,18.05588318748342,1.2944435580831113,RV
quadratic_angles,1.25,122.60829424142686,19.669816775305314,1.3363266672324652,RV
quadratic_angles,1.3,124.09031621839856,21.267809514554735,1.3797890421223584,RV
quadratic_angles,1.35,125.56833447617134,22.842589513874294,1.4248281885274803,RV
quadratic_angles,1.4,127.03608315032034,24.388190120599212,1.471472663593875,RV
quadratic_angles,1.45,128.4882090523728,25.899864979101647,1.519785285190233,RV
quadratic_angles,1.5,129.92023384202457,27.373975071093163,1.5698653280797596,RV
quadratic_angles,1.55,131.32849233799686,28.807859146761672,1.6218497217517793,RV
quadratic_angles,1.6,132.71005502513663,30.199697695742405,1.6759133492203078,RV
quadratic_angles,1.65,134.06264220946127,31.548378718226576,1.7322686128116949,RV
quadratic_angles,1.7,135.38453612760168,32.85337142750301,1.7911644757552707,RV
quadratic_angles,1.75,136.67449590705434,34.11461193902427,1.8528852056543434,RV
quadratic_angles,1.8,137.93167882053524,35.332403169255976,1.9177490399044879,RV
quadratic_angles,1.85,139.15556993900094,36.50732968126155,1.9861069685553265,RV
quadratic_angles,1.9,140.34592115853974,37.64018710362378,2.0583417926772603,RV
quadratic_angles,1.95,141.50269969845357,38.731924996263636,2.1348675715568537,RV
quadratic_angles,2.0,142.6260455438494,39.78360159297715,2.216129524749787,RV
quadratic_angles,2.05,143.71623691203854,40.796348654484305,2.302604408853554,RV
quadratic_angles,2.1,144.77366261950732,41.771344653651965,2.394801346451236,RV
quadratic_angles,2.15,145.79880017121442,42.70979462752762,2.4932630477681847,RV
quadratic_angles,2.2,146.79219844347563,43.61291521911442,2.598567335237666,RV
quadratic_angles,2.25,147.75446394755744,44.481923656124756,2.7113288579639336,RV
quadratic_angles,2.3,148.68624981202706,45.3180296453421,2.8322008672180585,RV
quadratic_angles,2.35,149.5882467840135,46.12242938005309,2.961876915536481,RV
quadratic_angles,2.4,150.46117570600097,46.896301052362396,3.1010923403874577,RV
quadratic_angles,2.45,151.3057810649128,47.64080142618264,3.2506253981280087,RV
quadratic_angles,2.5,152.12282532837355,48.357063158845236,3.411297924233546,RV
quadratic_angles,2.55,152.91308387725414,49.04619266114511,3.583975410455506,RV
quadratic_angles,2.6,153.67734041469902,49.70926836061485,3.769566407372079,RV
quadratic_angles,2.65,154.41638278227475,50.34733928523417,3.969021180624548,RV
quadratic_angles,2.7,155.13099914706163,50.96142391920809,4.183329569692937,RV
quadratic_angles,2.75,155.8219745431208,51.55250930326033,4.41351801881593,RV
quadratic_angles,2.8,156.49008776038278,52.12155036297429,4.660645770100661,RV
quadratic_angles,2.85,157.13610857678955,52.6694694533129,4.925800228978255,RV
quadratic_angles,2.9,157.76079532811593,53.197156108118556,5.210091532665218,RV
quadratic_angles,2.95,158.36489280632546,53.705466982028575,5.514646373278214,RV
quadratic_angles,3.0,158.94913047306022,54.19522597016345,5.840601149796765,RV
absolute_angles,0.05,155.17984915602412,52.9372818967658,1.323414195897729,RV
absolute_angles,0.1,134.25517456267738,33.673231453935664,1.1285141644228291,RV
absolute_angles,0.15,120.4899852879769,19.285871727468425,1.0115365267908596,RV
absolute_angles,0.2,112.62049903389739,10.302667505552602,0.9505791394565558,RV
absolute_angles,0.25,108.26003187970849,5.050801396637488,0.9198512692581907,RV
absolute_angles,0.3,105.89127900150632,2.1084240577182527,0.905998795174066,RV
absolute_angles,0.35,104.69311669136417,0.5949471797355548,0.9025620062322987,RV
absolute_angles,0.4,104.22584023665814,0.0,0.9061815468710073,RV
absolute_angles,0.45,104.24574288040753,0.025394843624552178,0.9149769529088552,RV
absolute_angles,0.5,104.61093683892175,0.49050657524511254,0.927839816827098,RV
absolute_angles,0.55,105.23415993092522,1.2805075447035323,0.9440929700808705,RV
absolute_angles,0.6,106.05851058985922,2.3183021227951617,0.9633104130042142,RV
absolute_angles,0.65,107.04450047340535,3.549045786511743,0.9852151812627632,RV
absolute_angles,0.7,108.16289058849327,4.931407457659915,1.0096180903379721,RV
absolute_angles,0.75,109.39061656502368,6.432548859268421,1.0363794114758391,RV
absolute_angles,0.8,110.70844287457737,8.025222577228933,1.0653843426915393,RV
absolute_angles,0.85,112.09962614005829,9.68611196661089,1.096527464658052,RV
absolute_angles,0.9,113.54918399941235,11.39490757005267,1.1297035415573666,RV
absolute_angles,0.95,115.04352847932711,13.133813809564511,1.164803084448946,RV
absolute_angles,1.0,116.57031140312374,14.887293396998517,1.2017115628389543,RV
absolute_angles,1.05,118.11838195541256,16.64192730612993,1.2403113233244916,RV
absolute_angles,1.1,119.67779102429436,18.38631517141514,1.2804853321234935,RV
absolute_angles,1.15,121.23980145156254,20.110973763465466,1.3221219091726855,RV
absolute_angles,1.2,122.79688133089903,21.808213964898734,1.365119718854976,RV
absolute_angles,1.25,124.34267049900696,23.471991688035587,1.4093924367766062,RV
absolute_angles,1.3,125.87191917677714,25.09773706847493,1.4548727047528354,RV
absolute_angles,1.35,127.38040303470069,26.682170522960504,1.5015151857503728,RV
absolute_angles,1.4,128.8648215283364,28.22311528387324,1.549298706768178,RV
absolute_angles,1.45,130.32268695248672,29.719315061438454,1.5982276105055109,RV
absolute_angles,1.5,131.75221101846853,31.17026353380477,1.6483325189711011,RV
absolute_angles,1.55,133.1521944636035,32.576050133545905,1.6996707474623487,RV
absolute_angles,1.6,134.52192369324658,33.93722452658965,1.7523266056117104,RV
absolute_angles,1.65,135.86107701472363,35.25468048832309,1.806411795789635,RV
absolute_angles,1.7,137.16964180072404,36.52955864042815,1.8620660797506283,RV
absolute_angles,1.75,138.4478429733461,37.76316669590712,1.9194583415618836,RV
absolute_angles,1.8,139.69608252506782,38.95691539710727,1.9787881355938934,RV
absolute_angles,1.85,140.91488935298906,40.11226813613798,2.0402877773954304,RV
absolute_angles,1.9,142.1048784289323,41.230702237161566,2.104225015363751,RV
absolute_angles,1.95,143.26671821149785,42.313679987520175,2.1709063132834445,RV
absolute_angles,2.0,144.40110518446733,43.36262767778117,2.240680777504875,RV
absolute_angles,2.05,145.50874444536555,44.37892111311131,2.3139447757907967,RV
absolute_angles,2.1,146.59033534366245,45.363876266186544,2.3911473145230273,RV
absolute_angles,2.15,147.64656126273013,46.31874394092531,2.4727962631705562,RV
absolute_angles,2.2,148.67808274185845,47.2447074991837,2.559465535770419,RV
absolute_angles,2.25,149.68553323724274,48.14288286600916,2.651803355437415,RV
absolute_angles,2.3,150.66951691964218,49.0143201725303,2.7505417376426933,RV
absolute_angles,2.35,151.63060799897357,49.86000651990331,2.85650733074935,RV
absolute_angles,2.4,152.56935115118688,50.68086945441067,2.970633749036581,RV
absolute_angles,2.45,153.48626269976342,51.47778083451083,3.0939755260282857,RV
absolute_angles,2.5,154.3818322728661,52.251560847043784,3.2277238064085996,RV
absolute_angles,2.55,155.25652471758377,53.00298199348811,3.3732238846790814,RV
absolute_angles,2.6,156.11078210503638,53.73277291958946,3.5319946883255384,RV
absolute_angles,2.65,156.94502570467967,54.441622004184104,3.7057502921224112,RV
absolute_angles,2.7,157.7596578434054,55.13018065686249,3.8964235356413925,RV
absolute_angles,2.75,158.55506359552396,55.79906630042147,4.1061917956555645,RV
absolute_angles,2.8,159.3316122740641,56.44886503393085,4.337504934779297,RV
absolute_angles,2.85,160.0896587126985,57.08013398669162,4.5931154037239565,RV
absolute_angles,2.9,160.82954434171978,57.69340338333809,4.876110413347341,RV
absolute_angles,2.95,161.5515980715436,58.289178346670056,5.189946010362857,RV
absolute_angles,3.0,162.25613700389226,58.86794046825959,5.538482785917525,RV
quadratic_angles,0.05,177.15193154535365,0.04623881435722164,1.5325733691022883,MedRV
quadratic_angles,0.1,177.09035356379854,0.0,1.531971901420959,MedRV
quadratic_angles,0.15,177.12396617230723,0.025241650018005476,1.532929861603522,MedRV
quadratic_angles,0.2,177.23746751327724,0.110440982847407,1.535111943081787,MedRV
quadratic_angles,0.25,177.41599837765827,0.2443441263495285,1.5382328651812371,MedRV
quadratic_angles,0.3,177.6457304269373,0.4164514774892126,1.5420472014478712,MedRV
quadratic_angles,0.35,177.9142145036808,0.617308685972467,1.5463431064955138,MedRV
quadratic_angles,0.4,178.21053734147114,0.8386409371980136,1.5509394093658835,MedRV
quadratic_angles,0.45,178.5253423388403,1.0733752485093595,1.5556850009947116,MedRV
quadratic_angles,0.5,178.85076471407328,1.3155917090634668,1.5604592794915242,MedRV
quadratic_angles,0.55,179.1803202570293,1.5604358102140055,1.5651725527545246,MedRV
quadratic_angles,0.6,179.50877497682194,1.804014388559622,1.5697656127795796,MedRV
quadratic_angles,0.65,179.83201282585304,2.0432894554362524,1.5742080751071206,MedRV
quadratic_angles,0.7,180.14691117163187,2.2759780262356726,1.5784954325115468,MedRV
quadratic_angles,0.75,180.4512285437629,2.500461824926675,1.5826450499239282,MedRV
quadratic_angles,0.8,180.74350576269478,2.7157079230028702,1.5866915052122237,MedRV
quadratic_angles,0.85,181.02297925522254,2.9211994952728917,1.5906817604084373,MedRV
quadratic_angles,0.9,181.28950381285517,3.116874633258815,1.594670647473312,MedRV
quadratic_angles,0.95,181.54348113476505,3.3030704353625002,1.5987170927473224,MedRV
quadratic_angles,1.0,181.78579024321456,3.480469388546109,1.602881402422469,MedRV
quadratic_angles,1.05,182.01771629975372,3.6500453774724457,1.6072238003321502,MedRV
quadratic_angles,1.1,182.24087542291048,3.8130074476476077,1.6118042602473586,MedRV
quadratic_angles,1.15,182.45713461974626,3.9707405624897603,1.6166835220217772,MedRV
quadratic_angles,1.2,182.66852760394815,4.124743816432431,1.621925043707172,MedRV
quadratic_angles,1.25,182.87716876753376,4.276567667981841,1.6275975415911175,MedRV
quadratic_angles,1.3,183.08516864186686,4.427752549251171,1.6337777240764306,MedRV
quadratic_angles,1.35,183.29455467613218,4.579771582056594,1.6405528399486666,MedRV
quadratic_angles,1.4,183.50720105456026,4.733980066926041,1.6480227302441341,MedRV
quadratic_angles,1.45,183.7247706550463,4.8915739720296925,1.6563011781628298,MedRV
quadratic_angles,1.5,183.9486712810275,5.053558948587912,1.6655164707136838,MedRV
quadratic_angles,1.55,184.18002716229722,5.220730573022988,1.67581119785911,MedRV
quadratic_angles,1.6,184.41966559341557,5.393665691828502,1.6873414047175628,MedRV
quadratic_angles,1.65,184.66811759665134,5.572724023891852,1.7002752725778876,MedRV
quadratic_angles,1.7,184.92563074584254,5.758058621883254,1.714791534765716,MedRV
quadratic_angles,1.75,185.19219180426842,5.9496334380112295,1.731077838179535,MedRV
quadratic_angles,1.8,185.46755660843772,6.147246077899684,1.7493292471282542,MedRV
quadratic_angles,1.85,185.75128463663248,6.350553835509561,1.7697470595893798,MedRV
quadratic_angles,1.9,186.0427758860319,6.559101245110191,1.7925380726621465,MedRV
quadratic_angles,1.95,186.34130798995926,6.772347621888659,1.8179143976902408,MedRV
quadratic_angles,2.0,186.64607188467897,6.989693351022379,1.8460938886073575,MedRV
quadratic_angles,2.05,186.95620473826995,7.210503991551199,1.8773012106642508,MedRV
quadratic_angles,2.1,187.27081924744397,7.434131559291568,1.911769541274093,MedRV
quadratic_angles,2.15,187.58902876708905,7.6599326233561085,1.949742860466823,MedRV
quadratic_angles,2.2,187.90996804654026,7.8872830819362765,1.99147875572078,MedRV
quadratic_angles,2.25,188.2328095987233,8.11558966941271,2.0372516354866064,MedRV
quadratic_angles,2.3,188.55677592203912,8.344298387883265,2.087356218773137,MedRV
quadratic_angles,2.35,188.88114793315816,8.572900154548828,2.1421111463780345,MedRV
quadratic_angles,2.4,189.20527005757634,8.800934016949727,2.201862544531889,MedRV
quadratic_angles,2.45,189.52855247121818,9.027988316826496,2.266987365494861,MedRV
quadratic_angles,2.5,189.8504709985296,9.25370018680171,2.3378963330159888,MedRV
quadratic_angles,2.55,190.1705651582701,9.47775374838427,2.4150363336309635,MedRV
quadratic_angles,2.6,190.48843481490314,9.699877350673058,2.498892116517613,MedRV
quadratic_angles,2.65,190.80373584754545,9.919840151519974,2.5899871931146343,MedRV
quadratic_angles,2.7,191.11617519530506,10.137448300875864,2.688883860121782,MedRV
quadratic_angles,2.75,191.42550558188077,10.352540942795846,2.7961823029837483,MedRV
quadratic_angles,2.8,191.73152016686183,10.564986210511748,2.912518768757488,MedRV
quadratic_angles,2.85,192.03404731866175,10.774677349754656,3.0385628253110717,MedRV
quadratic_angles,2.9,192.3329456560474,10.98152907017884,3.1750137472654902,MedRV
quadratic_angles,2.95,192.62809946271898,11.185474193858878,3.3225960876494196,MedRV
quadratic_angles,3.0,192.91941454276582,11.38646064358091,3.482054509043053,MedRV
absolute_angles,0.05,197.73197643774648,16.042679265933497,1.8441039741461067,MedRV
absolute_angles,0.1,186.66701818848475,8.38373047828873,1.6995213223673569,MedRV
absolute_angles,0.15,180.19207969714287,3.688433227282608,1.6089905175713244,MedRV
absolute_angles,0.2,177.05186427301868,1.3502023592470334,1.563439564143234,MedRV
absolute_angles,0.25,175.70277367252018,0.3328951129527093,1.5431227337402857,MedRV
absolute_angles,0.3,175.26354468306394,0.0,1.536087188360146,MedRV
absolute_angles,0.35,175.29012077731164,0.02016593115393992,1.5361394924839125,MedRV
absolute_angles,0.4,175.55798459772947,0.22325036850343938,1.5400651054645418,MedRV
absolute_angles,0.45,175.94908717026408,0.5192140505463276,1.5461375719989867,MedRV
absolute_angles,0.5,176.39849736767434,0.858490329376409,1.5533969419310594,MedRV
absolute_angles,0.55,176.86909731136205,1.2128383107753138,1.5612968786732206,MedRV
absolute_angles,0.6,177.33914703786138,1.5658320726087525,1.5695249216344376,MedRV
absolute_angles,0.65,177.79589444789778,1.9079410279801312,1.5779057665330454,MedRV
absolute_angles,0.7,178.2321323445335,2.233868566949395,1.5863457667894718,MedRV
absolute_angles,0.75,178.64424850341743,2.5410420109617515,1.5947989967316154,MedRV
absolute_angles,0.8,179.0310585354894,2.8287093634975085,1.6032455491982542,MedRV
absolute_angles,0.85,179.39306114274288,3.097365184867953,1.6116775976547892,MedRV
absolute_angles,0.9,179.7319275162555,3.3483599219450015,1.620090967688335,MedRV
absolute_angles,0.95,180.05012534140687,3.583615246346279,1.628480873281709,MedRV
absolute_angles,1.0,180.35062539952622,3.8054045567705885,1.6368407680957553,MedRV
absolute_angles,1.05,180.63666467578693,4.016177804198586,1.645163323232144,MedRV
absolute_angles,1.1,180.9115537379863,4.218420550561715,1.6534425810373325,MedRV
absolute_angles,1.15,181.17852295252777,4.414542533757399,1.6616764439682032,MedRV
absolute_angles,1.2,181.44060476796957,4.606793216958761,1.6698688515066105,MedRV
absolute_angles,1.25,181.70054968322765,4.797202258790584,1.6780312416026473,MedRV
absolute_angles,1.3,181.9607728621175,4.987542482255666,1.6861831352268635,MedRV
absolute_angles,1.35,182.22332745123373,5.179312339162137,1.6943518808701032,MedRV
absolute_angles,1.4,182.48989995595605,5.373734404375775,1.7025717282835995,MedRV
absolute_angles,1.45,182.76182272469902,5.5717662420301926,1.710882466262327,MedRV
absolute_angles,1.5,183.04009870470912,5.7741200860788275,1.7193278707694732,MedRV
absolute_angles,1.55,183.3254340840037,5.981288117582039,1.727954185622826,MedRV
absolute_angles,1.6,183.61827510307697,6.1935706166691356,1.7368088155711618,MedRV
absolute_angles,1.65,183.9188460862419,6.41110483222514,1.745939363451343,MedRV
absolute_angles,1.7,184.22718650752,6.6338929759964795,1.7553930964774447,MedRV
absolute_angles,1.75,184.54318560176716,6.861828260391373,1.7652168846334775,MedRV
absolute_angles,1.8,184.86661361965884,7.094718332400801,1.77545761730913,MedRV
absolute_angles,1.85,185.1971492906439,7.332305798872886,1.7861630727429312,MedRV
absolute_angles,1.9,185.53440340342038,7.574285792464249,1.7973831889727951,MedRV
absolute_angles,1.95,185.87793865172677,7.820320702352016,1.8091716661591066,MedRV
absolute_angles,2.0,186.2272860423045,8.070052302526499,1.8215878202849898,MedRV
absolute_angles,2.05,186.58195824121242,8.323111567601943,1.8346986092428184,MedRV
absolute_angles,2.1,186.94146026269738,8.57912648528949,1.8485807651795843,MedRV
absolute_angles,2.15,187.3052978976467,8.837728167941249,1.8633229911228628,MedRV
absolute_angles,2.2,187.67298424944596,9.09855554270143,1.8790282129467413,MedRV
absolute_angles,2.25,188.04404470400914,9.36125886833714,1.8958159157361634,MedRV
absolute_angles,2.3,188.41802061525635,9.625502292253147,1.9138246318651686,MedRV
absolute_angles,2.35,188.7944719424056,9.890965627220844,1.9332146821547667,MedRV
absolute_angles,2.4,189.17297903423267,10.157345496235301,1.9541712980252277,MedRV
absolute_angles,2.45,189.55314371955464,10.424355966822516,1.9769082700850873,MedRV
absolute_angles,2.5,189.93458983317598,10.691728773434535,2.0016722774674025,MedRV
absolute_angles,2.55,190.31696328224018,10.959213208148864,2.02874805432545,MedRV
absolute_angles,2.6,190.6999317387831,11.226575745288033,2.0584645479305865,MedRV
absolute_angles,2.65,191.0831840294764,11.493599454188931,2.0912022196751403,MedRV
absolute_angles,2.7,191.46642928223795,11.760083245550922,2.127401638025847,MedRV
absolute_angles,2.75,191.84939588074297,12.025840989973727,2.167573512479834,MedRV
absolute_angles,2.8,192.2318302711907,12.29070054194227,2.21231031966553,MedRV
absolute_angles,2.85,192.6134956603779,12.554502698203722,2.26229967585603,MedRV
absolute_angles,2.9,192.99417063974488,12.817100115880542,2.318339612182636,MedRV
absolute_angles,2.95,193.37364776626924,13.078356212543682,2.38135590682026,MedRV
absolute_angles,3.0,193.75173212765932,13.338144067665137,2.452421619456568,MedRV
quadratic_angles,0.05,182.31349627404632,0.34108387749485763,1.534618564708261,MinRV
quadratic_angles,0.1,182.05351963060204,0.15414628663779315,1.5341229589046896,MinRV
quadratic_angles,0.15,181.90040108619817,0.04392062696731795,1.5354005157945037,MinRV
quadratic_angles,0.2,181.8394252042363,0.0,1.5381451749287278,MinRV
quadratic_angles,0.25,181.85639740452052,0.012226471136773972,1.5420873067645633,MinRV
quadratic_angles,0.3,181.9382265344482,0.07115871199974616,1.5469872737756887,MinRV
quadratic_angles,0.35,182.07325685434645,0.1683478036918622,1.5526317777350782,MinRV
quadratic_angles,0.4,182.25140005137405,0.29645750051381364,1.558832567521808,MinRV
quadratic_angles,0.45,182.4641259815803,0.4492730404511876,1.5654267615469402,MinRV
quadratic_angles,0.5,182.7043659984793,0.6216397557916907,1.5722779561330666,MinRV
quadratic_angles,0.55,182.96637182994786,0.8093647567025735,1.5792773897472987,MinRV
quadratic_angles,0.6,183.24556083316946,1.009105744068668,1.5863446361929692,MinRV
quadratic_angles,0.65,183.538367602622,1.2182626453008119,1.5934275376244391,MinRV
quadratic_angles,0.7,183.84211312350908,1.4348809709354653,1.6005013070973646,MinRV
quadratic_angles,0.75,184.1548958393124,1.6575705289447928,1.6075668974514465,MinRV
quadratic_angles,0.8,184.47550378401232,1.8854391550184089,1.6146488372592736,MinRV
quadratic_angles,0.85,184.8033431026253,2.118038245832178,1.6217927817586755,MinRV
quadratic_angles,0.9,185.13837586146843,2.3553150986854345,1.6290630328288713,MinRV
quadratic_angles,0.95,185.4810591587051,2.5975664243805974,1.6365402621097735,MinRV
quadratic_angles,1.0,185.8322782349453,2.8453879167728666,1.6443196326866232,MinRV
quadratic_angles,1.05,186.19326837356425,3.0996162805620355,1.6525094571257135,MinRV
quadratic_angles,1.1,186.5655234253739,3.361262305129086,1.661230451118423,MinRV
quadratic_angles,1.15,186.95069216107635,3.6314359691164215,1.6706155464899712,MinRV
quadratic_angles,1.2,187.35046668409407,3.91126669467798,1.6808101284501422,MinRV
quadratic_angles,1.25,187.76646928947292,4.2018233633835465,1.6919724803494198,MinRV
quadratic_angles,1.3,188.20014513084794,4.504039348729192,1.7042741749593533,MinRV
quadratic_angles,1.35,188.6526678237432,4.8186475948337515,1.7179001558588016,MinRV
quadratic_angles,1.4,189.12486386483062,5.146129821317722,1.7330483043557916,MinRV
quadratic_angles,1.45,189.6171598226644,5.48668250764515,1.7499283733004767,MinRV
quadratic_angles,1.5,190.12955404349987,5.840200688127919,1.7687602697282996,MinRV
quadratic_angles,1.55,190.66161246987087,6.2062790289197345,1.7897717644664215,MinRV
quadratic_angles,1.6,191.21248635607714,6.584228355004464,1.813195784846949,MinRV
quadratic_angles,1.65,191.78094834092485,6.9731048628196515,1.8392674998362553,MinRV
quadratic_angles,1.7,192.36544255647257,7.37174872952722,1.8682214348637245,MinRV
quadratic_angles,1.75,192.96414418111203,7.778828687256764,1.9002888600513383,MinRV
quadratic_angles,1.8,193.57502399990034,8.192889302443085,1.9356956854624556,MinRV
quadratic_angles,1.85,194.1959140015284,8.612398098754573,1.974661074927035,MinRV
quadratic_angles,1.9,194.8245707025548,9.03579019639743,2.017396958937954,MinRV
quadratic_angles,1.95,195.45873364042774,9.461508729830465,2.0641085883299506,MinRV
quadratic_angles,2.0,196.0961772329976,9.888039885893505,2.1149962240045266,MinRV
quadratic_angles,2.05,196.73475490315752,10.313941929916883,2.17025800348177,MinRV
quadratic_angles,2.1,197.3724349750628,10.73786803157418,2.2300939626449248,MinRV
quadratic_angles,2.15,198.0073283444168,11.158583053373102,2.2947111220481404,MinRV
quadratic_angles,2.2,198.63770830558843,11.574974722549142,2.3643294747037964,MinRV
quadratic_angles,2.25,199.26202318903427,11.98605977927134,2.4391886413475112,MinRV
quadratic_angles,2.3,199.87890263606016,12.390985792488397,2.5195548962948306,MinRV
quadratic_angles,2.35,200.48715842986468,12.789029373310948,2.6057282193030726,MinRV
quadratic_angles,2.4,201.08578082840876,13.179591508505347,2.698049002932925,MinRV
quadratic_angles,2.45,201.67393132159282,13.562190696311111,2.7969040454850873,MinRV
quadratic_angles,2.5,202.2509326766194,13.936454504555625,2.9027314883892443,MinRV
quadratic_angles,2.55,202.81625705336359,14.302110096091592,3.0160244120273814,MinRV
quadratic_angles,2.6,203.36951287606703,14.658974186172792,3.1373328798724605,MinRV
quadratic_angles,2.65,203.91043104663066,15.006942815932335,3.2672643093676554,MinRV
quadratic_angles,2.7,204.438850984235,15.345981249504565,3.4064821394181055,MinRV
quadratic_angles,2.75,204.95470688033328,15.676114232084878,3.5557028495356007,MinRV
quadratic_angles,2.8,205.45801447017848,15.997416783846107,3.715691456952314,MinRV
quadratic_angles,2.85,205.94885854372706,16.31000565079191,3.887255670633138,MinRV
quadratic_angles,2.9,206.4273813508413,16.6140314883841,4.071238913914053,MinRV
quadratic_angles,2.95,206.8937719982941,16.909671816746513,4.268512441709791,MinRV
quadratic_angles,3.0,207.3482568887512,17.19712475675345,4.479966778133986,MinRV
absolute_angles,0.05,207.7272575333293,19.170051597344248,1.8376691830809488,MinRV
absolute_angles,0.1,193.592013625144,9.938083969000397,1.6855081640703096,MinRV
absolute_angles,0.15,185.57398559678154,4.396878899779855,1.5966890068454649,MinRV
absolute_angles,0.2,181.74264236771853,1.6639551598451385,1.5557724692300214,MinRV
absolute_angles,0.25,180.08137207720438,0.4610060540354271,1.5405126582207507,MinRV
absolute_angles,0.3,179.49456256206076,0.03343508878506568,1.5382786883474986,MinRV
absolute_angles,0.35,179.44875606716755,0.0,1.542772751753393,MinRV
absolute_angles,0.4,179.6821367293129,0.1702603237869457,1.5508310809082206,MinRV
absolute_angles,0.45,180.06095421692584,0.4461522614980447,1.5608059954921802,MinRV
absolute_angles,0.5,180.51380461721052,0.7752015483628787,1.5718080770869858,MinRV
absolute_angles,0.55,181.00118429868797,1.1284194171224897,1.5833456925654577,MinRV
absolute_angles,0.6,181.5008339349797,1.4895437171930308,1.595146588904058,MinRV
absolute_angles,0.65,182.00035117040053,1.8495799520736451,1.6070649711482898,MinRV
absolute_angles,0.7,182.49328007895687,2.203900142337272,1.6190301013112443,MinRV
absolute_angles,0.75,182.97692685511842,2.550619319225415,1.6310159758259093,MinRV
absolute_angles,0.8,183.45105981816437,2.8896297391800396,1.643022422444707,MinRV
absolute_angles,0.85,183.91707425169733,3.221982591135643,1.6550629954346336,MinRV
absolute_angles,0.9,184.37740883170045,3.5494589132311445,1.6671573817676915,MinRV
absolute_angles,0.95,184.83510587346436,3.8742493295724665,1.6793270486582945,MinRV
absolute_angles,1.0,185.29346325635578,4.198703332105997,1.6915932483799818,MinRV
absolute_angles,1.05,185.75575506401,4.5251304212792025,1.7039766168773298,MinRV
absolute_angles,1.1,186.22501220832083,4.855645995860325,1.7164976605278273,MinRV
absolute_angles,1.15,186.70385986070244,5.19205908497234,1.729177518255517,MinRV
absolute_angles,1.2,187.19440923913228,5.535799673023747,1.7420385391639341,MinRV
absolute_angles,1.25,187.69819973711233,5.887882340871981,1.755104409061727,MinRV
absolute_angles,1.3,188.2161852031827,6.248901454371767,1.7683997547681225,MinRV
absolute_angles,1.35,188.74875638339182,6.619051902481044,1.7819493182900727,MinRV
absolute_angles,1.4,189.29579058908917,6.998168763370295,1.7957769039987967,MinRV
absolute_angles,1.45,189.85671963082245,7.385779321636291,1.8099043571510414,MinRV
absolute_angles,1.5,190.43060781428125,7.781161463914347,1.8243508391352017,MinRV
absolute_angles,1.55,191.01623306895942,8.183403456328636,1.839132635890144,MinRV
absolute_angles,1.6,191.61216580552585,8.591461257803356,1.854263682695513,MinRV
absolute_angles,1.65,192.21684164842912,9.004210682221201,1.8697569197711126,MinRV
absolute_angles,1.7,192.82862560732224,9.420492772888123,1.885626515053158,MinRV
absolute_angles,1.75,193.44586644309132,9.839151628034346,1.9018909083854012,MinRV
absolute_angles,1.8,194.06694091592937,10.259064591223702,1.91857655126017,MinRV
absolute_angles,1.85,194.6902882779934,10.679165200446327,1.9357221460895773,MinRV
absolute_angles,1.9,195.3144358198914,11.098459597356793,1.9533831382468054,MinRV
absolute_angles,1.95,195.9380165384161,11.516037265196761,1.971636192219814,MinRV
absolute_angles,2.0,196.55978010526673,11.93107702382002,1.9905833971558478,MinRV
absolute_angles,2.05,197.1785983230078,12.342849193927275,2.010355998965369,MinRV
absolute_angles,2.1,197.79346618969288,12.75071477653499,2.031117541684202,MinRV
absolute_angles,2.15,198.403499585298,13.154122398904105,2.053066409209152,MinRV
absolute_angles,2.2,199.0079304626742,13.55260367046758,2.076437874393309,MinRV
absolute_angles,2.25,199.60610028858792,13.945767482921395,2.1015058688491615,MinRV
absolute_angles,2.3,200.1974523470837,14.333293684954297,2.128584768802058,MinRV
absolute_angles,2.35,200.78152339448707,14.714926468477096,2.1580315402782,MinRV
absolute_angles,2.4,201.3579350464995,15.090467721846565,2.1902485979283055,MinRV
absolute_angles,2.45,201.92638518449488,15.459770537054887,2.225687709679599,MinRV
absolute_angles,2.5,202.48663959030876,15.822733001751509,2.264855232959916,MinRV
absolute_angles,2.55,203.03852395555583,16.179292362204144,2.30831890861951,MinRV
absolute_angles,2.6,203.58191636131613,16.529419608509958,2.3567163768047563,MinRV
absolute_angles,2.65,204.11674028513886,16.873114507020617,2.4107655234235046,MinRV
absolute_angles,2.7,204.64295816292088,17.210401085577224,2.4712767215691644,MinRV
absolute_angles,2.75,205.16056551160108,17.54132356338812,2.5391670005652647,MinRV
absolute_angles,2.8,205.66958560321967,17.86594270802871,2.615476154390193,MinRV
absolute_angles,2.85,206.17006467036495,18.184332596066,2.70138478699626,MinRV
absolute_angles,2.9,206.66206761622647,18.496577750363418,2.798234279162642,MinRV
absolute_angles,2.95,207.1456741984622,18.80277062552495,2.9075486444834553,MinRV
absolute_angles,3.0,207.62097565410667,19.103009412644468,3.0310582153855643,MinRV
quadratic_angles,0.05,34.205193641360836,0.0,0.33341182979713185,VOL
quadratic_angles,0.1,34.37315946539052,0.6710970113324312,0.34180583503408485,VOL
quadratic_angles,0.15,34.55134696420534,1.3794587534176534,0.35090647947677284,VOL
quadratic_angles,0.2,34.73718145708611,2.114339033047957,0.36062733260005936,VOL
quadratic_angles,0.25,34.92827879610986,2.8659425110277352,0.3708524602555967,VOL
quadratic_angles,0.3,35.12247839194989,3.6255463713329568,0.38143793659420705,VOL
quadratic_angles,0.35,35.317870686341166,4.38558840230551,0.3922166950903396,VOL
quadratic_angles,0.4,35.512817427953486,5.139718335253324,0.4030063190956906,VOL
quadratic_angles,0.45,35.705962220411195,5.882806087386574,0.4136188300419225,VOL
quadratic_angles,0.5,35.89622938406323,6.6109028729687696,0.423871212489856,VOL
quadratic_angles,0.55,36.082810584869506,7.3211563515856,0.4335953713232209,VOL
quadratic_angles,0.6,36.26514027235904,8.011686484744923,0.44264641795117177,VOL
quadratic_angles,0.65,36.442862279038465,8.681432937723054,0.4509085446002012,VOL
quadratic_angles,0.7,36.61579076629105,9.32998710647234,0.45829816734659284,VOL
quadratic_angles,0.75,36.783869035599764,9.957422252785566,0.4647644137225524,VOL
quadratic_angles,0.8,36.947129616650756,10.564134126153078,0.47028734446188064,VOL
quadratic_angles,0.85,37.10565857300044,11.150702187352127,0.47487450642734536,VOL
quadratic_angles,0.9,37.259566217482686,11.717778464164374,0.47855651220602174,VOL
quadratic_angles,0.95,37.408965508658895,12.266007543565411,0.48138234199950547,VOL
quadratic_angles,1.0,37.55395843483588,12.795977683803171,0.4834149840775637,VOL
quadratic_angles,1.05,37.69462981955667,13.308199975384925,0.48472789520940557,VOL
quadratic_angles,1.1,37.8310473167296,13.803110266716082,0.48540259890557497,VOL
quadratic_angles,1.15,37.96326597132362,14.28108739369648,0.4855275732133819,VOL
quadratic_angles,1.2,38.091335609840385,14.742481094957492,0.4851984329969643,VOL
quadratic_angles,1.25,38.215309448333315,15.1876436572621,0.4845192983448504,VOL
quadratic_angles,1.3,38.335252587784915,15.61696051960572,0.48360516651886126,VOL
quadratic_angles,1.35,38.45124942313306,16.030876458342696,0.4825850675434621,VOL
quadratic_angles,1.4,38.56340935134909,16.429915323761872,0.48160577584586567,VOL
quadratic_angles,1.45,38.67187047664929,16.814692435125558,0.4808358628283999,VOL
quadratic_angles,1.5,38.776801252580235,17.18591959183399,0.48046989871962964,VOL
quadratic_angles,1.55,38.87840016701307,17.544403221127958,0.4807326391647713,VOL
quadratic_angles,1.6,38.97689367608551,17.89103650129227,0.48188305783229596,VOL
quadratic_angles,1.65,39.07253264256357,18.226786437797966,0.4842181081573945,VOL
quadratic_angles,1.7,39.16558755005029,18.55267689390212,0.48807611433218656,VOL
quadratic_angles,1.75,39.25634276205193,18.869768542764486,0.49383970409996136,VOL
quadratic_angles,1.8,39.345090085563285,19.179136655969828,0.5019382048213301,VOL
quadratic_angles,1.85,39.43212188986301,19.48184759841328,0.5128494309196923,VOL
quadratic_angles,1.9,39.5177240260675,19.77893487248331,0.5271007964665023,VOL
quadratic_angles,1.95,39.60216879192022,20.0713755445476,0.5452696924344395,VOL
quadratic_angles,2.0,39.68570818714741,20.360067884846007,0.5679830748633478,VOL
quadratic_angles,2.05,39.7685677038349,20.645811044017794,0.5959162183467377,VOL
quadratic_angles,2.1,39.8509408893986,20.92928755996298,0.629790599018782,VOL
quadratic_angles,2.15,39.93298490279766,21.211049423296256,0.6703708824237146,VOL
quadratic_angles,2.2,40.01481725467241,21.4915083182144,0.7184610038432862,VOL
quadratic_angles,2.25,40.096513877759996,21.770930494446322,0.7748993412008497,VOL
quadratic_angles,2.3,40.178108616021,22.049436518995886,0.8405529928273563,VOL
quadratic_angles,2.35,40.259594152373,22.327005915305545,0.9163111834794077,VOL
quadratic_angles,2.4,40.34092432068195,22.60348644051905,1.0030778314825621,VOL
quadratic_angles,2.45,40.42201767395834,22.878607501196388,1.1017633174415784,VOL
quadratic_angles,2.5,40.50276211426697,23.15199698763422,1.2132755005251898,VOL
quadratic_angles,2.55,40.58302033691185,23.42320063790829,1.3385100323101307,VOL
quadratic_angles,2.6,40.66263580681293,23.69170294032036,1.4783400208934205,VOL
quadratic_angles,2.65,40.74143897137074,23.956948554774698,1.6336051004797525,VOL
quadratic_angles,2.7,40.81925342182737,24.218363278812337,1.8050999645881267,VOL
quadratic_angles,2.75,40.895901742145156,24.475373693639835,1.9935624256757696,VOL
quadratic_angles,2.8,40.971210826805404,24.727424784362338,2.1996610708850257,VOL
quadratic_angles,2.85,41.0450165015186,24.97399501794899,2.4239825941491575,VOL
quadratic_angles,2.9,41.117167338040254,25.214608562584623,2.6670188989964023,VOL
quadratic_angles,2.95,41.18752761080904,25.448844525028854,2.9291540856631695,VOL
quadratic_angles,3.0,41.25597939455364,25.676343254003807,3.210651458940275,VOL
absolute_angles,0.05,38.47164330910082,11.563260136305372,0.3345874635894644,VOL
absolute_angles,0.1,36.657461612442475,4.945552703311725,0.3342714275620457,VOL
absolute_angles,0.15,35.740394300008845,1.474595156501582,0.3469859343418389,VOL
absolute_angles,0.2,35.40266227125068,0.1738459969483071,0.3622290611043056,VOL
absolute_angles,0.25,35.357766593696525,0.0,0.3769205915010027,VOL
absolute_angles,0.3,35.455741155903866,0.37909500640691246,0.3907474752048782,VOL
absolute_angles,0.35,35.62414769670245,1.028272702997255,0.40389769657065117,VOL
absolute_angles,0.4,35.82735778979248,1.8075385176166092,0.41653465535966505,VOL
absolute_angles,0.45,36.047106324564055,2.6452670054916783,0.42873453196095035,VOL
absolute_angles,0.5,36.273622710523995,3.5034676007930527,0.4405102880763032,VOL
absolute_angles,0.55,36.50148802055253,4.36138864486666,0.4518410035294312,VOL
absolute_angles,0.6,36.72761370035932,5.2074816835901565,0.46269328895355966,VOL
absolute_angles,0.65,36.95020692352914,6.03528478900468,0.4730348754036717,VOL
absolute_angles,0.7,37.16821577900475,6.841219352761825,0.4828423586459782,VOL
absolute_angles,0.75,37.38101930073749,7.623364511803693,0.4921048855929461,VOL
absolute_angles,0.8,37.58824873959322,8.380755004569934,0.5008251652589801,VOL
absolute_angles,0.85,37.78968264368736,9.112972247631882,0.5090188465791172,VOL
absolute_angles,0.9,37.98518523888834,9.819906240955003,0.5167130320782988,VOL
absolute_angles,0.95,38.174670995966075,10.501619772668203,0.5239444688290926,VOL
absolute_angles,1.0,38.3580852322316,11.158274510153827,0.5307577683699323,VOL
absolute_angles,1.05,38.5353944228759,11.790094068363784,0.5372038553077999,VOL
absolute_angles,1.1,38.706582153064275,12.397348270643997,0.5433387311063423,VOL
absolute_angles,1.15,38.871648071906094,12.980348551582303,0.5492225632923365,VOL
absolute_angles,1.2,39.03060817064726,13.53944824401282,0.5549190660601656,VOL
absolute_angles,1.25,39.183495373474926,14.07504406409349,0.560495118975252,VOL
absolute_angles,1.3,39.33035989015821,14.587576844074476,0.5660205685258806,VOL
absolute_angles,1.35,39.471269088825665,15.077530695103755,0.5715681656297549,VOL
absolute_angles,1.4,39.60630684225569,15.545430475413328,0.5772136052185832,VOL
absolute_angles,1.45,39.73557241223921,15.991837818501917,0.5830356476829346,VOL
absolute_angles,1.5,39.85917898878587,16.417346141648352,0.5891163137836692,VOL
absolute_angles,1.55,39.97725201439579,16.82257508535212,0.5955411534183991,VOL
absolute_angles,1.6,40.08992741392511,17.208164787295576,0.6023995940948154,VOL
absolute_angles,1.65,40.197349829099025,17.57477031101339,0.6097853774321614,VOL
absolute_angles,1.7,40.29967093117163,17.923056456298173,0.6177970921412641,VOL
absolute_angles,1.75,40.397047860386564,18.25369309128081,0.6265388104716453,VOL
absolute_angles,1.8,40.48964181937362,18.56735107314451,0.6361208327701381,VOL
absolute_angles,1.85,40.57761683054782,18.86469876845217,0.646660542108593,VOL
absolute_angles,1.9,40.66113865511385,19.146399144798423,0.6582833682730024,VOL
absolute_angles,1.95,40.74037386301575,19.413107380926675,0.6711238579162573,VOL
absolute_angles,2.0,40.81548903842369,19.665468929799903,0.6853268453595158,VOL
absolute_angles,2.05,40.886650103335654,19.904117965445515,0.7010487162730437,VOL
absolute_angles,2.1,40.95402174183404,20.12967614699797,0.7184587540905254,VOL
absolute_angles,2.15,41.0177669088029,20.342751639893667,0.7377405563253794,VOL
absolute_angles,2.2,41.07804640892324,20.543938342768197,0.7590935047782322,VOL
absolute_angles,2.25,41.1350185340937,20.73381527785566,0.7827342698075498,VOL
absolute_angles,2.3,41.18883874975677,20.912946111603834,0.8088983242692424,VOL
absolute_angles,2.35,41.239659422744836,21.081878780181462,0.8378414373520994,VOL
absolute_angles,2.4,41.2876295850754,21.241145201227017,0.8698411123294764,VOL
absolute_angles,2.45,41.332894729572956,21.391261058468732,0.9051979251518315,VOL
absolute_angles,2.5,41.37559663427773,21.53272564977951,0.9442367130731272,VOL
absolute_angles,2.55,41.4158732133534,21.66602179197436,0.9873075539061096,VOL
absolute_angles,2.6,41.45385839268026,21.79161577741115,1.0347864675987193,VOL
absolute_angles,2.65,41.4896820085805,21.909957378451104,1.0870757624626208,VOL
absolute_angles,2.7,41.52346972822936,22.02147989628494,1.1446039392864897,VOL
absolute_angles,2.75,41.55534299031587,22.126600250734025,1.2078250576832215,VOL
absolute_angles,2.8,41.585418964477284,22.22571910754913,1.277217461312133,VOL
absolute_angles,2.85,41.613810527977364,22.319221039579567,1.3532817524824359,VOL
absolute_angles,2.9,41.64062625805775,22.407474718059138,1.4365379026392162,VOL
absolute_angles,2.95,41.6659704383775,22.490833130204575,1.5275213848620426,VOL
absolute_angles,3.0,41.689943077978725,22.569633819378733,1.626778217618822,VOL
