family,term,estimate,se_cr1,p_wild,n_rows,n_clusters,status,note,p_holm_exploratory_9,diagnostic_version
post_opening_mean_branch_with_equity,u,-0.010795612518454619,0.06282793708345895,0.87335,160,160,observed_after_opening,"Signed and absolute coordinates, ALL four state interactions; nests the original scalar design",1.0,functional_form_v2_20260916
post_opening_mean_branch_with_equity,abs_u,0.3727483574374625,0.0805344763809554,0.0012,160,160,observed_after_opening,"Signed and absolute coordinates, ALL four state interactions; nests the original scalar design",0.010799999999999999,functional_form_v2_20260916
post_opening_mean_branch_with_equity,z,0.08402230360999863,0.14722966963428222,0.58745,160,160,observed_after_opening,"Signed and absolute coordinates, ALL four state interactions; nests the original scalar design",1.0,functional_form_v2_20260916
post_opening_mean_branch_with_equity,abs_z,0.6912037987542651,0.19288156067630421,0.00435,160,160,observed_after_opening,"Signed and absolute coordinates, ALL four state interactions; nests the original scalar design",0.0348,functional_form_v2_20260916
post_opening_mean_branch_with_equity,state,-0.07592421765159345,0.12519690459949873,0.5521,160,160,observed_after_opening,"Signed and absolute coordinates, ALL four state interactions; nests the original scalar design",1.0,functional_form_v2_20260916
post_opening_mean_branch_with_equity,u_x_state,0.03832365743721861,0.03659190225347884,0.32305,160,160,observed_after_opening,"Signed and absolute coordinates, ALL four state interactions; nests the original scalar design",1.0,functional_form_v2_20260916
post_opening_mean_branch_with_equity,abs_u_x_state,-0.050161786862857556,0.041125386529160625,0.26255,160,160,observed_after_opening,"Signed and absolute coordinates, ALL four state interactions; nests the original scalar design",1.0,functional_form_v2_20260916
post_opening_mean_branch_with_equity,z_x_state,-0.14446138517364526,0.11787654047529746,0.2366,160,160,observed_after_opening,"Signed and absolute coordinates, ALL four state interactions; nests the original scalar design",1.0,functional_form_v2_20260916
post_opening_mean_branch_with_equity,abs_z_x_state,-0.3443992847398085,0.13993440547344063,0.04385,160,160,observed_after_opening,"Signed and absolute coordinates, ALL four state interactions; nests the original scalar design",0.30695,functional_form_v2_20260916
