trade_date,u,z,crossfit_state_z,crossfit_abnormal_log_BV,state_log_BV_pre,era,sector,common_support,diagnostic_version
2000-01-20,1.122922008803262,0.0490189406444236,1.0530978384229377,0.5730810503819317,-13.790417754028631,2000_2012,CBI,False,cross_epoch_v1_20260916
2000-02-03,-4.492126291355026,1.826523502180632,0.4622285756004288,2.405650999069444,-14.42137376284089,2000_2012,MP,False,cross_epoch_v1_20260916
2000-03-02,-1.6841366810112093,0.6084773548564572,0.1947650103193727,0.3890714187434962,-14.706983041019107,2000_2012,MP,True,cross_epoch_v1_20260916
2000-03-16,-2.2526536210196295,0.0602838346382754,0.0328796156368492,2.1074588690751987,-14.879851336834598,2000_2012,MP,False,cross_epoch_v1_20260916
2000-03-30,-0.5622011020348848,-0.2880794035104617,0.7669742932847693,0.3975825317311781,-14.095952973791489,2000_2012,CBI,True,cross_epoch_v1_20260916
2000-04-13,1.684958090909357,0.0315374321540778,-0.5604874828098865,0.3341744857259101,-15.513474643635252,2000_2012,CBI,False,cross_epoch_v1_20260916
2000-04-27,-0.0,0.0022535418738952,-1.4446850665856994,3.361572794113778,-16.457659446540145,2000_2012,axis,False,cross_epoch_v1_20260916
2000-05-11,2.2592829726373957,0.193076798720305,-0.5371119744278682,1.1567465396156305,-15.48851325471104,2000_2012,CBI,True,cross_epoch_v1_20260916
2000-05-25,1.696875865291949,0.3799095191861075,-0.470200775721513,2.1646257751990348,-15.417062553960529,2000_2012,CBI,True,cross_epoch_v1_20260916
2000-06-08,-1.131750879692702,-2.518290453342782,-0.909511020889024,3.4989551904114986,-15.886177223417436,2000_2012,CBI,False,cross_epoch_v1_20260916
2000-06-21,-0.5667945648025227,0.1442670446392056,-0.1095265399777648,0.0445753305987128,-15.031918850293806,2000_2012,MP,True,cross_epoch_v1_20260916
2000-07-06,1.133533339990727,-0.1129070079743846,-1.4458260718403295,0.9691006730220426,-16.458877861791695,2000_2012,MP,False,cross_epoch_v1_20260916
2000-07-20,-0.0,-0.6049657117316586,-0.9932373825969324,2.2396454819024623,-15.97558388973012,2000_2012,axis,False,cross_epoch_v1_20260916
2000-08-03,-0.0,-0.3946015397103254,0.4225499282293444,-0.1630965520581639,-14.46374435572084,2000_2012,axis,False,cross_epoch_v1_20260916
2000-08-31,1.1367784009063948,0.818445193707957,-1.2709515121144923,2.68914296550148,-16.272139168158617,2000_2012,CBI,True,cross_epoch_v1_20260916
2000-09-14,-0.568080764299523,-0.1904538876745843,-0.353451320881417,0.6424557258239307,-15.29239238630782,2000_2012,CBI,True,cross_epoch_v1_20260916
2000-10-05,-1.7023947047309258,-0.0255553885971202,-1.2733465152763854,3.2781794167899214,-16.27469665715187,2000_2012,CBI,False,cross_epoch_v1_20260916
2000-10-19,0.5670736777010197,0.7489290982479337,-1.0124038647990914,0.4733205331909111,-15.99605069664351,2000_2012,CBI,True,cross_epoch_v1_20260916
2000-11-02,-0.0,0.3121150723356435,-0.905713933884814,-0.4100785424517639,-15.882122528052433,2000_2012,axis,False,cross_epoch_v1_20260916
2000-11-16,-0.5660701554867823,-0.4609248489906395,-2.319193600389013,0.4833448071807673,-17.391497858653565,2000_2012,CBI,False,cross_epoch_v1_20260916
2000-12-14,-2.250672395274422,-0.200123833249293,-0.4080141818332821,1.349142179097834,-15.350656992611954,2000_2012,CBI,True,cross_epoch_v1_20260916
2001-01-04,-1.6787353970618926,-0.0760783605323874,0.4759763616723967,0.5103222282729121,-14.40669327635131,2000_2012,CBI,True,cross_epoch_v1_20260916
2001-01-18,-1.1212819084877137,-0.3793164268315295,-1.3370811877793054,0.740742218182957,-16.342755324467383,2000_2012,CBI,False,cross_epoch_v1_20260916
2001-02-01,-1.119973273693408,0.3057141007787333,-0.4255268215295401,0.7593345192825414,-15.36935775425546,2000_2012,MP,True,cross_epoch_v1_20260916
2001-02-15,0.5617074861170915,0.5989091874515668,-1.1952411703164474,1.4779141189370932,-16.1912923580563,2000_2012,CBI,True,cross_epoch_v1_20260916
2001-03-01,-0.0,-0.0782367155688391,-1.3504680849938375,-0.1576664458839118,-16.35705043807088,2000_2012,axis,False,cross_epoch_v1_20260916
2001-03-15,-0.5588723694645485,0.326139990719065,-0.7853408738933799,2.140997497449712,-15.75358291653514,2000_2012,MP,True,cross_epoch_v1_20260916
2001-03-29,0.5580057747108502,-1.2643687569182356,-1.7305292629160802,2.795490040790302,-16.762896365443712,2000_2012,MP,False,cross_epoch_v1_20260916
2001-04-11,1.676454395852896,0.4080318307428908,-1.9845660221858687,2.354496217194629,-17.03416791366201,2000_2012,CBI,False,cross_epoch_v1_20260916
2001-04-26,0.5610506783344191,0.6504266592791518,-0.9375339206359506,2.623534558160582,-15.916101299845453,2000_2012,CBI,True,cross_epoch_v1_20260916
2001-05-10,3.352095523683592,1.4362674570211658,-0.1475882530797514,4.419846011109184,-15.072562810131332,2000_2012,CBI,True,cross_epoch_v1_20260916
2001-05-23,-0.0,-0.1072849617688753,-0.9125844823826762,1.2427286163829177,-15.889459199853322,2000_2012,axis,False,cross_epoch_v1_20260916
2001-06-07,-0.5593066770052881,-0.2886619399150574,-0.7355625215363727,0.547657998261526,-15.700427417502418,2000_2012,CBI,True,cross_epoch_v1_20260916
2001-06-21,-1.1175820263880378,0.2565785676785786,-1.0463471432539748,2.4501122913282174,-16.03229681206605,2000_2012,MP,True,cross_epoch_v1_20260916
2001-07-05,0.5599594054403423,-0.4812223795888184,-0.0802380862889604,2.186304074715901,-15.00064336008554,2000_2012,MP,True,cross_epoch_v1_20260916
2001-08-02,5.579787801629483,-0.41482782892466,-0.0323708210619304,0.5626914269555563,-14.949528603369084,2000_2012,MP,False,cross_epoch_v1_20260916
2001-08-30,-2.78436224870022,-0.7002601029704338,-0.3677310992017577,4.252959832573557,-15.307640957358355,2000_2012,CBI,True,cross_epoch_v1_20260916
2001-09-13,-1.1064147962360402,-0.4391934794160103,1.015654972738857,0.7876231301826842,-13.830400881561223,2000_2012,CBI,True,cross_epoch_v1_20260916
2001-10-25,-0.0,-1.2034045306769936,-0.8032380810014662,1.763324355978158,-15.772694336059423,2000_2012,axis,False,cross_epoch_v1_20260916
2001-11-08,1.6404718042174549,-1.2521137724578553,0.187041688315786,3.0072451813574723,-14.715230341619712,2000_2012,MP,True,cross_epoch_v1_20260916
2001-12-06,2.77149588113371,0.5197310393957265,1.0378970381326675,0.5681332265583467,-13.806649832570145,2000_2012,CBI,True,cross_epoch_v1_20260916
2002-01-03,-1.1081182832332483,-0.6059174274532618,-0.8346580132445482,1.4978762891365331,-15.80624591217382,2000_2012,CBI,True,cross_epoch_v1_20260916
2002-02-07,4.445306209528605,0.6537633904077733,-0.2994144050328443,1.6831897317466886,-15.234689407158978,2000_2012,CBI,True,cross_epoch_v1_20260916
2002-03-07,-0.5593066770052881,-0.053607942068736,-0.1557837794674259,0.6264795256963769,-15.081314351199794,2000_2012,CBI,True,cross_epoch_v1_20260916
2002-04-04,-0.0,0.1465323045145417,-1.1370551006799636,0.2887065429709601,-16.129158731252065,2000_2012,axis,False,cross_epoch_v1_20260916
2002-05-02,0.5583304326194168,-0.2415968748456782,0.7136305793573106,-2.0012746046792813,-14.152915721648966,2000_2012,MP,True,cross_epoch_v1_20260916
2002-06-06,-1.1211727387932475,0.1070654682791984,0.0874933031973405,0.9131811939423322,-14.821532455657598,2000_2012,MP,True,cross_epoch_v1_20260916
2002-07-04,0.5571957793941856,-0.0071007010584726,-0.933657376409172,-0.3335192011848704,-15.911961756587392,2000_2012,MP,False,cross_epoch_v1_20260916
2002-08-01,-0.5529152145125223,-1.2431768393520186,-0.4928431127822512,0.5346661922395288,-15.441241030521962,2000_2012,CBI,False,cross_epoch_v1_20260916
2002-09-12,-0.0,0.4706706017928709,-0.724237489328841,-0.1730756323997049,-15.688334053418457,2000_2012,axis,False,cross_epoch_v1_20260916
2002-10-10,-1.094739537834611,-0.913169769680568,-0.0663732959058746,1.2095722302640528,-14.985837931281642,2000_2012,CBI,True,cross_epoch_v1_20260916
2002-11-07,-1.6473556686406228,-2.2470901922497326,1.850628446690952,1.7407435288936457,-12.938779733301942,2000_2012,CBI,False,cross_epoch_v1_20260916
2002-12-05,4.929843162515115,0.2018770203283499,-2.417466548137498,3.621695462870825,-17.496438004954975,2000_2012,CBI,False,cross_epoch_v1_20260916
2003-01-09,1.6336452320985773,0.5662219426667868,-0.6949327388919094,0.8839537990387605,-15.657041160830676,2000_2012,CBI,True,cross_epoch_v1_20260916
2003-02-06,-2.173363272719788,-1.5549595367061335,1.4259988742272376,1.0345210559313447,-13.39221773917405,2000_2012,CBI,False,cross_epoch_v1_20260916
2003-03-06,-4.873282205340087,-1.3095173756273444,-0.1596373456763095,2.95318316846188,-15.085429357526635,2000_2012,CBI,False,cross_epoch_v1_20260916
2003-04-03,-0.5433151768029904,-0.9023231103019485,0.8149761929319953,1.159356783730285,-14.044694448560133,2000_2012,CBI,False,cross_epoch_v1_20260916
2003-05-08,-2.702803683812131,-2.0032007312655864,0.293413064668535,1.8827832434682144,-14.60164233950433,2000_2012,CBI,False,cross_epoch_v1_20260916
2003-06-05,-2.1558673215971074,0.1772232379640216,1.0001795438346015,2.918371608672245,-13.8469262205329,2000_2012,MP,True,cross_epoch_v1_20260916
2003-07-10,-0.5394970799817419,0.6625881058015993,0.7667736256869516,1.0416177399925726,-14.096167255417871,2000_2012,MP,False,cross_epoch_v1_20260916
2003-07-31,0.5414757686659496,-0.198703428460066,0.4000189350454874,-0.0292346510040513,-14.487803934426887,2000_2012,MP,True,cross_epoch_v1_20260916
2003-10-02,-0.542240672993095,-0.2997359205885944,0.8662034962128844,-0.1859592539390888,-13.989991696438748,2000_2012,CBI,True,cross_epoch_v1_20260916
2003-12-04,-0.0,0.3804642279523589,-1.2464153341582818,0.5861790955931205,-16.24593836556346,2000_2012,axis,False,cross_epoch_v1_20260916
2004-01-08,-0.5436229605052614,-0.3705141566261917,-0.3891084404087565,-0.8705198941084511,-15.330468616090432,2000_2012,CBI,True,cross_epoch_v1_20260916
2004-02-05,-0.5424961215566404,0.4986137980636683,0.2470408459534975,0.2886759055379659,-14.651160620249623,2000_2012,MP,True,cross_epoch_v1_20260916
2004-03-04,1.0822899621923383,0.3497327129217124,-0.6551721885740576,0.9067068065784644,-15.614583108406537,2000_2012,CBI,True,cross_epoch_v1_20260916
2004-04-01,-0.5399524158217165,-0.7171119106864674,-0.6688784404998821,2.1094987568285277,-15.629219242920596,2000_2012,CBI,True,cross_epoch_v1_20260916
2004-05-06,-0.0,-0.5812078044194705,-0.777026895854287,0.8174111849456906,-15.744704887619166,2000_2012,axis,False,cross_epoch_v1_20260916
2004-06-03,-0.5442395752341259,-0.006957744113783,-0.3771433592886242,-0.279652021191012,-15.317691779819391,2000_2012,CBI,False,cross_epoch_v1_20260916
2004-07-01,-0.2726287356663178,-0.2861654115884137,-0.4373518658980722,-0.2197764255280283,-15.381985053166147,2000_2012,CBI,True,cross_epoch_v1_20260916
2004-08-05,-0.2716896346832136,0.132413397733051,-0.8711086497840342,-0.019790174975089,-15.8451694940839,2000_2012,MP,False,cross_epoch_v1_20260916
2004-11-04,0.2709226012445934,-0.1404752947214083,-0.8277757735222936,-0.2052216098379169,-15.798896755972835,2000_2012,MP,False,cross_epoch_v1_20260916
2004-12-02,0.2704771618518648,-0.0599089254729591,-0.7039978818546514,1.3050781205022943,-15.666721316464026,2000_2012,MP,False,cross_epoch_v1_20260916
2005-01-13,-0.5427262311392226,0.0363745197745905,-0.7863724042620125,-0.5506580033411375,-15.754684429721411,2000_2012,MP,False,cross_epoch_v1_20260916
2005-02-03,-0.0,0.053403839936516,-0.7261269792510341,0.1065107830701705,-15.690351733292855,2000_2012,axis,False,cross_epoch_v1_20260916
2005-03-03,-0.0,0.0092243136239204,-0.4152299639677817,-0.707735089057298,-15.358362319970318,2000_2012,axis,False,cross_epoch_v1_20260916
2005-04-07,0.271203343443812,-0.3763040001719363,-1.028653220131951,0.1371539206540823,-16.013402468061805,2000_2012,MP,False,cross_epoch_v1_20260916
2005-06-02,0.2693006516660842,-0.0461667073030848,-1.9460776119263632,0.7155957260758328,-16.993068307960975,2000_2012,MP,False,cross_epoch_v1_20260916
2005-07-07,-0.5390172801044965,0.789823395564826,1.5767655273097327,-0.3070814391659393,-13.231222521320776,2000_2012,MP,False,cross_epoch_v1_20260916
2005-08-04,-0.270578847384379,-0.1241170038361565,-0.6905202936700534,-0.0093158787354958,-15.65232935908119,2000_2012,CBI,False,cross_epoch_v1_20260916
2005-09-01,-0.2699951974388944,0.1059209280469518,-0.2112830995686223,0.2986941417245354,-15.140578949489388,2000_2012,MP,True,cross_epoch_v1_20260916
2005-10-06,0.2712800105063278,0.1510779182778323,-0.2992600688875157,-0.9978596907018584,-15.234524600281384,2000_2012,CBI,True,cross_epoch_v1_20260916
2005-11-03,0.8173830722670671,0.2184340602396684,-1.1427744799727595,1.0385126194941492,-16.135266134291154,2000_2012,CBI,False,cross_epoch_v1_20260916
2005-12-01,1.0903342515939318,0.1977027464825649,0.2895346012143556,2.175650073608681,-14.605783932197244,2000_2012,CBI,True,cross_epoch_v1_20260916
2006-01-12,0.2733924922518493,0.0349507972491222,-0.5794567483260618,-1.355657972613269,-15.533730853956657,2000_2012,CBI,False,cross_epoch_v1_20260916
2006-02-02,-0.2738215471643495,0.2670679492987926,-0.3499105963608254,-0.661721989071669,-15.288611446001086,2000_2012,MP,True,cross_epoch_v1_20260916
2006-03-02,-1.642968360950536,0.3803344896164262,-1.1462765159165824,-1.0013843096483903,-16.139005761245645,2000_2012,MP,True,cross_epoch_v1_20260916
2006-04-06,-0.0,0.1622056456742135,0.4021357215893775,-1.249655868276255,-14.485543537291216,2000_2012,axis,False,cross_epoch_v1_20260916
2006-05-04,0.2759078315646029,0.2663041266674249,-0.4711649336803982,0.0865629687476037,-15.418092123944753,2000_2012,CBI,True,cross_epoch_v1_20260916
2006-06-08,0.5525703057920922,-0.0115236827740454,-0.3852156883463905,0.848619948218241,-15.32631176539755,2000_2012,MP,False,cross_epoch_v1_20260916
2006-07-06,1.3850478962875028,0.3159883035946296,-0.6494077730910927,1.0244650609986063,-15.608427613756344,2000_2012,CBI,True,cross_epoch_v1_20260916
2006-08-03,-0.5529683156118026,0.4787028423812258,0.8323021127364091,0.8555119832513487,-14.026193074573316,2000_2012,MP,True,cross_epoch_v1_20260916
2006-08-31,-0.2762785241735089,-0.0763556528942417,-1.3468845467668469,-1.4870748902352773,-16.35322377941829,2000_2012,CBI,False,cross_epoch_v1_20260916
2006-10-05,-0.2767299922141483,-0.1766907987467687,0.1823928313664152,-1.5441014238391553,-14.720194594138624,2000_2012,CBI,True,cross_epoch_v1_20260916
2006-11-02,-0.2770362346572584,-0.1069578247208516,-0.6335770480278375,-0.1261429297565968,-15.59152287402627,2000_2012,CBI,False,cross_epoch_v1_20260916
2006-12-07,-0.2768763714752318,0.4633736571914121,-1.504195690960045,-0.7474989898567799,-16.521207490751816,2000_2012,MP,False,cross_epoch_v1_20260916
2007-01-11,1.1141220200976272,0.0358196794887759,1.173384114558631,-0.8749533041285122,-13.661970814103336,2000_2012,CBI,False,cross_epoch_v1_20260916
2007-02-08,0.2782142293272577,-0.3811236688329993,-0.4238944332483224,1.268338478669918,-15.367614618743843,2000_2012,MP,True,cross_epoch_v1_20260916
2007-03-08,-0.2780127270231087,0.0175006311805991,-0.810904143413535,-0.333929503767969,-15.780880492367029,2000_2012,MP,False,cross_epoch_v1_20260916
2007-04-12,-0.0,-0.0621381960204061,-1.600634248745534,-0.2292115881463345,-16.624188795322098,2000_2012,axis,False,cross_epoch_v1_20260916
2007-05-10,-0.0,-0.4697939199624801,-1.2758870243121898,-0.7268204561330585,-16.27740952367318,2000_2012,axis,False,cross_epoch_v1_20260916
2007-06-06,0.5615431400414669,-0.0491382168492791,-1.005179527523178,0.1683003654414072,-15.988336233731443,2000_2012,MP,False,cross_epoch_v1_20260916
2007-07-05,-0.2810113757299302,0.6508802918657385,-0.0691679519137958,-1.4810845180807188,-14.988822187041263,2000_2012,MP,False,cross_epoch_v1_20260916
2007-08-02,-0.8403272981112544,-0.1208038303523078,0.3495710678450666,-0.8082048064883889,-14.541674370654723,2000_2012,CBI,True,cross_epoch_v1_20260916
2007-09-06,1.1128300347521412,-0.1162010653856152,-0.9436320515893958,1.5428181270731738,-15.922613150452168,2000_2012,MP,False,cross_epoch_v1_20260916
2007-11-08,0.278093292906109,-0.3942273118020369,0.1380127183109665,-0.485807100920228,-14.767585617442732,2000_2012,MP,True,cross_epoch_v1_20260916
2007-12-06,-0.0,-0.2243544636590114,0.474659468791605,0.2558112806261174,-14.408099512093086,2000_2012,axis,False,cross_epoch_v1_20260916
2008-01-10,-0.277356515474495,-0.1690446022833103,0.6099016664458438,-0.2308909856547902,-14.263681985875362,2000_2012,CBI,False,cross_epoch_v1_20260916
2008-02-07,-1.374008497602499,-1.930210096825147,-1.0994238617887346,1.354985798507938,-16.088974450580483,2000_2012,CBI,False,cross_epoch_v1_20260916
2008-03-06,-1.641017277468336,-0.4867441573737152,0.5086189827097741,1.3242819079071602,-14.371836059733662,2000_2012,CBI,True,cross_epoch_v1_20260916
2008-04-10,-0.2756832531204504,-0.3487425840323285,-0.0116274872395788,-0.0144617567540095,-14.927377965416635,2000_2012,CBI,True,cross_epoch_v1_20260916
2008-05-08,-0.554566105110188,0.0055254082477263,-0.0178484031032861,0.399266029796447,-14.93402093111394,2000_2012,MP,False,cross_epoch_v1_20260916
2008-06-05,-0.5602318254824028,0.0083264827432295,-1.7734874182713154,0.7006357490823003,-16.808768960202492,2000_2012,MP,False,cross_epoch_v1_20260916
2008-07-03,-0.5639356108207255,-0.0086801770652532,0.1131252222414417,0.0383185398581584,-14.794161572865336,2000_2012,CBI,False,cross_epoch_v1_20260916
2008-09-04,-0.2790502136320049,0.4219214528101523,1.505348463066308,0.721852074645648,-13.307484782114084,2000_2012,MP,False,cross_epoch_v1_20260916
2008-10-02,-1.1018625202317307,-0.6834949459429486,1.2332183124711578,0.042115381535579,-13.598077243933464,2000_2012,CBI,True,cross_epoch_v1_20260916
2008-11-06,-0.2709991096369477,-4.9861382370525,2.441923870259276,-0.7987883037153143,-12.307368651430023,2000_2012,CBI,False,cross_epoch_v1_20260916
2008-12-04,2.6960960325425947,-1.8230695807824304,3.1008906671033305,2.69416434859637,-11.603695121196958,2000_2012,MP,False,cross_epoch_v1_20260916
2009-01-15,-2.934037929786739,-0.9275900457585722,0.7504678890969233,-0.7522259634154835,-14.113579233205382,2000_2012,CBI,True,cross_epoch_v1_20260916
2009-02-05,-2.134884185335396,-0.6341109307010517,-0.1088610710971054,1.066838319180782,-15.031208233554455,2000_2012,CBI,True,cross_epoch_v1_20260916
2009-03-05,2.124447061047708,-0.0287941550841249,2.6741933810338527,0.9655706093847432,-12.059341121977834,2000_2012,MP,False,cross_epoch_v1_20260916
2009-04-02,1.3321724642141013,0.2014672943739485,0.0109353201015596,2.458643182894477,-14.903284414163757,2000_2012,CBI,True,cross_epoch_v1_20260916
2009-05-07,4.534002313741073,0.6651256334788613,2.277002028151427,1.2166346292834902,-12.483479398442416,2000_2012,CBI,False,cross_epoch_v1_20260916
2009-06-04,-0.5322901530915223,-1.0269984362624822,1.3877210025167646,-0.1918080009766107,-13.43309252261582,2000_2012,CBI,False,cross_epoch_v1_20260916
2009-07-02,2.1323146551994134,0.3801529044815078,-0.7463735308402432,0.8805039279263216,-15.711971885476633,2000_2012,CBI,True,cross_epoch_v1_20260916
2009-08-06,-0.0,0.3570279505115247,3.5619795871939046,-0.805028736247138,-11.11132423133516,2000_2012,axis,False,cross_epoch_v1_20260916
2009-12-03,-0.2654151051190241,0.109706082853351,-0.399364358196659,-0.0874521009059954,-15.341420333096746,2000_2012,MP,False,cross_epoch_v1_20260916
2010-01-14,-0.7977530434476707,0.2828258526152807,0.1234597176088361,0.0864127439154618,-14.783125947287266,2000_2012,MP,True,cross_epoch_v1_20260916
2010-02-04,-0.2650973817465011,0.0315659168480906,0.289745116174035,-0.0033671450941525,-14.60555913512772,2000_2012,MP,False,cross_epoch_v1_20260916
2010-03-04,-0.0,0.0495546434799459,-0.6681958577718909,-1.4870464988706082,-15.628490351267509,2000_2012,axis,False,cross_epoch_v1_20260916
2010-04-08,0.7933561957975975,0.0306770966639089,-0.3608466948855319,0.6476488326592982,-15.300289489709376,2000_2012,CBI,False,cross_epoch_v1_20260916
2010-05-06,-0.2628224390201528,-0.7759126469606804,1.801658006960664,1.7209713782689438,-12.991072507941135,2000_2012,CBI,False,cross_epoch_v1_20260916
2010-06-10,1.0504506449962596,-0.6489584155834007,0.9047154075556836,-0.5970254184610422,-13.948866995254413,2000_2012,MP,True,cross_epoch_v1_20260916
2010-07-08,0.5264980418739167,0.5366595485592687,0.1133346278605042,0.0411975116287095,-14.79393796039818,2000_2012,CBI,True,cross_epoch_v1_20260916
2010-08-05,0.7905603227913738,-0.3113256568414416,-0.6327989019840587,0.2090025923737659,-15.590691935690248,2000_2012,MP,True,cross_epoch_v1_20260916
2010-09-02,-0.262271737212179,-0.0784919899229975,0.7794696851763604,-1.16934751646375,-14.082609848513991,2000_2012,CBI,False,cross_epoch_v1_20260916
2010-10-07,0.2637736254410807,-0.2377124677604744,-0.2223307897588881,-1.23475364142897,-15.152376155652638,2000_2012,MP,False,cross_epoch_v1_20260916
2010-11-04,-0.0,-0.0959201368127646,0.8564272697532843,0.7870050587005828,-14.000431178091134,2000_2012,axis,False,cross_epoch_v1_20260916
2010-12-02,0.5270763992973299,0.3371743131080648,1.010002843282369,1.5104582060325988,-13.836436472287538,2000_2012,CBI,True,cross_epoch_v1_20260916
2011-01-13,-1.0586105162900743,0.2882806503910779,0.2466895145212275,0.2286428163695379,-14.651535787299634,2000_2012,MP,True,cross_epoch_v1_20260916
2011-02-03,0.2667183593750234,-0.4262122224652052,0.3189030325746467,-1.6036746026222275,-14.574423038337832,2000_2012,MP,False,cross_epoch_v1_20260916
2011-03-03,-0.2666319008492995,-0.0947205124332235,-0.1359355906814071,0.3035271958248735,-15.06011958821829,2000_2012,CBI,True,cross_epoch_v1_20260916
2011-04-07,-0.2689107527723131,0.8977426961796328,0.2694040036224657,1.2635684441785386,-14.627280263637656,2000_2012,MP,False,cross_epoch_v1_20260916
2011-05-05,-0.2690238328649374,0.2826354156542114,0.3475165704572204,0.7182821624061777,-14.543868252708696,2000_2012,MP,True,cross_epoch_v1_20260916
2011-06-09,-1.0725123588566436,-0.016348470047391,-0.2271643116407701,1.2162623417186804,-15.1575376014529,2000_2012,CBI,False,cross_epoch_v1_20260916
2011-07-07,-2.138352963400866,0.0441205131139407,0.1781049806810151,-0.036825158369119,-14.724773348399625,2000_2012,MP,False,cross_epoch_v1_20260916
2011-08-04,0.2649266148094725,-0.1574853006984437,1.4985047365104456,-0.0535818919209951,-13.314792812273687,2000_2012,MP,False,cross_epoch_v1_20260916
2011-09-08,-1.5728065425038296,-1.302858731514792,1.1694197517847154,0.6702972110471546,-13.666204133842063,2000_2012,CBI,False,cross_epoch_v1_20260916
2011-10-06,3.1461860890591056,-1.8254623439739877,2.027782426114758,1.2032542475228816,-12.74960697574723,2000_2012,MP,False,cross_epoch_v1_20260916
2011-11-03,-7.593429549378423,1.239220251468242,1.8258073330515143,0.9749399342121928,-12.965284802666025,2000_2012,MP,False,cross_epoch_v1_20260916
2011-12-08,2.6145593864439984,-0.8332917964060187,1.2375280392826131,0.6904498409739794,-13.593475129389482,2000_2012,MP,True,cross_epoch_v1_20260916
2012-01-12,-0.2608341109817159,-0.6886356732282009,-0.4638943417337006,0.2439514078110853,-15.410328268274757,2000_2012,CBI,False,cross_epoch_v1_20260916
2012-02-09,-0.5219874516873733,0.6632211247392882,0.8520540795189554,-0.9224647631698932,-14.005101061650228,2000_2012,MP,False,cross_epoch_v1_20260916
2012-03-08,-0.0,0.0861001512729297,0.4130714110368365,0.4862525973195915,-14.47386593041348,2000_2012,axis,False,cross_epoch_v1_20260916
2012-04-04,0.5216800385819782,0.3064855107585145,0.2640685134175337,-0.5021478323290403,-14.632977733139928,2000_2012,CBI,True,cross_epoch_v1_20260916
2012-06-06,-0.0,-1.1408053649877892,-0.0686203114821521,0.0415539648394744,-14.988237392666678,2000_2012,axis,False,cross_epoch_v1_20260916
2012-07-05,-4.163443997124057,-0.8192400534128508,1.7076433418475467,1.6924978827627637,-13.09146547403694,2000_2012,CBI,True,cross_epoch_v1_20260916
2012-08-02,3.3741824196701753,0.1268480479149379,0.6204353786844852,1.3661919561361628,-14.25243362782011,2000_2012,CBI,False,cross_epoch_v1_20260916
2012-09-06,0.5200074586420794,0.3899606965918987,-0.2006419673233154,0.6288529507736875,-15.129215883658768,2000_2012,CBI,True,cross_epoch_v1_20260916
2012-10-04,-0.2601388204711945,0.359319377344645,-0.1300590594639401,0.5926210194452572,-15.05384437148943,2000_2012,MP,False,cross_epoch_v1_20260916
2013-01-10,1.5612208831750551,0.4246622268333877,-0.881903826665731,0.5353648999756047,-15.856697055506135,2013_2025,CBI,True,cross_epoch_v1_20260916
2013-02-07,-0.5218455237055218,-0.5082064563644695,1.0162161754755843,0.4545763101114843,-13.82980160476485,2013_2025,CBI,True,cross_epoch_v1_20260916
2013-03-07,0.5202658882992099,0.0906726101313793,0.0710244729290523,-0.5056515598079958,-14.839118591998908,2013_2025,CBI,True,cross_epoch_v1_20260916
2013-04-04,-0.5197962070800548,-0.3517859281142794,-0.133229830614561,-0.4653539608067287,-15.057230259427644,2013_2025,CBI,True,cross_epoch_v1_20260916
2013-05-02,0.2599626422920182,1.011677780172638,-1.419024096647493,2.316280673420442,-16.430257541934175,2013_2025,CBI,False,cross_epoch_v1_20260916
2013-06-06,0.5208306273920412,0.3441833193788992,0.5501189505252287,0.4454800130710481,-14.327520581325468,2013_2025,CBI,True,cross_epoch_v1_20260916
2013-07-04,0.5213493829955107,-0.3966116473394753,0.99489193142773,0.4162912871536246,-13.852572564031036,2013_2025,MP,True,cross_epoch_v1_20260916
2013-08-01,-0.260432982017658,-0.066985540068324,0.7235974524458546,-0.978880097764824,-14.142272659198492,2013_2025,CBI,False,cross_epoch_v1_20260916
2013-09-05,-0.261580654787557,-0.1310254633834843,0.9267389692578968,-1.916174786853091,-13.92534927404976,2013_2025,CBI,False,cross_epoch_v1_20260916
2013-10-02,-0.0,0.1984678972297279,-0.0163924741347038,0.7028080117399167,-14.932466226564337,2013_2025,axis,False,cross_epoch_v1_20260916
2013-11-07,-4.687051926424949,2.9073110985443527,0.0578860094017244,3.6033721656539672,-14.853148417259286,2013_2025,MP,False,cross_epoch_v1_20260916
2013-12-05,-0.2606687906752877,0.362068161820897,0.6071030529709968,-3.077003940310268,-14.266670467591034,2013_2025,MP,False,cross_epoch_v1_20260916
2014-01-09,-0.0,-0.2734923061363257,-0.3309570010806437,1.2363943614846242,-15.268371969042173,2013_2025,axis,False,cross_epoch_v1_20260916
2014-02-06,0.7808398061691295,0.3551718161835804,-0.6043329509134759,0.3048429792647606,-15.560294749705749,2013_2025,CBI,True,cross_epoch_v1_20260916
2014-03-06,1.5639065506438774,-0.1523889232531013,0.7230110231032003,0.496328131547104,-14.142898874066606,2013_2025,MP,True,cross_epoch_v1_20260916
2014-04-03,0.7826441527004168,-0.409596754564635,-1.2814215061718992,2.0071879002384954,-16.28331948515665,2013_2025,MP,True,cross_epoch_v1_20260916
2014-05-08,0.5213257807795671,-0.7857669218705208,-1.3033380529451235,1.9259777899484316,-16.306722931145572,2013_2025,MP,True,cross_epoch_v1_20260916
2014-06-05,-0.2602328798382025,0.4645841880433862,0.5736365244468038,2.7342556421016138,-14.3024074886125,2013_2025,MP,False,cross_epoch_v1_20260916
2014-07-03,-0.2601505741729589,0.0174002185135661,-0.4205213906535716,-1.3143871045525444,-15.364012736522096,2013_2025,MP,False,cross_epoch_v1_20260916
2014-08-07,-0.0,0.7243909727400087,-1.4512431051942123,0.3279420954327463,-16.46466240663033,2013_2025,axis,False,cross_epoch_v1_20260916
2014-09-04,-5.974825115248908,1.2724233063343693,0.7547565813489459,3.1003180143155884,-14.10899958028278,2013_2025,MP,False,cross_epoch_v1_20260916
2014-10-02,0.5187658875379736,-0.4543717988910468,-0.5706293256646731,1.090145377364701,-15.524304546445038,2013_2025,MP,True,cross_epoch_v1_20260916
2014-11-06,0.2594355366604271,-0.7029474259778454,-0.4805889901957655,0.2675338929700057,-15.428155543147426,2013_2025,MP,False,cross_epoch_v1_20260916
2014-12-04,-0.2595056938739,-0.3541894151013477,-0.6331346729400568,0.2427384846955433,-15.591050486583994,2013_2025,CBI,False,cross_epoch_v1_20260916
2015-01-22,-0.0,0.7408065436451928,0.0037002051076312,0.4740813177068919,-14.911010385993904,2013_2025,axis,False,cross_epoch_v1_20260916
2015-03-05,-0.0,0.079298617509597,-0.7214988365295962,0.2483838752721574,-15.685409600331356,2013_2025,axis,False,cross_epoch_v1_20260916
2015-04-15,0.2586779245177099,-0.0062200225302541,-0.2592194448910789,0.2827459081548369,-15.191767472949254,2013_2025,MP,False,cross_epoch_v1_20260916
2015-06-03,-0.2590270410887982,0.3920139375215014,1.1887377609383136,-0.938236310900745,-13.645575519831024,2013_2025,MP,False,cross_epoch_v1_20260916
2015-07-16,0.2587360452439757,0.1781946119619014,-0.3144274953204714,-0.2901280683150791,-15.250721040760242,2013_2025,CBI,False,cross_epoch_v1_20260916
2015-09-03,-0.0,0.3084711356529602,-0.4454146435305842,0.2436217167270999,-15.3905948393152,2013_2025,axis,False,cross_epoch_v1_20260916
2015-10-22,-0.0,-0.2047322893564152,-0.8935298250575465,0.6836600773364232,-15.869111804428286,2013_2025,axis,False,cross_epoch_v1_20260916
2015-12-03,4.123378625349138,-2.6669316387018194,0.8780220998062714,3.1901820020732963,-13.977371275269103,2013_2025,MP,False,cross_epoch_v1_20260916
2016-01-21,-0.0,0.7891937785396596,-0.1505715587438159,1.8463466152784047,-15.075748514234256,2013_2025,axis,False,cross_epoch_v1_20260916
2016-03-10,3.6010256320774663,5.412315126601509,0.8854972868486544,3.2272808292960935,-13.969388944018943,2013_2025,CBI,False,cross_epoch_v1_20260916
2016-04-21,-0.0,-0.4011252756681221,-0.0534144299452367,1.5047713961106552,-14.97199988814804,2013_2025,axis,False,cross_epoch_v1_20260916
2016-06-02,-0.2574403694455529,-0.564299179164266,-1.5407591235414402,1.2176396641961291,-16.56025152120253,2013_2025,CBI,False,cross_epoch_v1_20260916
2016-07-21,0.2570955139612197,-0.0896001981711219,-0.1832036039498288,0.2351271161537642,-15.110594437517207,2013_2025,MP,False,cross_epoch_v1_20260916
2016-09-08,1.5411623705214983,-0.9798056991724464,-0.4996968927990073,1.406538145950723,-15.448559796206256,2013_2025,MP,True,cross_epoch_v1_20260916
2016-10-20,-0.2568661231222006,-0.1576567524729228,-0.5367371332461934,0.3030638592399342,-15.488112982923676,2013_2025,CBI,False,cross_epoch_v1_20260916
2016-12-08,-1.5417125891542611,0.7731926258675443,0.558598275903783,3.513804653898873,-14.31846598729782,2013_2025,MP,True,cross_epoch_v1_20260916
2017-01-19,-0.2564999480026851,-0.1136885425996959,0.0616842740627399,0.7114489287399532,-14.849092464340904,2013_2025,CBI,False,cross_epoch_v1_20260916
2017-03-09,-3.8435611995979286,-0.1314034613335607,-1.499674379486995,2.616573965674439,-16.51637943686388,2013_2025,CBI,False,cross_epoch_v1_20260916
2017-04-27,-0.0,-0.0650765036519796,-1.5995983973886685,0.7975092797970831,-16.623082667995845,2013_2025,axis,False,cross_epoch_v1_20260916
2017-06-08,0.2567172384609529,-0.23162407981791,-0.0405350160838071,0.2620362459352083,-14.95824668743655,2013_2025,MP,False,cross_epoch_v1_20260916
2017-07-20,-1.7995079094227924,0.3524744385023687,-0.3784664147040407,3.2050355835378816,-15.319104596184827,2013_2025,MP,True,cross_epoch_v1_20260916
2017-09-07,-0.5132857219245621,-0.0499769086039754,-1.522949412905002,0.4586660293995557,-16.54123353423264,2013_2025,CBI,False,cross_epoch_v1_20260916
2017-10-26,-1.796299872984893,0.5720840265921313,-0.6676902844493353,2.273727285732864,-15.627950477989556,2013_2025,MP,True,cross_epoch_v1_20260916
2017-12-14,-0.5134688175592284,-0.4117640128077915,0.0725288974384559,-1.59410137833153,-14.837512101792464,2013_2025,CBI,True,cross_epoch_v1_20260916
2018-01-25,-0.5145011693036547,-0.1599711630886658,-0.2687191314768007,1.3247902734487411,-15.201911653244675,2013_2025,CBI,True,cross_epoch_v1_20260916
2018-03-08,1.545644297738427,-0.2671141852555834,0.0690730402728806,3.0803097809701043,-14.841202417030392,2013_2025,MP,True,cross_epoch_v1_20260916
2018-04-26,-0.5147081379986616,0.0724990392730749,-0.388529601442017,0.226332826402551,-15.329850506557277,2013_2025,MP,True,cross_epoch_v1_20260916
2018-06-14,-4.629063024537933,1.6687849319569557,-0.6856354729032944,3.390148383502124,-15.647113134090851,2013_2025,MP,False,cross_epoch_v1_20260916
2018-07-26,-0.0,0.1662808083510863,-0.1385102114006729,-0.6135182867345463,-15.062868880685246,2013_2025,axis,False,cross_epoch_v1_20260916
2018-09-13,-0.2574288593564641,-0.2840263333100717,-0.1103370925049274,0.2481297789815535,-15.032784393688344,2013_2025,CBI,False,cross_epoch_v1_20260916
2018-10-25,0.5142254698310809,-0.4119807384131919,-0.6906314834096656,-0.1143763065431429,-15.652448092342066,2013_2025,MP,True,cross_epoch_v1_20260916
2018-12-13,-0.2574173503003909,0.1868853113664359,-0.7974909288800073,1.169513565163662,-15.766557275980734,2013_2025,MP,False,cross_epoch_v1_20260916
2019-01-24,0.2572678261360531,-0.2698300021147986,-1.1454800259076452,1.8919322170558956,-16.13815523442234,2013_2025,MP,False,cross_epoch_v1_20260916
2019-03-07,-1.2873169686968522,1.0520075891489888,-1.1302264519734064,2.560404623411678,-16.12186680187857,2013_2025,MP,True,cross_epoch_v1_20260916
2019-04-10,-0.0,-0.0800931377981778,-0.6827879954506408,-1.0640836322540608,-15.644072473285233,2013_2025,axis,False,cross_epoch_v1_20260916
2019-06-06,2.824897289144268,-0.7062936513417245,-1.272015502590698,2.819134892943733,-16.273275343665656,2013_2025,MP,False,cross_epoch_v1_20260916
2019-07-25,-1.0249724249395091,1.7509576708034456,-1.304712788177778,3.2905458980238382,-16.3081909334773,2013_2025,MP,False,cross_epoch_v1_20260916
2019-09-12,-0.0,1.4099010238976084,0.5074875407385857,4.27776051906215,-14.373044262893416,2013_2025,axis,False,cross_epoch_v1_20260916
2019-10-24,-0.2568546643207984,-0.2704509792828025,-0.3474369383216898,0.4164591326284128,-15.28596996589416,2013_2025,CBI,False,cross_epoch_v1_20260916
2019-12-12,0.2570266537038504,-0.40957870992098,-1.126594328846962,-0.0204803757783054,-16.117988262148092,2013_2025,MP,False,cross_epoch_v1_20260916
2020-01-23,-0.2572563314706021,-0.2506126751926076,-0.8300655351615372,-0.712504828983402,-15.801341863471112,2013_2025,CBI,False,cross_epoch_v1_20260916
2020-03-12,8.427332806536597,-4.555097048991524,2.4383868556330803,2.897974665760417,-12.311145630149468,2013_2025,MP,False,cross_epoch_v1_20260916
2020-04-30,0.5129427693264182,-0.8026380907225141,-1.4219295715436109,2.044478981396491,-16.43336013494333,2013_2025,MP,True,cross_epoch_v1_20260916
2020-06-04,-1.2854201785571562,1.7286128382643533,-0.6798089178368584,2.3213589994811983,-15.640891284079087,2013_2025,MP,False,cross_epoch_v1_20260916
2020-07-16,-0.5137895494309312,-0.1304684514805989,-0.801793845629338,0.1783178133163971,-15.771152118442906,2013_2025,CBI,True,cross_epoch_v1_20260916
2020-09-10,-0.2564656726038726,0.1677333723487853,-0.2283425778391907,-0.493716941062754,-15.158795805567838,2013_2025,MP,False,cross_epoch_v1_20260916
2020-10-29,-0.7679603321673096,0.5003214844356049,0.5541340167302149,0.3769743697977343,-14.323233118248249,2013_2025,MP,True,cross_epoch_v1_20260916
2020-12-10,2.817232376146462,-0.1361560202852813,-0.8245612189864221,2.8643795279546733,-15.795464114223332,2013_2025,MP,False,cross_epoch_v1_20260916
2021-01-21,0.5128970769377625,-0.337181104480736,-0.4323943386781523,2.0832159780397888,-15.376691189049208,2013_2025,MP,True,cross_epoch_v1_20260916
2021-03-11,-0.7704952504176105,0.5296598460080572,-0.1006549753869885,3.0461218746935597,-15.022445406101808,2013_2025,MP,True,cross_epoch_v1_20260916
2021-04-22,-0.0,-0.114656187458235,0.1164100235983164,0.2283927132395149,-14.79065391849189,2013_2025,axis,False,cross_epoch_v1_20260916
2021-06-10,-0.0,0.2486279457089268,-0.9843780744156544,1.353618924090101,-15.96612353346756,2013_2025,axis,False,cross_epoch_v1_20260916
2021-07-22,-0.5128513926904966,0.1070166226609861,-0.3487285354042441,3.52581519825668,-15.287349189677624,2013_2025,MP,True,cross_epoch_v1_20260916
2021-09-09,-0.2565113751743792,0.7853359034066082,-1.219861541926986,1.9446665258968103,-16.217583066313242,2013_2025,MP,False,cross_epoch_v1_20260916
2021-10-28,0.513743706068591,-0.2701425515560011,1.1346882080114564,1.121036038813461,-13.703291993404063,2013_2025,MP,True,cross_epoch_v1_20260916
2021-12-16,-1.28387241192531,-0.3700084043741198,2.309220587648999,2.4135602690933027,-12.449075013260554,2013_2025,CBI,False,cross_epoch_v1_20260916
2022-02-03,-0.51489225001321,0.1766724734359697,1.9865760075584535,1.338932213049956,-12.793608989433874,2013_2025,MP,False,cross_epoch_v1_20260916
2022-03-10,11.360650932462113,-1.6582519785103185,1.924212978437939,3.71271707623572,-12.860202956030411,2013_2025,MP,False,cross_epoch_v1_20260916
2022-04-14,-6.771717753873882,0.2952249234596114,0.8529971805664429,2.0483871691706828,-14.004093977155788,2013_2025,MP,False,cross_epoch_v1_20260916
2022-06-09,9.253274272308696,-1.3314564718027613,0.6179637779246331,4.26701718717713,-14.255072911074352,2013_2025,MP,False,cross_epoch_v1_20260916
2022-07-21,12.121652017892794,0.960955170634497,1.9460161077139797,1.2631566930594662,-12.836920622199212,2013_2025,CBI,False,cross_epoch_v1_20260916
2022-09-08,0.7979004445242576,0.1241980236882148,1.9142599305559664,2.1562972984972664,-12.870831255321406,2013_2025,CBI,False,cross_epoch_v1_20260916
2022-10-27,-13.194503448057915,1.622472865282702,1.9417451075676295,2.657400268051706,-12.84148138271856,2013_2025,MP,False,cross_epoch_v1_20260916
2022-12-15,11.906872392131216,-1.5057149282531206,0.8809981070332831,2.9312830888935313,-13.97419336475607,2013_2025,MP,False,cross_epoch_v1_20260916
2023-02-02,-5.16746776877539,0.8386112105134738,1.5212369761025732,0.708834709650036,-13.290518333862172,2013_2025,MP,False,cross_epoch_v1_20260916
2023-03-16,-3.5221596545536165,-0.2540226084667815,4.027775656190007,0.2232235755446971,-10.613926842257394,2013_2025,CBI,False,cross_epoch_v1_20260916
2023-05-04,-10.880680862390484,0.8879770181266885,2.076852630680225,2.372707769671337,-12.69720766785917,2013_2025,MP,False,cross_epoch_v1_20260916
2023-06-15,5.757645974876749,-0.4799262624133966,0.7592128253101562,2.273071672849568,-14.104241008326223,2013_2025,MP,False,cross_epoch_v1_20260916
2023-07-27,-4.113975392515263,0.4490760519600177,-0.545597035901507,2.8594629221725167,-15.497573973991578,2013_2025,MP,True,cross_epoch_v1_20260916
2023-09-14,-0.0,1.012911733753686,0.4253967017654418,1.7957913741234304,-14.460704446588068,2013_2025,axis,False,cross_epoch_v1_20260916
2023-10-26,-1.9193979782599233,1.0499671298265458,0.3777404911815782,1.1241126063252995,-14.511593829937398,2013_2025,MP,True,cross_epoch_v1_20260916
2023-12-14,3.248243750421342,-0.1332832190085237,1.9977358654268729,1.096619360152376,-12.781692005724256,2013_2025,MP,False,cross_epoch_v1_20260916
2024-01-25,-3.808957099004451,1.0562346614272888,-0.5526423956424344,1.421317451462766,-15.505097316873805,2013_2025,MP,False,cross_epoch_v1_20260916
2024-03-07,-8.705366299028084,1.058411058203665,0.6445465698769224,1.130703088635082,-14.22668664465531,2013_2025,MP,False,cross_epoch_v1_20260916
2024-04-11,-3.2767425233537906,0.973818465833978,0.4587909972802398,2.4660167309988807,-14.425044559129269,2013_2025,MP,True,cross_epoch_v1_20260916
2024-06-06,4.098357765668878,-0.8867095685693591,0.8037002267060492,1.7550338342315364,-14.056735417845688,2013_2025,MP,True,cross_epoch_v1_20260916
2024-07-18,-1.3614032129987286,0.2282510159229222,-0.7873887550698142,1.246646220581706,-15.755769733509563,2013_2025,MP,True,cross_epoch_v1_20260916
2024-09-12,-0.8068829977318817,-0.6445787176477803,-0.2373492164244116,-0.371746832168121,-15.16841348767132,2013_2025,CBI,True,cross_epoch_v1_20260916
2024-10-17,0.2694014543436434,0.5933913834905714,-1.0809590225856656,2.217227564003432,-16.06925688871024,2013_2025,CBI,False,cross_epoch_v1_20260916
2024-12-12,-3.4875329459807696,0.2162827718081567,-0.0251957736119732,0.8440033784737526,-14.94186677428622,2013_2025,MP,True,cross_epoch_v1_20260916
2025-01-30,-0.2699951974388944,-0.0040451267407119,-0.1938320847534063,-1.1881246120673072,-15.121943993585717,2013_2025,CBI,False,cross_epoch_v1_20260916
2025-03-06,2.160417484900557,0.0903819535992096,1.6263633480651838,1.5317902910634391,-13.17825980181806,2013_2025,CBI,False,cross_epoch_v1_20260916
2025-04-17,-5.3598166140748,0.3327313384728007,0.1119972904053796,0.6194229450823912,-14.795366027749475,2013_2025,MP,False,cross_epoch_v1_20260916
2025-06-05,-1.3399852470123013,0.1872887047138937,0.1739709419512757,0.7800739032580744,-14.729187855535656,2013_2025,MP,True,cross_epoch_v1_20260916
2025-07-24,-0.2684969378150949,-0.0286811950392907,0.2945019402596991,0.66563929943114,-14.600479590584523,2013_2025,CBI,False,cross_epoch_v1_20260916
2025-09-11,-2.956775509098497,0.6454542790228965,-0.3240772150974686,1.3609707479395985,-15.26102543305096,2013_2025,MP,True,cross_epoch_v1_20260916
2025-10-30,-0.2689986957362301,0.1314983886520843,-1.0944168772355345,-1.4648456537693093,-16.083627773762704,2013_2025,MP,False,cross_epoch_v1_20260916
