basis,subset,component,total_fitted_gap_change,observed_gap_change,residual_gap_change,estimate,se_cr1,t_stat,p_wild,alternative,draws,n_clusters,n_rows,ci95_low,ci95_high,ci_method,status,scope,note,p_holm_exploratory_family,family_size,diagnostic_version
degree2_quadratic,all_sector_events,composition,0.8367131760112323,1.4286585310359583,0.591945355024726,0.5791821620325711,0.12803750744041453,4.523535123503619,0.00645,two-sided,19999,271,271,0.20337921390933067,0.9438954668985732,unrestricted meeting wild bootstrap-t; pointwise; conditional on target and design,exploratory_after_opening,conditional on measured indicators and fitted normal continuation; no generated-regressor or target uncertainty,"Exact symmetric decomposition of fitted gaps, not causality. Targets and support fixed. Full sample includes extrapolation; restricted sample still imposes functional form.",0.05805,16,cross_epoch_v1_20260916
degree2_quadratic,all_sector_events,response,0.8367131760112323,1.4286585310359583,0.591945355024726,0.25753101397866124,0.2051912676320855,1.2550778449325757,0.38105,two-sided,19999,271,271,-0.2877362294268558,0.7986095138015097,unrestricted meeting wild bootstrap-t; pointwise; conditional on target and design,exploratory_after_opening,conditional on measured indicators and fitted normal continuation; no generated-regressor or target uncertainty,"Exact symmetric decomposition of fitted gaps, not causality. Targets and support fixed. Full sample includes extrapolation; restricted sample still imposes functional form.",0.7621,16,cross_epoch_v1_20260916
degree2_quadratic,common_support,composition,0.5335771646552973,2.0045811921366234,1.4710040274813263,0.27641221015408024,0.058278120132545304,4.742984322854271,0.0001,two-sided,19999,271,271,0.1233148421414256,0.4271617027428093,unrestricted meeting wild bootstrap-t; pointwise; conditional on target and design,exploratory_after_opening,conditional on measured indicators and fitted normal continuation; no generated-regressor or target uncertainty,"Exact symmetric decomposition of fitted gaps, not causality. Targets and support fixed. Full sample includes extrapolation; restricted sample still imposes functional form.",0.0012000000000000001,16,cross_epoch_v1_20260916
degree2_quadratic,common_support,response,0.5335771646552973,2.0045811921366234,1.4710040274813263,0.257164954501217,0.1288054400593903,1.9965379908072365,0.04005,two-sided,19999,271,271,-0.0560706196894481,0.5690514676652776,unrestricted meeting wild bootstrap-t; pointwise; conditional on target and design,exploratory_after_opening,conditional on measured indicators and fitted normal continuation; no generated-regressor or target uncertainty,"Exact symmetric decomposition of fitted gaps, not causality. Targets and support fixed. Full sample includes extrapolation; restricted sample still imposes functional form.",0.28035,16,cross_epoch_v1_20260916
degree1_absolute,all_sector_events,composition,1.2739087598304306,1.4286585310359583,0.1547497712055277,0.9092507941878508,0.11226912385940002,8.09885000373343,5e-05,two-sided,19999,271,271,0.6744416411891303,1.1442671683062302,unrestricted meeting wild bootstrap-t; pointwise; conditional on target and design,exploratory_after_opening,conditional on measured indicators and fitted normal continuation; no generated-regressor or target uncertainty,"Exact symmetric decomposition of fitted gaps, not causality. Targets and support fixed. Full sample includes extrapolation; restricted sample still imposes functional form.",0.0008,16,cross_epoch_v1_20260916
degree1_absolute,all_sector_events,response,1.2739087598304306,1.4286585310359583,0.1547497712055277,0.36465796564258,0.25569796404997497,1.4261277636583345,0.20015,two-sided,19999,271,271,-0.16328672826191593,0.8999449323598047,unrestricted meeting wild bootstrap-t; pointwise; conditional on target and design,exploratory_after_opening,conditional on measured indicators and fitted normal continuation; no generated-regressor or target uncertainty,"Exact symmetric decomposition of fitted gaps, not causality. Targets and support fixed. Full sample includes extrapolation; restricted sample still imposes functional form.",0.6004499999999999,16,cross_epoch_v1_20260916
degree1_absolute,common_support,composition,1.0628294622775902,2.0045811921366234,0.9417517298590332,0.5793868824983948,0.08281535996186348,6.996128287858711,5e-05,two-sided,19999,271,271,0.3978373737304361,0.7604732381201231,unrestricted meeting wild bootstrap-t; pointwise; conditional on target and design,exploratory_after_opening,conditional on measured indicators and fitted normal continuation; no generated-regressor or target uncertainty,"Exact symmetric decomposition of fitted gaps, not causality. Targets and support fixed. Full sample includes extrapolation; restricted sample still imposes functional form.",0.0008,16,cross_epoch_v1_20260916
degree1_absolute,common_support,response,1.0628294622775902,2.0045811921366234,0.9417517298590332,0.4834425797791956,0.2666678351643725,1.8129017302788109,0.0928,two-sided,19999,271,271,-0.0678658636307754,1.0419965490871175,unrestricted meeting wild bootstrap-t; pointwise; conditional on target and design,exploratory_after_opening,conditional on measured indicators and fitted normal continuation; no generated-regressor or target uncertainty,"Exact symmetric decomposition of fitted gaps, not causality. Targets and support fixed. Full sample includes extrapolation; restricted sample still imposes functional form.",0.46399999999999997,16,cross_epoch_v1_20260916
quadratic_angles_radial1,all_sector_events,composition,1.2972336889827103,1.4286585310359583,0.131424842053248,0.857399050745019,0.10523883408479393,8.147173599948744,5e-05,two-sided,19999,271,271,0.6321356850536496,1.0853345120006754,unrestricted meeting wild bootstrap-t; pointwise; conditional on target and design,exploratory_after_opening,conditional on measured indicators and fitted normal continuation; no generated-regressor or target uncertainty,"Exact symmetric decomposition of fitted gaps, not causality. Targets and support fixed. Full sample includes extrapolation; restricted sample still imposes functional form.",0.0008,16,cross_epoch_v1_20260916
quadratic_angles_radial1,all_sector_events,response,1.2972336889827103,1.4286585310359583,0.131424842053248,0.4398346382376914,0.22713703734501098,1.9364285251709183,0.06895,two-sided,19999,271,271,-0.03342838330866971,0.9127514758965009,unrestricted meeting wild bootstrap-t; pointwise; conditional on target and design,exploratory_after_opening,conditional on measured indicators and fitted normal continuation; no generated-regressor or target uncertainty,"Exact symmetric decomposition of fitted gaps, not causality. Targets and support fixed. Full sample includes extrapolation; restricted sample still imposes functional form.",0.41369999999999996,16,cross_epoch_v1_20260916
quadratic_angles_radial1,common_support,composition,1.1871055780573143,2.0045811921366234,0.8174756140793091,0.5819174505856901,0.0800706267433494,7.267552088119801,5e-05,two-sided,19999,271,271,0.41135621838748093,0.7546884631678673,unrestricted meeting wild bootstrap-t; pointwise; conditional on target and design,exploratory_after_opening,conditional on measured indicators and fitted normal continuation; no generated-regressor or target uncertainty,"Exact symmetric decomposition of fitted gaps, not causality. Targets and support fixed. Full sample includes extrapolation; restricted sample still imposes functional form.",0.0008,16,cross_epoch_v1_20260916
quadratic_angles_radial1,common_support,response,1.1871055780573143,2.0045811921366234,0.8174756140793091,0.6051881274716244,0.24809302753756057,2.4393596768051076,0.0186,two-sided,19999,271,271,0.09668811491948448,1.1122815172888671,unrestricted meeting wild bootstrap-t; pointwise; conditional on target and design,exploratory_after_opening,conditional on measured indicators and fitted normal continuation; no generated-regressor or target uncertainty,"Exact symmetric decomposition of fitted gaps, not causality. Targets and support fixed. Full sample includes extrapolation; restricted sample still imposes functional form.",0.1488,16,cross_epoch_v1_20260916
absolute_angles_radial2,all_sector_events,composition,0.8324764705761538,1.4286585310359583,0.5961820604598045,0.5843620028866641,0.12186313057536911,4.795232160273871,0.002,two-sided,19999,271,271,0.2763669218815083,0.8934740655973603,unrestricted meeting wild bootstrap-t; pointwise; conditional on target and design,exploratory_after_opening,conditional on measured indicators and fitted normal continuation; no generated-regressor or target uncertainty,"Exact symmetric decomposition of fitted gaps, not causality. Targets and support fixed. Full sample includes extrapolation; restricted sample still imposes functional form.",0.022,16,cross_epoch_v1_20260916
absolute_angles_radial2,all_sector_events,response,0.8324764705761538,1.4286585310359583,0.5961820604598045,0.24811446768948972,0.20099838172616358,1.234410275141002,0.39655,two-sided,19999,271,271,-0.2463196992221535,0.7400374584323813,unrestricted meeting wild bootstrap-t; pointwise; conditional on target and design,exploratory_after_opening,conditional on measured indicators and fitted normal continuation; no generated-regressor or target uncertainty,"Exact symmetric decomposition of fitted gaps, not causality. Targets and support fixed. Full sample includes extrapolation; restricted sample still imposes functional form.",0.7621,16,cross_epoch_v1_20260916
absolute_angles_radial2,common_support,composition,0.5320017244475945,2.0045811921366234,1.472579467689029,0.2989030022091837,0.06262881366763073,4.772611593689977,0.0051,two-sided,19999,271,271,0.14858928862063567,0.45021408513286454,unrestricted meeting wild bootstrap-t; pointwise; conditional on target and design,exploratory_after_opening,conditional on measured indicators and fitted normal continuation; no generated-regressor or target uncertainty,"Exact symmetric decomposition of fitted gaps, not causality. Targets and support fixed. Full sample includes extrapolation; restricted sample still imposes functional form.",0.051000000000000004,16,cross_epoch_v1_20260916
absolute_angles_radial2,common_support,response,0.5320017244475945,2.0045811921366234,1.472579467689029,0.23309872223841074,0.11628376817010684,2.004568014148114,0.11575,two-sided,19999,271,271,-0.02506905852849392,0.49290053925810173,unrestricted meeting wild bootstrap-t; pointwise; conditional on target and design,exploratory_after_opening,conditional on measured indicators and fitted normal continuation; no generated-regressor or target uncertainty,"Exact symmetric decomposition of fitted gaps, not causality. Targets and support fixed. Full sample includes extrapolation; restricted sample still imposes functional form.",0.46399999999999997,16,cross_epoch_v1_20260916
