basis,subset,era,n_mp,n_cbi,observed_sector_gap,fitted_sector_gap,diagnostic_version
degree2_quadratic,all_sector_events,2000_2012,60,78,-0.3508461020281738,-0.2935421557598226,cross_epoch_v1_20260916
degree2_quadratic,all_sector_events,2013_2025,63,32,1.0778124290077844,0.5431710202514096,cross_epoch_v1_20260916
degree2_quadratic,common_support,2000_2012,24,44,-0.30480083073684283,-0.2946930626995277,cross_epoch_v1_20260916
degree2_quadratic,common_support,2013_2025,27,10,1.6997803613997806,0.23888410195576953,cross_epoch_v1_20260916
degree1_absolute,all_sector_events,2000_2012,60,78,-0.3508461020281738,-0.4332577026494645,cross_epoch_v1_20260916
degree1_absolute,all_sector_events,2013_2025,63,32,1.0778124290077844,0.8406510571809662,cross_epoch_v1_20260916
degree1_absolute,common_support,2000_2012,24,44,-0.30480083073684283,-0.4572800208431772,cross_epoch_v1_20260916
degree1_absolute,common_support,2013_2025,27,10,1.6997803613997806,0.6055494414344131,cross_epoch_v1_20260916
quadratic_angles_radial1,all_sector_events,2000_2012,60,78,-0.3508461020281738,-0.40321484553319586,cross_epoch_v1_20260916
quadratic_angles_radial1,all_sector_events,2013_2025,63,32,1.0778124290077844,0.8940188434495144,cross_epoch_v1_20260916
quadratic_angles_radial1,common_support,2000_2012,24,44,-0.30480083073684283,-0.44754077069773585,cross_epoch_v1_20260916
quadratic_angles_radial1,common_support,2013_2025,27,10,1.6997803613997806,0.7395648073595785,cross_epoch_v1_20260916
absolute_angles_radial2,all_sector_events,2000_2012,60,78,-0.3508461020281738,-0.33594988318484864,cross_epoch_v1_20260916
absolute_angles_radial2,all_sector_events,2013_2025,63,32,1.0778124290077844,0.49652658739130523,cross_epoch_v1_20260916
absolute_angles_radial2,common_support,2000_2012,24,44,-0.30480083073684283,-0.32374402798540475,cross_epoch_v1_20260916
absolute_angles_radial2,common_support,2013_2025,27,10,1.6997803613997806,0.20825769646218972,cross_epoch_v1_20260916
