noise_multiple,status,median_exponent,share_at_or_below_observed,sample,measure
0.0,simulated,1.0,0.21105527638190955,H_2000_2012,BV5_frozen
0.5,simulated,1.15,0.1306532663316583,H_2000_2012,BV5_frozen
1.0,simulated,1.5,0.11055276381909548,H_2000_2012,BV5_frozen
1.5,simulated,1.75,0.20100502512562815,H_2000_2012,BV5_frozen
2.0,simulated,1.1,0.2964824120603015,H_2000_2012,BV5_frozen
2.5,infeasible_noise_exceeds_spread,,,H_2000_2012,BV5_frozen
3.0,infeasible_noise_exceeds_spread,,,H_2000_2012,BV5_frozen
0.0,simulated,1.0,0.1306532663316583,H_2000_2012,BV
0.5,simulated,1.1,0.05527638190954774,H_2000_2012,BV
1.0,simulated,1.45,0.03015075376884422,H_2000_2012,BV
1.5,simulated,1.7,0.1306532663316583,H_2000_2012,BV
2.0,infeasible_noise_exceeds_spread,,,H_2000_2012,BV
2.5,infeasible_noise_exceeds_spread,,,H_2000_2012,BV
3.0,infeasible_noise_exceeds_spread,,,H_2000_2012,BV
0.0,simulated,1.0,0.10050251256281408,H_2000_2012,VOL
0.5,simulated,1.15,0.05025125628140704,H_2000_2012,VOL
1.0,simulated,1.5,0.06532663316582915,H_2000_2012,VOL
1.5,simulated,1.4,0.16080402010050251,H_2000_2012,VOL
2.0,infeasible_noise_exceeds_spread,,,H_2000_2012,VOL
2.5,infeasible_noise_exceeds_spread,,,H_2000_2012,VOL
3.0,infeasible_noise_exceeds_spread,,,H_2000_2012,VOL
0.0,simulated,1.05,0.09045226130653267,G_2013_2025,BV5_frozen
0.5,simulated,1.1,0.05527638190954774,G_2013_2025,BV5_frozen
1.0,simulated,1.25,0.10050251256281408,G_2013_2025,BV5_frozen
1.5,simulated,1.4,0.10552763819095477,G_2013_2025,BV5_frozen
2.0,simulated,1.3,0.10050251256281408,G_2013_2025,BV5_frozen
2.5,simulated,1.2,0.22110552763819097,G_2013_2025,BV5_frozen
3.0,simulated,0.95,0.32663316582914576,G_2013_2025,BV5_frozen
0.0,simulated,1.05,0.19095477386934673,G_2013_2025,BV
0.5,simulated,1.1,0.1658291457286432,G_2013_2025,BV
1.0,simulated,1.05,0.16080402010050251,G_2013_2025,BV
1.5,simulated,1.15,0.17587939698492464,G_2013_2025,BV
2.0,simulated,1.25,0.22613065326633167,G_2013_2025,BV
2.5,simulated,1.1,0.2914572864321608,G_2013_2025,BV
3.0,simulated,0.95,0.35175879396984927,G_2013_2025,BV
0.0,simulated,1.0,0.12060301507537688,G_2013_2025,VOL
0.5,simulated,0.95,0.07035175879396985,G_2013_2025,VOL
1.0,simulated,1.25,0.11055276381909548,G_2013_2025,VOL
1.5,simulated,1.15,0.1407035175879397,G_2013_2025,VOL
2.0,simulated,1.4,0.1507537688442211,G_2013_2025,VOL
2.5,simulated,1.05,0.27638190954773867,G_2013_2025,VOL
3.0,simulated,1.25,0.2964824120603015,G_2013_2025,VOL
0.0,simulated,0.95,0.01507537688442211,FED_2008_2026,BV
0.5,simulated,1.0,0.04020100502512563,FED_2008_2026,BV
1.0,simulated,1.1,0.035175879396984924,FED_2008_2026,BV
1.5,simulated,1.05,0.04522613065326633,FED_2008_2026,BV
2.0,simulated,1.25,0.010050251256281407,FED_2008_2026,BV
2.5,infeasible_noise_exceeds_spread,,,FED_2008_2026,BV
3.0,infeasible_noise_exceeds_spread,,,FED_2008_2026,BV
0.0,simulated,1.05,0.06030150753768844,FED_2008_2026,VOL
0.5,simulated,0.95,0.11055276381909548,FED_2008_2026,VOL
1.0,simulated,1.3,0.07035175879396985,FED_2008_2026,VOL
1.5,simulated,1.15,0.07035175879396985,FED_2008_2026,VOL
2.0,simulated,1.05,0.11055276381909548,FED_2008_2026,VOL
2.5,infeasible_noise_exceeds_spread,,,FED_2008_2026,VOL
3.0,infeasible_noise_exceeds_spread,,,FED_2008_2026,VOL
