key,value,notes
schema_version,step28_sbb_specification_v3,Frozen contract identifier; do not edit.
factor_rank_rule,selected_by_spectral_gate,"The current passing spectral gate supplies r in {1,2}; r = 3 remains terminal."
kappa_grid,,"Pipe-separated admissible grid K, strictly increasing, every value > 1."
kappa_robust_grid,,"Pipe-separated contiguous subset K_rob of kappa_grid. A conclusion must hold uniformly here."
bootstrap_draws,999,Meeting bootstrap draws with full upstream re-estimation.
bootstrap_seed,,Integer seed frozen before the run.
alpha,0.05,Simultaneous band level.
leave_top_k,1|3|5,Pipe-separated shock-energy exclusions.
boundary_bar_perturbations,drop_first_post|drop_last_post|shift_forward_one_bar|shift_backward_one_bar,"Non-empty, duplicate-free subset of the supported frozen boundary-bar perturbations."
whitening_minimum_dates,,Minimum control dates per fold and intraday position for equation (29).
history_lag,,"Maximum frozen lag L of the history dictionary; enters N_use and G_use in equation (26)."
state_columns,,"Pipe-separated columns of Output/analysis/event_state_panel.csv forming S_e."
surprise_columns,,"Pipe-separated columns forming xi_e, the EA-MPD/EA-EMPD components."
control_conditioning_rule,,"One of state_and_surprise_zeroed, inherit_matched_event, state_only. The note fixes the conditioning set for events but not for controls; this choice defines the control leg of equation (27) and must be frozen before any event return is read."
law_fit_sample,,"One of controls_only, pooled. Which dates estimate the conditional law of equation (34)."
law_pooling,group_intercept_pooled_slopes,"One of group_intercept_pooled_slopes, per_group."
law_correlation_scope,pooled,"One of pooled, per_group; the scope of R_{p,k}."
law_penalty_grid,0|0.05|0.1|0.2|0.35|0.5|0.75|1,Pipe-separated shrinkage grid tuned on controls and then frozen.
law_minimum_group_rows,20,Minimum observations in every phase-position law cell.
law_residual_floor,1e-8,Positive numerical floor used in the log-scale regression.
calibration_meeting_grid,,"Pipe-separated grid of G for equation (33). Frozen before the certified intersection is inspected."
calibration_frontier_eigengap,,Smallest eigengap declared admissible; the calibration is evaluated there.
calibration_projector_tolerance,,"tau_P: the 0.95 quantile of d_P must not exceed it, in the calibration and in the spectral gate."
calibration_true_rank,1|2,"Both admissible low ranks are mandatory. G_min^spec is the largest of the two per-rank minima."
calibration_positions,5,Five whitened PR levels corresponding to four adjacent transitions.
calibration_replications,200,Synthetic panels per grid point.
spectral_parallel_draws,199,Parallel-analysis permutations.
spectral_parallel_quantile,0.95,Parallel-analysis and angle-null quantile.
spectral_reconstruction_folds,5,Folds for the held-out reconstruction.
spectral_stability_draws,199,Meeting-bootstrap draws for projector stability.
spectral_angle_draws,199,Null draws for the PR-PC principal angles.
markov_r2_grid,,"Pipe-separated grid inside (0,1) for R2_80 in equation (41)."
markov_draws,999,Wild-sign draws for the score test.
markov_power_draws,499,Draws per grid point for the power curve.
markov_benchmark_draws,999,Meeting-bootstrap draws for the lower bound of R2_S.
gaussian_mean_tolerance,,Largest admissible clustered t statistic on the standardised mean.
gaussian_covariance_tolerance,,"Largest admissible ||E[eps eps'] - I_r||_F / sqrt(r)."
gaussian_coverage_levels,0.5|0.8|0.9|0.95,Nominal coverage levels checked out of fold.
gaussian_coverage_tolerance,,Largest admissible absolute coverage error at any level.
