file,contract,requested_start,requested_end,rows,first_label,last_label,first_utc,last_utc,export_cap_reached,sha256
ggh00_1min_2000-01-03_2000-02-03.csv,ggh00,2000-01-03,2000-02-03,15771,15781383,15826679,2000-01-03 07:03:00+00:00,2000-02-03 17:59:00+00:00,False,29a37197e3bd940baf01df1a1ed3447b1efbfd3415a92ef7b9d6accba30e7c12
ggh00_1min_2000-02-04_2000-03-07.csv,ggh00,2000-02-04,2000-03-07,15057,15827461,15874198,2000-02-04 07:01:00+00:00,2000-03-07 17:58:00+00:00,False,411809f4d4cb7704be08b21ee0e2920ce283f31ee918a1f832c5109c7c60e5dc
ggh01_1min_2000-12-07_2001-01-12.csv,ggh01,2000-12-07,2001-01-12,15100,16269542,16322039,2000-12-07 07:02:00+00:00,2001-01-12 17:59:00+00:00,False,678afb1921ca0bb56541f5c572f1929b6a6f7f1182563b8bcb602794c34576b6
ggh01_1min_2001-01-15_2001-02-15.csv,ggh01,2001-01-15,2001-02-15,15565,16325701,16370999,2001-01-15 07:01:00+00:00,2001-02-15 17:59:00+00:00,False,67c816e54f2ea4bfdc8668410319d3ec346aa1bbe547740b3d3572136e78625c
ggh01_1min_2001-02-16_2001-03-07.csv,ggh01,2001-02-16,2001-03-07,8557,16371780,16399798,2001-02-16 07:00:00+00:00,2001-03-07 17:58:00+00:00,False,181055b88cf6d82d685c418230348c23f3d9f3f00209d3d03b201ba7b50ec5a0
ggh02_1min_2001-10-08_2002-01-11.csv,ggh02,2001-10-08,2002-01-11,17115,16708765,16846199,2001-10-08 07:25:00+00:00,2002-01-11 17:59:00+00:00,False,d25acc26a0462221da7029e087e806eb982c06cefb5bd4456e0cb8781ac1e5de
ggh02_1min_2002-01-14_2002-02-15.csv,ggh02,2002-01-14,2002-02-15,14952,16849861,16896599,2002-01-14 07:01:00+00:00,2002-02-15 17:59:00+00:00,False,28232b3375e6ee3ac1f845de619801d806eb5690cba05060fd5b2b1225b9afb7
ggh02_1min_2002-02-18_2002-03-06.csv,ggh02,2002-02-18,2002-03-06,8338,16900260,16923958,2002-02-18 07:00:00+00:00,2002-03-06 17:58:00+00:00,False,5e434836093d5bf9c87bc11777d1d749fe97a5cbb8e2c65ae92b35423f570671
ggh03_1min_2002-10-22_2003-01-14.csv,ggh03,2002-10-22,2003-01-14,17671,17255099,17376119,2002-10-22 16:59:00+00:00,2003-01-14 17:59:00+00:00,False,f16ecd4e8ebb973afe3cef916702d08b515206d0db092032b134be46eb8e7acb
ggh03_1min_2003-01-15_2003-02-18.csv,ggh03,2003-01-15,2003-02-18,15782,17376900,17426519,2003-01-15 07:00:00+00:00,2003-02-18 17:59:00+00:00,False,5d9739efafe0733bd485a108fb91258bea1b5f35be85fecd9b75b5599d9a85e2
ggh03_1min_2003-02-19_2003-03-05.csv,ggh03,2003-02-19,2003-03-05,7221,17427300,17448119,2003-02-19 07:00:00+00:00,2003-03-05 17:59:00+00:00,False,1968d030cd1e1fdd08e6b350d6b18d3a7dc20b840323afc358f272ec78684604
ggh04_1min_2003-12-08_2004-01-15.csv,ggh04,2003-12-08,2004-01-15,14439,17847781,17903159,2003-12-08 07:01:00+00:00,2004-01-15 17:59:00+00:00,False,83e5a8f10a78bb1fb5e479108bf1cb8df42329f5742458aeeb741ba705761c69
ggh04_1min_2004-01-16_2004-02-18.csv,ggh04,2004-01-16,2004-02-18,15721,17903940,17952118,2004-01-16 07:00:00+00:00,2004-02-18 17:58:00+00:00,False,85cc414c3373a95a56bb9adcdf9bcda1460c65d54f97fe0dd75d8c85dc03a03e
ggh04_1min_2004-02-19_2004-03-05.csv,ggh04,2004-02-19,2004-03-05,7833,17952900,17975162,2004-02-19 07:00:00+00:00,2004-03-05 18:02:00+00:00,False,be41c96ea1653e4716044c3a0c11ce0daf9fb7609fb46aa1cc37b273c5e4ea82
ggh05_1min_2004-12-08_2005-01-12.csv,ggh05,2004-12-08,2005-01-12,15607,18374820,18425882,2004-12-08 07:00:00+00:00,2005-01-12 18:02:00+00:00,False,df9140d1f73ccbd260552d066eab5272cca6db31fdf68e8214e74fb3513a74c3
ggh05_1min_2005-01-13_2005-02-15.csv,ggh05,2005-01-13,2005-02-15,15803,18426660,18474842,2005-01-13 07:00:00+00:00,2005-02-15 18:02:00+00:00,False,c697da805067b8fd7416687b85db5b7323da94707f1ca58d79bf1f7e9c8f0454
ggh05_1min_2005-02-16_2005-03-07.csv,ggh05,2005-02-16,2005-03-07,9217,18475620,18503642,2005-02-16 07:00:00+00:00,2005-03-07 18:02:00+00:00,False,612db7a3b81bb933baf8cbaa4062583983a2b168d57e8f506e65ed1461f1b222
ggh06_1min_2005-12-07_2006-01-03.csv,ggh06,2005-12-07,2006-01-03,14214,18898980,18938703,2005-12-07 07:00:00+00:00,2006-01-03 21:03:00+00:00,False,13399f3578e5b28e1778fdd0664b5fcb27dd7e5b0eb6783e4352f6e8c57fde84
ggh06_1min_2006-01-04_2006-01-30.csv,ggh06,2006-01-04,2006-01-30,14746,18939300,18977583,2006-01-04 07:00:00+00:00,2006-01-30 21:03:00+00:00,False,8032d6edb39c994343775fac66382947c96530760990a7f381f89bccf9f66d51
ggh06_1min_2006-01-31_2006-02-24.csv,ggh06,2006-01-31,2006-02-24,14915,18978180,19013582,2006-01-31 07:00:00+00:00,2006-02-24 21:02:00+00:00,False,99e64fdc00a9d900b6821b975c4444125ef34bf5f9327275d75690f48e36d62c
ggh06_1min_2006-02-27_2006-03-06.csv,ggh06,2006-02-27,2006-03-06,4614,19017061,19027982,2006-02-27 07:01:00+00:00,2006-03-06 21:02:00+00:00,False,4c3fd8704173be46233f09e36d073515d342db7249067cb65307b642439c454c
ggh07_1min_2006-12-06_2007-01-04.csv,ggh07,2006-12-06,2007-01-04,14470,19423141,19465742,2006-12-06 07:01:00+00:00,2007-01-04 21:02:00+00:00,False,8f41fe96d716b2a1548545dea8328423b4bfc30da0a8fee85ef2f60bbdb8f49e
ggh07_1min_2007-01-05_2007-01-31.csv,ggh07,2007-01-05,2007-01-31,14793,19466340,19504622,2007-01-05 07:00:00+00:00,2007-01-31 21:02:00+00:00,False,1fdcf38ad49e58a95312b828b915e5c438576cee23eb40c2c6f4fa42774e4cbf
ggh07_1min_2007-02-01_2007-02-27.csv,ggh07,2007-02-01,2007-02-27,14666,19505220,19543507,2007-02-01 07:00:00+00:00,2007-02-27 21:07:00+00:00,False,03d36be26aeadc428fdaa0b60269296b961bdea00eb353ee54940739c6b86c5f
ggh07_1min_2007-02-28_2007-03-06.csv,ggh07,2007-02-28,2007-03-06,4002,19544101,19553582,2007-02-28 07:01:00+00:00,2007-03-06 21:02:00+00:00,False,f86f50ca11d66db06f58fb1d7adcb30304fca0351975b5fa46e19b79fcdcbc60
ggh08_1min_2007-12-05_2008-01-07.csv,ggh08,2007-12-05,2008-01-07,15150,19947300,19995662,2007-12-05 07:00:00+00:00,2008-01-07 21:02:00+00:00,False,95d80834599f7738ded28b072bad05b9259e38bde3d9264e38bf48b261f18d39
ggh08_1min_2008-01-08_2008-02-01.csv,ggh08,2008-01-08,2008-02-01,15697,19996260,20031662,2008-01-08 07:00:00+00:00,2008-02-01 21:02:00+00:00,False,ba982a0e94a915bf2da83642dfe71b39bc1116bc2da09827f1f66ca503ee1242
ggh08_1min_2008-02-04_2008-02-28.csv,ggh08,2008-02-04,2008-02-28,15622,20035140,20070542,2008-02-04 07:00:00+00:00,2008-02-28 21:02:00+00:00,False,56d864f92a06f494481234f23d739aa41a3be41582ea70a8f48e4fbfe3b224f1
ggh08_1min_2008-02-29_2008-03-04.csv,ggh08,2008-02-29,2008-03-04,2492,20071140,20077742,2008-02-29 07:00:00+00:00,2008-03-04 21:02:00+00:00,False,9b73ffd19dec6c058b941e3e46e4a7c205f5a12ad352e772867ded56d9e934bd
ggh09_1min_2008-12-05_2009-01-07.csv,ggh09,2008-12-05,2009-01-07,14970,20474340,20522703,2008-12-05 07:00:00+00:00,2009-01-07 21:03:00+00:00,False,7a13af274a221f87cd8205d541854d46cb34e0ae8d85b5d9e4ee002772d6755a
ggh09_1min_2009-01-08_2009-02-03.csv,ggh09,2009-01-08,2009-02-03,15470,20523300,20561582,2009-01-08 07:00:00+00:00,2009-02-03 21:02:00+00:00,False,5fa7c3b23b2430b504759c201c0434684e48318b695b0906485206961bce8492
ggh09_1min_2009-02-04_2009-03-02.csv,ggh09,2009-02-04,2009-03-02,15382,20562180,20600458,2009-02-04 07:00:00+00:00,2009-03-02 20:58:00+00:00,False,ae86454e3cd6201e038765fa32a50e7f0ba675a2b3bf4d8849572972eefbae0b
ggh09_1min_2009-03-03_2009-03-03.csv,ggh09,2009-03-03,2009-03-03,831,20601060,20601902,2009-03-03 07:00:00+00:00,2009-03-03 21:02:00+00:00,False,6bbe4245822070d6050f552c5ac77c8f2ca4d0b8806d1435c138afb3ea9d12b8
ggh10_1min_2009-12-08_2010-01-07.csv,ggh10,2009-12-08,2010-01-07,14933,21004261,21048299,2009-12-08 07:01:00+00:00,2010-01-07 20:59:00+00:00,False,2d5b2a98709933afcf5c2faef2bee3bd09dbf5a5bd003e00237571c1afa59d76
ggh10_1min_2010-01-08_2010-02-03.csv,ggh10,2010-01-08,2010-02-03,15154,21048901,21087179,2010-01-08 07:01:00+00:00,2010-02-03 20:59:00+00:00,False,bbc0fde0800a3087f872dcf5b6a2fe4957fbc923f59d9ebdbacc961db24aec9d
ggh10_1min_2010-02-04_2010-03-02.csv,ggh10,2010-02-04,2010-03-02,15333,21087781,21126059,2010-02-04 07:01:00+00:00,2010-03-02 20:59:00+00:00,False,669c00742f291c05446f7b5446b6892fec6f364e5c94be465fd6b1878a795796
ggh10_1min_2010-03-03_2010-03-04.csv,ggh10,2010-03-03,2010-03-04,1596,21126661,21128939,2010-03-03 07:01:00+00:00,2010-03-04 20:59:00+00:00,False,bb7b489892886f3825b5977e375e0edc6eba7c62c6986ecb366a606712763f9b
ggh11_1min_2010-12-07_2011-01-04.csv,ggh11,2010-12-07,2011-01-04,15419,21528421,21569579,2010-12-07 07:01:00+00:00,2011-01-04 20:59:00+00:00,False,2149cddd1d15ed59d0063a7fa639ce032b374a72f4721f3a124ba29054bb1513
ggh11_1min_2011-01-05_2011-01-31.csv,ggh11,2011-01-05,2011-01-31,15359,21570181,21608459,2011-01-05 07:01:00+00:00,2011-01-31 20:59:00+00:00,False,ed1716b8ab83d6dd4f1fa9d80ce3474a06476fab28db458ecd3dd2826d7e386d
ggh11_1min_2011-02-01_2011-02-25.csv,ggh11,2011-02-01,2011-02-25,15389,21609061,21644459,2011-02-01 07:01:00+00:00,2011-02-25 20:59:00+00:00,False,133c7401528721dc10ab14d6204c3c46d658cbc1598ce8d0c427cb7a90310bdd
ggh11_1min_2011-02-28_2011-03-04.csv,ggh11,2011-02-28,2011-03-04,4095,21647941,21654539,2011-02-28 07:01:00+00:00,2011-03-04 20:59:00+00:00,False,a9d0dc8e81cb2dcfb5ac13d39e5f6d58e0831e065dd38f3b93207803a1ae4845
ggh12_1min_2011-10-11_2012-01-02.csv,ggh12,2011-10-11,2012-01-02,19999,22013895,22092303,2011-11-09 10:15:00+00:00,2012-01-02 21:03:00+00:00,True,2840a365b712fff72722d9bbad73d677ab9f8a1adbc33bb2b7afc274dab35a68
ggh12_1min_2012-01-03_2012-01-27.csv,ggh12,2012-01-03,2012-01-27,15224,22092901,22128303,2012-01-03 07:01:00+00:00,2012-01-27 21:03:00+00:00,False,4a56e6c13923c6a3f827e7de18c04f7c7d1a913edc19b362770121dbbdb1cee8
ggh12_1min_2012-01-30_2012-02-23.csv,ggh12,2012-01-30,2012-02-23,15602,22131781,22167183,2012-01-30 07:01:00+00:00,2012-02-23 21:03:00+00:00,False,d2fa984be05735a9e095009c6a023528a5db0adf80eef2686089fe7d363d2e1a
ggh12_1min_2012-02-24_2012-03-06.csv,ggh12,2012-02-24,2012-03-06,6547,22167781,22184463,2012-02-24 07:01:00+00:00,2012-03-06 21:03:00+00:00,False,db6be258bfd9feea18b35bfb656e29bfc10651229dc8201857f71575629d08dd
ggh13_1min_2012-11-12_2012-12-06.csv,ggh13,2012-11-12,2012-12-06,5715,22545061,22580463,2012-11-12 07:01:00+00:00,2012-12-06 21:03:00+00:00,False,ce56eed8e1ea117e66e352052fdf62870189e319230740b0154d1be18000ac03
ggh13_1min_2012-12-07_2013-01-09.csv,ggh13,2012-12-07,2013-01-09,15226,22581061,22629423,2012-12-07 07:01:00+00:00,2013-01-09 21:03:00+00:00,False,e513d08b106f9e5dba3429bc2ae311d008f851ffeda0a40028512366d7b8dc84
ggh13_1min_2013-01-10_2013-02-05.csv,ggh13,2013-01-10,2013-02-05,15501,22630021,22668303,2013-01-10 07:01:00+00:00,2013-02-05 21:03:00+00:00,False,b143bfa3a5303e94a153d58ecf56e83c552505e5a5caba15c4d2c025dbdbdbd6
ggh13_1min_2013-02-06_2013-03-04.csv,ggh13,2013-02-06,2013-03-04,15577,22668901,22707184,2013-02-06 07:01:00+00:00,2013-03-04 21:04:00+00:00,False,b79166b73c484fba9e6104a051f503c0a2e8d322361402ef4605cea85c8ad69f
ggh13_1min_2013-03-05_2013-03-05.csv,ggh13,2013-03-05,2013-03-05,811,22707781,22708623,2013-03-05 07:01:00+00:00,2013-03-05 21:03:00+00:00,False,590ceda0803fbd6a43d78817af59bafeecbb3f4f1d4d4d5d7b62446618bd15ce
ggh14_1min_2013-12-05_2014-01-07.csv,ggh14,2013-12-05,2014-01-07,15185,23103781,23152143,2013-12-05 07:01:00+00:00,2014-01-07 21:03:00+00:00,False,09b91ec0ef86511d381bcb0a4eca7ab36b1919cb1716f3a9fd0c6c48c9e90b46
ggh14_1min_2014-01-08_2014-02-03.csv,ggh14,2014-01-08,2014-02-03,15402,23152741,23191024,2014-01-08 07:01:00+00:00,2014-02-03 21:04:00+00:00,False,8f9fcc891226ed2c0be83041ebb554e1687d2bad20d3cb70942c8569600349e0
ggh14_1min_2014-02-04_2014-02-28.csv,ggh14,2014-02-04,2014-02-28,15235,23191621,23227023,2014-02-04 07:01:00+00:00,2014-02-28 21:03:00+00:00,False,60e4999b4a552e0de39e58a90a2241d6a4f388d96ca8bf487196f3eb3aeb65d0
ggh14_1min_2014-03-03_2014-03-04.csv,ggh14,2014-03-03,2014-03-04,1644,23230501,23232783,2014-03-03 07:01:00+00:00,2014-03-04 21:03:00+00:00,False,f35e2c7476db5135c2c46d0d3ad6e48c0240d5df0c9074949bbd1317b797a573
ggh15_1min_2014-12-05_2015-01-07.csv,ggh15,2014-12-05,2015-01-07,15444,23629381,23677743,2014-12-05 07:01:00+00:00,2015-01-07 21:03:00+00:00,False,b0c0b91e5ffa29cacab567054725c2812c29f55cc85c583ec124a05bfe7801f1
ggh15_1min_2015-01-08_2015-02-03.csv,ggh15,2015-01-08,2015-02-03,15549,23678341,23716623,2015-01-08 07:01:00+00:00,2015-02-03 21:03:00+00:00,False,384f354744f0bea35ffd5695004dfc529bc5c69837dd4701c1be44120a688472
ggh15_1min_2015-02-04_2015-03-02.csv,ggh15,2015-02-04,2015-03-02,15485,23717221,23755503,2015-02-04 07:01:00+00:00,2015-03-02 21:03:00+00:00,False,6678bacf3aa0eda33bf68d6c4314e3a477a48ed07f03c67cd5536c1cffcd40a0
ggh15_1min_2015-03-03_2015-03-04.csv,ggh15,2015-03-03,2015-03-04,1619,23756101,23758383,2015-03-03 07:01:00+00:00,2015-03-04 21:03:00+00:00,False,4d5b6a10036fddc42b069e2f3daff2bfc7143eb31b6fab475820083fd3425b49
ggh16_1min_2015-12-07_2016-01-06.csv,ggh16,2015-12-07,2016-01-06,15680,24157861,24201903,2015-12-07 07:01:00+00:00,2016-01-06 21:03:00+00:00,False,3bae5093938c532464e7a90893c60a8043697f163cdfac49219d67a1fa92b22f
ggh16_1min_2016-01-07_2016-02-02.csv,ggh16,2016-01-07,2016-02-02,15810,24202501,24240783,2016-01-07 07:01:00+00:00,2016-02-02 21:03:00+00:00,False,f57e48da4fc748c9d5d80cdcb4f5922aaa4c31581e3d8d3f503fcb652d4d816e
ggh16_1min_2016-02-03_2016-02-29.csv,ggh16,2016-02-03,2016-02-29,15648,24241381,24279663,2016-02-03 07:01:00+00:00,2016-02-29 21:03:00+00:00,False,bc5d66385b4e83fd793bb12ffb31a09d8cb742bf7fb7c478eb2c70e22e557f76
ggh16_1min_2016-03-01_2016-03-04.csv,ggh16,2016-03-01,2016-03-04,3288,24280261,24285423,2016-03-01 07:01:00+00:00,2016-03-04 21:03:00+00:00,False,5ee0bfdfae291c93932a42f05e639ad5f41c482df3a74774efa65f085820bd31
ggh17_1min_2016-12-07_2017-01-03.csv,ggh17,2016-12-07,2017-01-03,15415,24684901,24724623,2016-12-07 07:01:00+00:00,2017-01-03 21:03:00+00:00,False,11d00c2002008a4a0494adab1a6c280fecaea4c75023bffd5f879175a21e66e0
ggh17_1min_2017-01-04_2017-01-30.csv,ggh17,2017-01-04,2017-01-30,15660,24725221,24763503,2017-01-04 07:01:00+00:00,2017-01-30 21:03:00+00:00,False,2913001ac89e4f4de76d345926c628c2ba1c751602e7e4f844a2745158fb30f1
ggh17_1min_2017-01-31_2017-02-24.csv,ggh17,2017-01-31,2017-02-24,15634,24764101,24799503,2017-01-31 07:01:00+00:00,2017-02-24 21:03:00+00:00,False,183601ea910c57ccc8be500b8e4959bc5524cd6760cdba8c9bd7a3f7681ca375
ggh17_1min_2017-02-27_2017-03-06.csv,ggh17,2017-02-27,2017-03-06,4963,24802981,24813903,2017-02-27 07:01:00+00:00,2017-03-06 21:03:00+00:00,False,ce49d775c4855eec33b73a2915bc52edf190144498d067dc789576a2ff7791f9
ggh18_1min_2017-12-06_2018-01-04.csv,ggh18,2017-12-06,2018-01-04,15434,25209061,25251663,2017-12-06 07:01:00+00:00,2018-01-04 21:03:00+00:00,False,aead8327b629ff2f10a122790b5794e58254797721e7fb058281215f9f8376d1
ggh18_1min_2018-01-05_2018-01-31.csv,ggh18,2018-01-05,2018-01-31,15515,25252261,25290543,2018-01-05 07:01:00+00:00,2018-01-31 21:03:00+00:00,False,47ab812585bea68af2a0a37fc0f06f576164073513b2ccccfed7161f5545f7dc
ggh18_1min_2018-02-01_2018-02-27.csv,ggh18,2018-02-01,2018-02-27,15689,25291141,25329423,2018-02-01 07:01:00+00:00,2018-02-27 21:03:00+00:00,False,3b7a341bf854bd4070491eb3b16b1c2687cb63cdddb54acf4f7a44aab81d9387
ggh18_1min_2018-02-28_2018-03-06.csv,ggh18,2018-02-28,2018-03-06,4117,25330021,25339499,2018-02-28 07:01:00+00:00,2018-03-06 20:59:00+00:00,False,4f4b04c69cf3cbe9bce6dc74f1150e2f642b1f5dd51fa3e4f3d42e41f9033915
ggh19_1min_2018-11-30_2018-12-27.csv,ggh19,2018-11-30,2018-12-27,15306,25726386,25766272,2018-11-30 13:06:00+00:00,2018-12-28 05:52:00+00:00,False,7a2a4011894fd174ea6ff54c2511d71aec118b94d29fc44a93cdc11c90dc86ed
ggh19_1min_2018-12-28_2019-01-18.csv,ggh19,2018-12-28,2019-01-18,13738,25766280,25797423,2018-12-28 06:00:00+00:00,2019-01-18 21:03:00+00:00,False,6f531ed696b9b5ea242078391082d6f55a02356336edbf3ac3c4109dd051af73
ggh19_1min_2019-01-21_2019-02-07.csv,ggh19,2019-01-21,2019-02-07,13689,25800852,25826754,2019-01-21 06:12:00+00:00,2019-02-08 05:54:00+00:00,False,12e00f7762bbdcde8b8be9242c18c55e37188e81b6f55040965e8ae5d670f493
ggh19_1min_2019-02-08_2019-02-27.csv,ggh19,2019-02-08,2019-02-27,13411,25826760,25855559,2019-02-08 06:00:00+00:00,2019-02-28 05:59:00+00:00,False,6d84c9452a49ff1c73105cabc4f426a9f37d1f2a8baff81aa08c510c438cabdb
ggh19_1min_2019-02-28_2019-03-05.csv,ggh19,2019-02-28,2019-03-05,3778,25855560,25864195,2019-02-28 06:00:00+00:00,2019-03-06 05:55:00+00:00,False,0c7c7ecdbda550edc4c5b36e03491b3e170838162f1fc06aa6a1dbe8ff21afed
ggh20_1min_2019-12-05_2019-12-27.csv,ggh20,2019-12-05,2019-12-27,14703,26258760,26291343,2019-12-05 06:00:00+00:00,2019-12-27 21:03:00+00:00,False,09b7d3e512bccccc8cfb2b169b231393da3cbe69994dbb2cc25c8b61cfbc2d5f
ggh20_1min_2019-12-30_2020-01-20.csv,ggh20,2019-12-30,2020-01-20,15075,26294761,26326439,2019-12-30 06:01:00+00:00,2020-01-21 05:59:00+00:00,False,e952d816483509d8a31a54a1df9ba92ee58af561cde14843da12bf362bbe9ba6
ggh20_1min_2020-01-21_2020-02-07.csv,ggh20,2020-01-21,2020-02-07,15839,26326440,26351823,2020-01-21 06:00:00+00:00,2020-02-07 21:03:00+00:00,False,bb0d3e7c4e3fed97d368272e327b71dab3d68fd0fbf826fc7153134b4df1fd7c
ggh20_1min_2020-02-10_2020-02-27.csv,ggh20,2020-02-10,2020-02-27,16149,26355240,26381159,2020-02-10 06:00:00+00:00,2020-02-28 05:59:00+00:00,False,46bc20acbf61bea537c1c451421f8686283eebbb9a1468a249780bf16b0a0e57
ggh20_1min_2020-02-28_2020-03-04.csv,ggh20,2020-02-28,2020-03-04,4641,26381160,26389789,2020-02-28 06:00:00+00:00,2020-03-05 05:49:00+00:00,False,b0c9016b6c96fa20154c296cd374798842e5eb1df6c86a8ac5d4fb2a596042a2
ggh21_1min_2020-12-07_2020-12-28.csv,ggh21,2020-12-07,2020-12-28,14626,26788681,26820357,2020-12-07 06:01:00+00:00,2020-12-29 05:57:00+00:00,False,75507831284bd1aa353fde9b00a9902319c8223a6754f6ecc65aa0ed4a5efbe6
ggh21_1min_2020-12-29_2021-01-19.csv,ggh21,2020-12-29,2021-01-19,15238,26820360,26852035,2020-12-29 06:00:00+00:00,2021-01-20 05:55:00+00:00,False,1364a6a2c617c4e7b9b1e0c66a5b376029238c66f8fa25ed5614573b7a2f3bb6
ggh21_1min_2021-01-20_2021-02-08.csv,ggh21,2021-01-20,2021-02-08,14801,26852041,26880839,2021-01-20 06:01:00+00:00,2021-02-09 05:59:00+00:00,False,7dded9b215e6788292d4f349b9a1bc4952b513babb9063c347edfffb47ea6008
ggh21_1min_2021-02-09_2021-02-26.csv,ggh21,2021-02-09,2021-02-26,15222,26880840,26906223,2021-02-09 06:00:00+00:00,2021-02-26 21:03:00+00:00,False,bb5bb1ae757a9c592df2a7af4b7d6d56901af1b7f74a8f6f482b2aea526f3b24
ggh21_1min_2021-03-01_2021-03-04.csv,ggh21,2021-03-01,2021-03-04,4282,26909640,26915399,2021-03-01 06:00:00+00:00,2021-03-05 05:59:00+00:00,False,2a9f84eb82ee17e928d35d484b3f07728cc9e7c019f10423eceb6def50727415
ggh22_1min_2021-12-07_2021-12-27.csv,ggh22,2021-12-07,2021-12-27,14939,27314280,27344516,2021-12-07 06:00:00+00:00,2021-12-28 05:56:00+00:00,False,c68e734b0e25caa5f47252d6fe90825968941dbdb5ac3cc6b68d313587b4d9ab
ggh22_1min_2021-12-28_2022-01-17.csv,ggh22,2021-12-28,2022-01-17,15232,27344520,27374759,2021-12-28 06:00:00+00:00,2022-01-18 05:59:00+00:00,False,a3fabd8bdfa61dde4dd419e980bcd08f98cbdc1d4c81cca0d2bcc5f49b11e27a
ggh22_1min_2022-01-18_2022-02-04.csv,ggh22,2022-01-18,2022-02-04,15613,27374760,27400143,2022-01-18 06:00:00+00:00,2022-02-04 21:03:00+00:00,False,2000fa25d46cc449a6fb9431fca1a033677432e59a7ccbd9711303e9e25faf56
ggh22_1min_2022-02-07_2022-02-24.csv,ggh22,2022-02-07,2022-02-24,16508,27403560,27429479,2022-02-07 06:00:00+00:00,2022-02-25 05:59:00+00:00,False,165d5bc87a98e2e16233d43af9590b15759f0cbf1dff1a7ad7d37143c21a4e9f
ggh22_1min_2022-02-25_2022-03-04.csv,ggh22,2022-02-25,2022-03-04,6961,27429480,27440459,2022-02-25 06:00:00+00:00,2022-03-04 20:59:00+00:00,False,eae5a0b3f77e2d43c3e8455216cee437a381c973556b3f39067ffd48b9dc2c6e
ggh23_1min_2022-12-07_2022-12-27.csv,ggh23,2022-12-07,2022-12-27,16378,27839880,27870118,2022-12-07 06:00:00+00:00,2022-12-28 05:58:00+00:00,False,d5b16af6036b93a9fd043d21360def9dc62820e57d48aa2035902bcf6726eced
ggh23_1min_2022-12-28_2023-01-16.csv,ggh23,2022-12-28,2023-01-16,16117,27870120,27898919,2022-12-28 06:00:00+00:00,2023-01-17 05:59:00+00:00,False,b300ca367439db20c30c99e19a2371437484a3265b083222cab82fee4016a42f
ggh23_1min_2023-01-17_2023-02-03.csv,ggh23,2023-01-17,2023-02-03,16259,27898920,27924299,2023-01-17 06:00:00+00:00,2023-02-03 20:59:00+00:00,False,47fe7e2b14124acc2598cb38c9161a9dc674b8d4c7f24750ed5d1472a6b3379c
ggh23_1min_2023-02-06_2023-02-23.csv,ggh23,2023-02-06,2023-02-23,16334,27927720,27953639,2023-02-06 06:00:00+00:00,2023-02-24 05:59:00+00:00,False,2df98be8f63b76dfa293e1cbcfaa7b10db020ff9a0b6e42ba461233db3657886
ggh23_1min_2023-02-24_2023-03-03.csv,ggh23,2023-02-24,2023-03-03,6775,27953641,27964619,2023-02-24 06:01:00+00:00,2023-03-03 20:59:00+00:00,False,02960feefb505d5f185766d0609cb71fdee09d46adeb13d37fca73359c1cf0b7
ggh24_1min_2023-12-06_2023-12-27.csv,ggh24,2023-12-06,2023-12-27,16326,28364040,28395719,2023-12-06 06:00:00+00:00,2023-12-28 05:59:00+00:00,False,859765154959616a32ed363e9f4311a24eccdc33419fa3530bec41a7205e6e21
ggh24_1min_2023-12-28_2024-01-17.csv,ggh24,2023-12-28,2024-01-17,16138,28395720,28425959,2023-12-28 06:00:00+00:00,2024-01-18 05:59:00+00:00,False,5ebf900cbb97e370ccca53d4e3a5010a10142cdb909764400a2d5c6ab212756b
ggh24_1min_2024-01-18_2024-02-06.csv,ggh24,2024-01-18,2024-02-06,16339,28425961,28454759,2024-01-18 06:01:00+00:00,2024-02-07 05:59:00+00:00,False,5e76a1e2dfa9e3f055e2cf7c3301a790ac145a43fbc755e9e462e969543011ae
ggh24_1min_2024-02-07_2024-02-26.csv,ggh24,2024-02-07,2024-02-26,15771,28454760,28483558,2024-02-07 06:00:00+00:00,2024-02-27 05:58:00+00:00,False,272d40c52c45ab48d6615be996997370dae5de03bc8f7cf4e7c917da0e5facda
ggh24_1min_2024-02-27_2024-03-05.csv,ggh24,2024-02-27,2024-03-05,6396,28483560,28495079,2024-02-27 06:00:00+00:00,2024-03-06 05:59:00+00:00,False,7e771c858d72f3dd66a76c320d0a2accf16baa25f9dc7eac8d30ee039d1bb98f
ggh25_1min_2024-12-05_2024-12-27.csv,ggh25,2024-12-05,2024-12-27,15095,28889640,28922219,2024-12-05 06:00:00+00:00,2024-12-27 20:59:00+00:00,False,d1d47e8bb5ed395087a6b8065599dfe3c87225c03d6df1ebe344d2f8eb2b99c8
ggh25_1min_2024-12-30_2025-01-20.csv,ggh25,2024-12-30,2025-01-20,16025,28925640,28957319,2024-12-30 06:00:00+00:00,2025-01-21 05:59:00+00:00,False,07a4b476416b8357107a35d01dcc6908169d14eada729438e9d0af9b766f692a
ggh25_1min_2025-01-21_2025-02-07.csv,ggh25,2025-01-21,2025-02-07,15734,28957320,28982699,2025-01-21 06:00:00+00:00,2025-02-07 20:59:00+00:00,False,1dee7bdd69c684f1123aecf9546631089b7ec8881c93c12a1b4ee1fa51a5ac7b
ggh25_1min_2025-02-10_2025-02-27.csv,ggh25,2025-02-10,2025-02-27,16148,28986120,29012039,2025-02-10 06:00:00+00:00,2025-02-28 05:59:00+00:00,False,0e67514b9114ccdb4452102b3906562718d4bad99f5c120f0cd717afe19233e4
ggh25_1min_2025-02-28_2025-03-04.csv,ggh25,2025-02-28,2025-03-04,3534,29012040,29019236,2025-02-28 06:00:00+00:00,2025-03-05 05:56:00+00:00,False,849f285262639f925b4f1d09de5cb95c55699785678eb31991940dd3bbef0ba5
ggh26_1min_2025-12-05_2025-12-29.csv,ggh26,2025-12-05,2025-12-29,14554,29415241,29451239,2025-12-05 06:01:00+00:00,2025-12-30 05:59:00+00:00,False,e05ee231cb33897424ab2696c6673629dd1f411ffe3120c0b59bc998b07498c1
ggh26_1min_2025-12-30_2026-01-20.csv,ggh26,2025-12-30,2026-01-20,14776,29451240,29482919,2025-12-30 06:00:00+00:00,2026-01-21 05:59:00+00:00,False,fb78ad704171ac78f7f3923b54211ce063337e1fd41202fa9f52d3f45fc42217
ggh26_1min_2026-01-21_2026-02-09.csv,ggh26,2026-01-21,2026-02-09,15285,29482920,29511718,2026-01-21 06:00:00+00:00,2026-02-10 05:58:00+00:00,False,00443d19c3a15c0d1a60703a5e3fbd0dcf6ee981b09c4b67d636ef62299a35a0
ggh26_1min_2026-02-10_2026-02-27.csv,ggh26,2026-02-10,2026-02-27,14539,29511720,29537103,2026-02-10 06:00:00+00:00,2026-02-27 21:03:00+00:00,False,4ad8baea4b1dca16060e632b58209826ea42a84accb27bee8ac2429a623cc66c
ggh26_1min_2026-03-02_2026-03-04.csv,ggh26,2026-03-02,2026-03-04,3291,29540520,29544839,2026-03-02 06:00:00+00:00,2026-03-05 05:59:00+00:00,False,867714333dfba8125eed5d67c2a588f88164d2c2f8b37c494bb919106a6f26fd
ggm00_1min_2000-03-08_2000-04-10.csv,ggm00,2000-03-08,2000-04-10,15416,15874983,15923099,2000-03-08 07:03:00+00:00,2000-04-10 16:59:00+00:00,False,5127ca54fef28405ad11c2ed22bd5373fa407c59ef728670736759d7b56db511
ggm00_1min_2000-04-11_2000-05-17.csv,ggm00,2000-04-11,2000-05-17,15696,15923881,15976378,2000-04-11 06:01:00+00:00,2000-05-17 16:58:00+00:00,False,7f608cff283fb61ad5853a9076b5e2f2f33da5f7964b9063fa08cde79eea8beb
ggm00_1min_2000-05-18_2000-06-07.csv,ggm00,2000-05-18,2000-06-07,9753,15977161,16006619,2000-05-18 06:01:00+00:00,2000-06-07 16:59:00+00:00,False,ee959e492d676fe123d2cd9e36a50f480ec72d9b1800836f416feebea9ec4f55
ggm01_1min_2001-03-09_2001-04-12.csv,ggm01,2001-03-09,2001-04-12,15397,16402020,16451578,2001-03-09 07:00:00+00:00,2001-04-12 16:58:00+00:00,False,3521b85877176348aaa423edea2f40c336892c6c0fca68b3a2290f420647d692
ggm01_1min_2001-04-17_2001-05-21.csv,ggm01,2001-04-17,2001-05-21,15463,16458120,16507739,2001-04-17 06:00:00+00:00,2001-05-21 16:59:00+00:00,False,bd6ab1ebf5b10b1c874e76fd7c0fcc538314ef8d56f8651fce5839699fd8d6ba
ggm01_1min_2001-05-22_2001-06-05.csv,ggm01,2001-05-22,2001-06-05,7009,16508520,16529338,2001-05-22 06:00:00+00:00,2001-06-05 16:58:00+00:00,False,10372ac6ccb9e105ea119466b52feed311be03c5784cf737b7154523a9933fdb
ggm02_1min_2002-03-07_2002-04-11.csv,ggm02,2002-03-07,2002-04-11,15558,16924740,16975738,2002-03-07 07:00:00+00:00,2002-04-11 16:58:00+00:00,False,2550059be77b4dbafc3b9ba8dde03ea851d983b7c5ff2f9662affc94ec8ccb73
ggm02_1min_2002-04-12_2002-05-16.csv,ggm02,2002-04-12,2002-05-16,15520,16976520,17026138,2002-04-12 06:00:00+00:00,2002-05-16 16:58:00+00:00,False,6ddd96636316326838c0c445801ace10913889036a72eca47e937fb1a6c6f426
ggm02_1min_2002-05-17_2002-06-05.csv,ggm02,2002-05-17,2002-06-05,8848,17026920,17054939,2002-05-17 06:00:00+00:00,2002-06-05 16:59:00+00:00,False,39d98eccf49333310bd6ada7eb95f4370a08f11d685c194bc635629193d682f9
ggm03_1min_2003-03-06_2003-04-08.csv,ggm03,2003-03-06,2003-04-08,15732,17448901,17497018,2003-03-06 07:01:00+00:00,2003-04-08 16:58:00+00:00,False,98e88ee01e2eafc2e41e97892f6046bcb8ae24582cd6c35ddd30105946a870f2
ggm03_1min_2003-04-09_2003-05-15.csv,ggm03,2003-04-09,2003-05-15,15223,17497800,17550299,2003-04-09 06:00:00+00:00,2003-05-15 16:59:00+00:00,False,6e27dc29542c1a85bfcb5464e2848057b896634ad73c30293e55efeb14193535
ggm03_1min_2003-05-16_2003-06-05.csv,ggm03,2003-05-16,2003-06-05,9835,17551080,17580539,2003-05-16 06:00:00+00:00,2003-06-05 16:59:00+00:00,False,be31c0aa4f58c1bbdba433d528296c9655778971c2fbf510178740434d49cb5e
ggm04_1min_2004-03-08_2004-04-08.csv,ggm04,2004-03-08,2004-04-08,15743,17978821,18024062,2004-03-08 07:01:00+00:00,2004-04-08 17:02:00+00:00,False,22badd9b51fd80451a6787b7aeb9449f2f0ca2cbe611c631b65e4171e5e6d7cd
ggm04_1min_2004-04-13_2004-05-14.csv,ggm04,2004-04-13,2004-05-14,15685,18030600,18075902,2004-04-13 06:00:00+00:00,2004-05-14 17:02:00+00:00,False,619a5350a78282826cf4a29ad604c0d1dfa64899d4b12f959cd4c98ec23d24bf
ggm04_1min_2004-05-17_2004-06-04.csv,ggm04,2004-05-17,2004-06-04,9746,18079561,18106142,2004-05-17 06:01:00+00:00,2004-06-04 17:02:00+00:00,False,949a04dddd22493b4681aaec7dd28c5c8e44944f9c7435d4088bc77bcf75eeb5
ggm05_1min_2005-03-08_2005-04-12.csv,ggm05,2005-03-08,2005-04-12,15776,18504420,18555422,2005-03-08 07:00:00+00:00,2005-04-12 17:02:00+00:00,False,dd5ba895ee9814458fe5b3960f646c282d3f6210c4f4cb70c7bf731065ccb8d3
ggm05_1min_2005-04-13_2005-05-16.csv,ggm05,2005-04-13,2005-05-16,15743,18556200,18604382,2005-04-13 06:00:00+00:00,2005-05-16 17:02:00+00:00,False,a0d0b557f456272da600a610a8916fe0f0812a3acb1d17b0005677800619ea11
ggm05_1min_2005-05-17_2005-06-07.csv,ggm05,2005-05-17,2005-06-07,10475,18605160,18636062,2005-05-17 06:00:00+00:00,2005-06-07 17:02:00+00:00,False,7476ed2092a7914fc23a2f1a2e65408e5282d7c568fd869cbdad7ceb22ed543a
ggm06_1min_2006-03-07_2006-03-31.csv,ggm06,2006-03-07,2006-03-31,14891,19028580,19063922,2006-03-07 07:00:00+00:00,2006-03-31 20:02:00+00:00,False,2cbf68053a7553704acfb3f68aebdeb3d527ab274b4d7525ff371e71966e8203
ggm06_1min_2006-04-03_2006-05-02.csv,ggm06,2006-04-03,2006-05-02,14833,19067400,19110002,2006-04-03 06:00:00+00:00,2006-05-02 20:02:00+00:00,False,8a8a5cf562176244eec698e3bac64db39110916c419baede71eb5c3da20b46ba
ggm06_1min_2006-05-03_2006-05-29.csv,ggm06,2006-05-03,2006-05-29,14671,19110600,19148882,2006-05-03 06:00:00+00:00,2006-05-29 20:02:00+00:00,False,469ccc3ad192a15caa69ac02aa76199b7b3a95505b1ef9cab18675af99ca9e65
ggm06_1min_2006-05-30_2006-06-06.csv,ggm06,2006-05-30,2006-06-06,4698,19149480,19160402,2006-05-30 06:00:00+00:00,2006-06-06 20:02:00+00:00,False,1f5ca2a601b33ec43d3d752fb11d8adfce6bad6c93a928867408dda3564686f5
ggm07_1min_2007-03-07_2007-04-02.csv,ggm07,2007-03-07,2007-04-02,14852,19554180,19592402,2007-03-07 07:00:00+00:00,2007-04-02 20:02:00+00:00,False,d6302d7e6cefc0e7b5e7e37608b70278d0f498a7d56647ce06a4414dcadc9371
ggm07_1min_2007-04-03_2007-05-02.csv,ggm07,2007-04-03,2007-05-02,14658,19593000,19635602,2007-04-03 06:00:00+00:00,2007-05-02 20:02:00+00:00,False,807915c0b8e29a30c2612d82446e0f8248408640bbf22f9cbc9438dec0316f2e
ggm07_1min_2007-05-03_2007-05-30.csv,ggm07,2007-05-03,2007-05-30,14878,19636200,19675922,2007-05-03 06:00:00+00:00,2007-05-30 20:02:00+00:00,False,e5dab7d7602ebabf28d94289367163e0fc74a8f30906999b112ee2c5d89f9f62
ggm07_1min_2007-05-31_2007-06-05.csv,ggm07,2007-05-31,2007-06-05,3098,19676520,19684562,2007-05-31 06:00:00+00:00,2007-06-05 20:02:00+00:00,False,309b7f9d47132dbf3f4fe1491c4ff3a7131a362bee83d50018cd39b6f677aaab
ggm08_1min_2008-03-05_2008-04-02.csv,ggm08,2008-03-05,2008-04-02,15549,20078340,20119442,2008-03-05 07:00:00+00:00,2008-04-02 20:02:00+00:00,False,340f464fcde328279d7b0742118bdc417a4259088b5dd4719731e161ef1a0a5a
ggm08_1min_2008-04-03_2008-04-29.csv,ggm08,2008-04-03,2008-04-29,15390,20120040,20158322,2008-04-03 06:00:00+00:00,2008-04-29 20:02:00+00:00,False,576f419e003d4b39325500c1a21c302dbd66794f532b491c621f8add09b9b309
ggm08_1min_2008-04-30_2008-05-27.csv,ggm08,2008-04-30,2008-05-27,15272,20158920,20198642,2008-04-30 06:00:00+00:00,2008-05-27 20:02:00+00:00,False,bd4a33ba746519d3b2e1739468a06b791848158fb43ad6d9855e0d324d4223ab
ggm08_1min_2008-05-28_2008-06-04.csv,ggm08,2008-05-28,2008-06-04,4927,20199240,20210162,2008-05-28 06:00:00+00:00,2008-06-04 20:02:00+00:00,False,ea0e1661d579e4274516ba661f56b0213f809f9406e04768ca219372cd6e5cad
ggm09_1min_2009-03-04_2009-03-30.csv,ggm09,2009-03-04,2009-03-30,15291,20602500,20640722,2009-03-04 07:00:00+00:00,2009-03-30 20:02:00+00:00,False,0dfbe49f352397bd2e8db2e29d4a5e2717e89d116deb0cb7d5668f60b79d91ce
ggm09_1min_2009-03-31_2009-04-28.csv,ggm09,2009-03-31,2009-04-28,15408,20641320,20682482,2009-03-31 06:00:00+00:00,2009-04-28 20:02:00+00:00,False,6d23fc4542d5560cc309942dbaef8eff2db1c460e980c2de2c4f932839577dbe
ggm09_1min_2009-04-29_2009-05-26.csv,ggm09,2009-04-29,2009-05-26,15294,20683080,20722802,2009-04-29 06:00:00+00:00,2009-05-26 20:02:00+00:00,False,7b665b574e12f74018d0bcd30ae46953ab6d9805f21dbad9df4b69dfcc1dee99
ggm09_1min_2009-05-27_2009-06-04.csv,ggm09,2009-05-27,2009-06-04,5796,20723400,20735762,2009-05-27 06:00:00+00:00,2009-06-04 20:02:00+00:00,False,85d75ee6b3c0b01be455f8227f2a4a66f5708b6329a4b906b3506f0294c40bc1
ggm10_1min_2010-03-05_2010-03-31.csv,ggm10,2010-03-05,2010-03-31,14982,21129541,21167759,2010-03-05 07:01:00+00:00,2010-03-31 19:59:00+00:00,False,5992f9bff50931f0b6d9b8314ac4cae88cfba9a9a7f93bbb72f3f4e60fa56044
ggm10_1min_2010-04-01_2010-04-29.csv,ggm10,2010-04-01,2010-04-29,15237,21168361,21209519,2010-04-01 06:01:00+00:00,2010-04-29 19:59:00+00:00,False,5b308578f70179639e5601021edcd65452a0308c1d42105306eb378aad21598c
ggm10_1min_2010-04-30_2010-05-26.csv,ggm10,2010-04-30,2010-05-26,15716,21210121,21248399,2010-04-30 06:01:00+00:00,2010-05-26 19:59:00+00:00,False,93520c4b4d85e88bb17946f68abeed1697b6b2a181fce56b9106502fdc7396cc
ggm10_1min_2010-05-27_2010-06-04.csv,ggm10,2010-05-27,2010-06-04,5672,21249001,21261359,2010-05-27 06:01:00+00:00,2010-06-04 19:59:00+00:00,False,798b9b86b9cce5fda8c63ed2572ad3a652ebfccb6786f7322a62181f0ff380a7
ggm11_1min_2011-03-07_2011-03-31.csv,ggm11,2011-03-07,2011-03-31,15288,21658021,21693359,2011-03-07 07:01:00+00:00,2011-03-31 19:59:00+00:00,False,45260549eb361c151efacfaa19fd638ee8cb9b4eb387fef23c74c521ed7e8ee9
ggm11_1min_2011-04-01_2011-04-29.csv,ggm11,2011-04-01,2011-04-29,15383,21693961,21735119,2011-04-01 06:01:00+00:00,2011-04-29 19:59:00+00:00,False,178dcf915aa78bd5cb343e8abaf7683587036186bc08dc864275dafadf0d83c7
ggm11_1min_2011-05-02_2011-05-26.csv,ggm11,2011-05-02,2011-05-26,15457,21738601,21773999,2011-05-02 06:01:00+00:00,2011-05-26 19:59:00+00:00,False,f46191bf208397c500c84003cf83a6e7bcead681c034b39c7b2844968c4aa782
ggm11_1min_2011-05-27_2011-06-06.csv,ggm11,2011-05-27,2011-06-06,4849,21774601,21789843,2011-05-27 06:01:00+00:00,2011-06-06 20:03:00+00:00,False,20794eb5c7e43843416231708a0e75f572cf43dca80e128e74cf79b56a878273
ggm12_1min_2012-03-07_2012-04-02.csv,ggm12,2012-03-07,2012-04-02,15546,22185061,22223283,2012-03-07 07:01:00+00:00,2012-04-02 20:03:00+00:00,False,c070c69733da4c57620c13ac495dd213c2bb1b3feca3a9714054a9f2d08dc822
ggm12_1min_2012-04-03_2012-05-02.csv,ggm12,2012-04-03,2012-05-02,15591,22223881,22266483,2012-04-03 06:01:00+00:00,2012-05-02 20:03:00+00:00,False,d8fc592dc15e1c20c8f6960d7fd8e5de8629400e21f5fd1fffb8da9791bb340a
ggm12_1min_2012-05-03_2012-05-29.csv,ggm12,2012-05-03,2012-05-29,15555,22267081,22305363,2012-05-03 06:01:00+00:00,2012-05-29 20:03:00+00:00,False,f81be595013a8c3f0d7a25b9c18db1db97fc73760955e1c648b9f75057bcd59f
ggm12_1min_2012-05-30_2012-06-05.csv,ggm12,2012-05-30,2012-06-05,4180,22305961,22315443,2012-05-30 06:01:00+00:00,2012-06-05 20:03:00+00:00,False,3ac95feb2bd9e9a2148e34cee063c2c63fe314cd015e6d8a7778c467cb15190f
ggm13_1min_2013-03-06_2013-04-03.csv,ggm13,2013-03-06,2013-04-03,15430,22709221,22750323,2013-03-06 07:01:00+00:00,2013-04-03 20:03:00+00:00,False,1f4fbbe4a2aa1c95baf21b38f7abc40ab50ac3425202f43224d0049e2d370b0f
ggm13_1min_2013-04-04_2013-04-30.csv,ggm13,2013-04-04,2013-04-30,15056,22750921,22789203,2013-04-04 06:01:00+00:00,2013-04-30 20:03:00+00:00,False,ab3472f0fdf648491b2ea9d8959ce5e944ff29742a36bf5791df0461347761cb
ggm13_1min_2013-05-02_2013-05-28.csv,ggm13,2013-05-02,2013-05-28,15414,22791241,22829524,2013-05-02 06:01:00+00:00,2013-05-28 20:04:00+00:00,False,54bcaab73419274a9fa593c82eedbb4f28e5da17e6b7d6df2895ec0fe75cc5e7
ggm13_1min_2013-05-29_2013-06-04.csv,ggm13,2013-05-29,2013-06-04,4153,22830121,22839603,2013-05-29 06:01:00+00:00,2013-06-04 20:03:00+00:00,False,2cfaf8199ce4c65a9fc04cd7bb656f4d88288704a80dddf1f36a3d6b5f510e89
ggm14_1min_2014-03-05_2014-03-31.csv,ggm14,2014-03-05,2014-03-31,15298,23233381,23271603,2014-03-05 07:01:00+00:00,2014-03-31 20:03:00+00:00,False,fcbdfee00ca157f052a24c54a75af96fdcf813cc3997b1f93a9a22d978fd1e95
ggm14_1min_2014-04-01_2014-04-29.csv,ggm14,2014-04-01,2014-04-29,15303,23272201,23313363,2014-04-01 06:01:00+00:00,2014-04-29 20:03:00+00:00,False,63fdad3eef2c9610dcd308a3d4d9516b9c7c1dddd44987d414add201355d11fc
ggm14_1min_2014-04-30_2014-05-27.csv,ggm14,2014-04-30,2014-05-27,15107,23313961,23353683,2014-04-30 06:01:00+00:00,2014-05-27 20:03:00+00:00,False,8b15ace3fca1f73755056261e8c72d8eb5f5e1c33d7499f10bed12d637af6058
ggm14_1min_2014-05-28_2014-06-04.csv,ggm14,2014-05-28,2014-06-04,4864,23354281,23365204,2014-05-28 06:01:00+00:00,2014-06-04 20:04:00+00:00,False,772e374a39b27c1f6a5224084a9f5bf5a27c952a981787571707d3389742fe23
ggm15_1min_2015-03-05_2015-03-31.csv,ggm15,2015-03-05,2015-03-31,15122,23758981,23797203,2015-03-05 07:01:00+00:00,2015-03-31 20:03:00+00:00,False,4f750af17b14de0644b4c161412f2c46ac667c255873dc36545e3fda1f1031fd
ggm15_1min_2015-04-01_2015-04-29.csv,ggm15,2015-04-01,2015-04-29,15236,23797801,23838963,2015-04-01 06:01:00+00:00,2015-04-29 20:03:00+00:00,False,d4b9eecfe9d8a4c1513287c0ae26f68eb01491f7acd696d822a7bebf0caab031
ggm15_1min_2015-04-30_2015-05-28.csv,ggm15,2015-04-30,2015-05-28,15634,23839561,23880723,2015-04-30 06:01:00+00:00,2015-05-28 20:03:00+00:00,False,98af8d7355cdbdff61a4f45ad1a48856eda0f1563ac8b9960e6674e614d2fb02
ggm15_1min_2015-05-29_2015-06-04.csv,ggm15,2015-05-29,2015-06-04,4155,23881321,23890803,2015-05-29 06:01:00+00:00,2015-06-04 20:03:00+00:00,False,fd8c63233635bf584fecb0d90c4b3feb06eb87837d460ebd21cc4324188e2e8e
ggm16_1min_2016-03-07_2016-04-04.csv,ggm16,2016-03-07,2016-04-04,15615,24288901,24330003,2016-03-07 07:01:00+00:00,2016-04-04 20:03:00+00:00,False,b5473ef45db51a83da5583b76b0712b571baca438616b6a44d369632b178f295
ggm16_1min_2016-04-05_2016-04-29.csv,ggm16,2016-04-05,2016-04-29,15704,24330601,24366004,2016-04-05 06:01:00+00:00,2016-04-29 20:04:00+00:00,False,84843beab796d46ec0bb091aa4c2efab870112588c22624471ff2e4e7baa2ff0
ggm16_1min_2016-05-02_2016-05-26.csv,ggm16,2016-05-02,2016-05-26,15673,24369481,24404883,2016-05-02 06:01:00+00:00,2016-05-26 20:03:00+00:00,False,5a7977d50e38d007180fd5fb39d449b6bc538e14f29677e82edb1f1ee44d4267
ggm16_1min_2016-05-27_2016-06-06.csv,ggm16,2016-05-27,2016-06-06,5659,24405481,24420724,2016-05-27 06:01:00+00:00,2016-06-06 20:04:00+00:00,False,be5b3d61d9cc28e51df5312a129d30dd5a231010b9f8e75644e5ed108ef73d82
ggm17_1min_2017-03-07_2017-03-31.csv,ggm17,2017-03-07,2017-03-31,15689,24814501,24849843,2017-03-07 07:01:00+00:00,2017-03-31 20:03:00+00:00,False,a5236c1621b19510d80ec8bc2af2eb3d02ff2db953ea171442af74843830b620
ggm17_1min_2017-04-03_2017-05-02.csv,ggm17,2017-04-03,2017-05-02,15740,24853321,24895923,2017-04-03 06:01:00+00:00,2017-05-02 20:03:00+00:00,False,9410ed979e972c858e654eb945531451186fde757208b5e6a48c2883475ba701
ggm17_1min_2017-05-03_2017-05-29.csv,ggm17,2017-05-03,2017-05-29,15520,24896521,24934803,2017-05-03 06:01:00+00:00,2017-05-29 20:03:00+00:00,False,9d51d48c01b704168590b85499b0a759bda1973ccba982b1de100f0e751e5600
ggm17_1min_2017-05-30_2017-06-06.csv,ggm17,2017-05-30,2017-06-06,4850,24935401,24946323,2017-05-30 06:01:00+00:00,2017-06-06 20:03:00+00:00,False,d3b3f0f815d743614be224060f23c2816b05a99e4cd8a9afde0c06a7ec03ca9d
ggm18_1min_2018-03-07_2018-04-04.csv,ggm18,2018-03-07,2018-04-04,15552,25340101,25381203,2018-03-07 07:01:00+00:00,2018-04-04 20:03:00+00:00,False,ed20c5d897c7976a0a3d971100df271f0692f470ed954b56cc7af303a5447f87
ggm18_1min_2018-04-05_2018-05-02.csv,ggm18,2018-04-05,2018-05-02,15629,25381801,25421523,2018-04-05 06:01:00+00:00,2018-05-02 20:03:00+00:00,False,c794521964a2f27c5f3f851282766abf1fd6b70c6e0ee4230384db41a198d5f5
ggm18_1min_2018-05-03_2018-05-29.csv,ggm18,2018-05-03,2018-05-29,15581,25422121,25460403,2018-05-03 06:01:00+00:00,2018-05-29 20:03:00+00:00,False,e147beb27d905c1a74b48c5a327b02b24ba11bb06f311a92803ad6c46dc586c4
ggm18_1min_2018-05-30_2018-06-05.csv,ggm18,2018-05-30,2018-06-05,4104,25461001,25470483,2018-05-30 06:01:00+00:00,2018-06-05 20:03:00+00:00,False,4b21b8ee2770e8909f5cab466a4bf791fdcf807132c3465357181ad4e09e7eca
ggm19_1min_2019-03-06_2019-03-25.csv,ggm19,2019-03-06,2019-03-25,13980,25864200,25892936,2019-03-06 06:00:00+00:00,2019-03-26 04:56:00+00:00,False,78e647237adba071e4dd3254cb787664982ae65b3a7fddd09fa8d1facd1f6dca
ggm19_1min_2019-03-26_2019-04-12.csv,ggm19,2019-03-26,2019-04-12,14025,25892940,25918324,2019-03-26 05:00:00+00:00,2019-04-12 20:04:00+00:00,False,9780960bcbba7efdc369bb9d9af0a1283d0a7c78d58cb8b9a9b78dc83ab0c698
ggm19_1min_2019-04-15_2019-05-07.csv,ggm19,2019-04-15,2019-05-07,13860,25921740,25954859,2019-04-15 05:00:00+00:00,2019-05-08 04:59:00+00:00,False,0e762154d6ed742da0c1409376cf47ddac417cb84f9b445be70ecd18a16d7724
ggm19_1min_2019-05-08_2019-05-27.csv,ggm19,2019-05-08,2019-05-27,13702,25954860,25983658,2019-05-08 05:00:00+00:00,2019-05-28 04:58:00+00:00,False,0bf4b5793d691c7b15f67186f887b174cddb1bbafb445866db99b8334ddcc159
ggm19_1min_2019-05-28_2019-06-04.csv,ggm19,2019-05-28,2019-06-04,6014,25983660,25995179,2019-05-28 05:00:00+00:00,2019-06-05 04:59:00+00:00,False,5f58112c69d413df868136b28bcd361bbbe5106b9a78133dc1108d71a18f2019
ggm20_1min_2020-03-05_2020-03-24.csv,ggm20,2020-03-05,2020-03-24,16737,26389800,26418539,2020-03-05 06:00:00+00:00,2020-03-25 04:59:00+00:00,False,0d87a5baf021b37c59247ce5793505920a774c4c25e5ee9c5d2a404cd0419783
ggm20_1min_2020-03-25_2020-04-15.csv,ggm20,2020-03-25,2020-04-15,14800,26418540,26450217,2020-03-25 05:00:00+00:00,2020-04-16 04:57:00+00:00,False,1839b60b4285c47c594eb7f07018ed128c970e298d6b7dbe18fc5d9969118010
ggm20_1min_2020-04-16_2020-05-06.csv,ggm20,2020-04-16,2020-05-06,14359,26450220,26480459,2020-04-16 05:00:00+00:00,2020-05-07 04:59:00+00:00,False,7a950f288b0466abd122643c7138c9bd6456e8227505a15ab89662c3508442bc
ggm20_1min_2020-05-07_2020-05-26.csv,ggm20,2020-05-07,2020-05-26,14383,26480460,26509259,2020-05-07 05:00:00+00:00,2020-05-27 04:59:00+00:00,False,1239d60de6ed1b854625b4ce5639efa69f9034c58551dea762954ef149f6fc67
ggm20_1min_2020-05-27_2020-06-04.csv,ggm20,2020-05-27,2020-06-04,7311,26509260,26522204,2020-05-27 05:00:00+00:00,2020-06-05 04:44:00+00:00,False,58edaf46289bc272d723298b7384e02132fe1614079cf573c5db73612eeeef29
ggm21_1min_2021-03-05_2021-03-24.csv,ggm21,2021-03-05,2021-03-24,15469,26915400,26944137,2021-03-05 06:00:00+00:00,2021-03-25 04:57:00+00:00,False,e337c31d3eef7a86115bb359bd4ba1a16d4687ced55bae9a8fd34d3052936164
ggm21_1min_2021-03-25_2021-04-15.csv,ggm21,2021-03-25,2021-04-15,14850,26944140,26975814,2021-03-25 05:00:00+00:00,2021-04-16 04:54:00+00:00,False,953a977a29ae551ed39c28c45ca4d86dce0d601226ac5839870bf2183e92ec8a
ggm21_1min_2021-04-16_2021-05-05.csv,ggm21,2021-04-16,2021-05-05,14509,26975820,27004618,2021-04-16 05:00:00+00:00,2021-05-06 04:58:00+00:00,False,9e13f555744f99691ecce6fdba7def3246f2b95a3da4108e9e9ef085e523b656
ggm21_1min_2021-05-06_2021-05-25.csv,ggm21,2021-05-06,2021-05-25,13853,27004622,27033418,2021-05-06 05:02:00+00:00,2021-05-26 04:58:00+00:00,False,1628a44f6efc5155bdc5d405482fb52b1308698d64e75ecfa4ad62f52c6de928
ggm21_1min_2021-05-26_2021-06-03.csv,ggm21,2021-05-26,2021-06-03,6732,27033420,27046379,2021-05-26 05:00:00+00:00,2021-06-04 04:59:00+00:00,False,5affa448e675d7f3903552750860426532c3eff8fabf116357c7a5d3db782fb7
ggm22_1min_2022-03-07_2022-03-24.csv,ggm22,2022-03-07,2022-03-24,16259,27443880,27469739,2022-03-07 06:00:00+00:00,2022-03-25 04:59:00+00:00,False,8462ea7b354d64f15484c7e35dc489c584bbe792e5f5817720a8b3b53c2db8df
ggm22_1min_2022-03-25_2022-04-13.csv,ggm22,2022-03-25,2022-04-13,16004,27469740,27498539,2022-03-25 05:00:00+00:00,2022-04-14 04:59:00+00:00,False,62beb1fec2dbf932a0feccfb586565973b245e0463ac06d218a73b052a56dfb5
ggm22_1min_2022-04-14_2022-05-05.csv,ggm22,2022-04-14,2022-05-05,15782,27498540,27530219,2022-04-14 05:00:00+00:00,2022-05-06 04:59:00+00:00,False,d77399f4adc9297c3b413d49052475df0ec4ebfdcc4c9a05029960bd9f2899f8
ggm22_1min_2022-05-06_2022-05-25.csv,ggm22,2022-05-06,2022-05-25,16058,27530220,27559019,2022-05-06 05:00:00+00:00,2022-05-26 04:59:00+00:00,False,07adfccdbc074dac27f391d1e571fe8d802b584c188c697e9b8f51b9bf088bbb
ggm22_1min_2022-05-26_2022-06-06.csv,ggm22,2022-05-26,2022-06-06,8672,27559020,27576280,2022-05-26 05:00:00+00:00,2022-06-07 04:40:00+00:00,False,af7deaaddb21a239d983c0e6660391d342e49d49cd66c3b7eaff9aacb19f882c
ggm23_1min_2023-03-06_2023-03-23.csv,ggm23,2023-03-06,2023-03-23,16931,27968040,27993899,2023-03-06 06:00:00+00:00,2023-03-24 04:59:00+00:00,False,dc05b42c245d01e3b859a82e36f96e33d48baa504e6c762ef557f467ffb6c6cd
ggm23_1min_2023-03-24_2023-04-14.csv,ggm23,2023-03-24,2023-04-14,15550,27993900,28025039,2023-03-24 05:00:00+00:00,2023-04-14 19:59:00+00:00,False,f3f06d2a8a322261771ef226c73529c64a8234971a38e4e5c64e53b11da7a00d
ggm23_1min_2023-04-17_2023-05-05.csv,ggm23,2023-04-17,2023-05-05,15175,28028461,28055283,2023-04-17 05:01:00+00:00,2023-05-05 20:03:00+00:00,False,d0355005ef8e1f262f7d108c2c424829267682616e7d11423d15710eb0d8f450
ggm23_1min_2023-05-08_2023-05-25.csv,ggm23,2023-05-08,2023-05-25,15488,28058700,28084619,2023-05-08 05:00:00+00:00,2023-05-26 04:59:00+00:00,False,a096babad67c5f9d2286567b1cc389a930fba45c8a6a885046d314af7b39fd0a
ggm23_1min_2023-05-26_2023-06-05.csv,ggm23,2023-05-26,2023-06-05,7613,28084620,28100459,2023-05-26 05:00:00+00:00,2023-06-06 04:59:00+00:00,False,ffb3e5f67f10a5b4cbea9bd3861c05d515c58686da8bf8616a98b97f6aae5ad2
ggm24_1min_2024-03-06_2024-03-25.csv,ggm24,2024-03-06,2024-03-25,15755,28495080,28523809,2024-03-06 06:00:00+00:00,2024-03-26 04:49:00+00:00,False,0cf90cdd703874d1566e0f43ac19e8f01d092d003ba7a8b0adc74d1ad93bdbd3
ggm24_1min_2024-03-26_2024-04-16.csv,ggm24,2024-03-26,2024-04-16,15673,28523820,28555499,2024-03-26 05:00:00+00:00,2024-04-17 04:59:00+00:00,False,d90758a4b66620ffa8a3eae37972f4e82c6d3fef96f50c29febe5f19f31e8282
ggm24_1min_2024-04-17_2024-05-07.csv,ggm24,2024-04-17,2024-05-07,15593,28555500,28585736,2024-04-17 05:00:00+00:00,2024-05-08 04:56:00+00:00,False,fc3c42726a7d8b45e8f1b0fe4b3a4ec337f958fb7b2447740946f8565d1de9f1
ggm24_1min_2024-05-08_2024-05-27.csv,ggm24,2024-05-08,2024-05-27,14842,28585740,28614539,2024-05-08 05:00:00+00:00,2024-05-28 04:59:00+00:00,False,17a193d1ae9ea7d6ec95c5b7dcacfcd836aadce69ed019d0023bb8a79d4bcad4
ggm24_1min_2024-05-28_2024-06-04.csv,ggm24,2024-05-28,2024-06-04,6328,28614541,28626059,2024-05-28 05:01:00+00:00,2024-06-05 04:59:00+00:00,False,14793612e77c4b389f36d51f58211ed0df061b69f38d0956f58f09e7dabed631
ggm25_1min_2025-03-05_2025-03-24.csv,ggm25,2025-03-05,2025-03-24,16049,29019240,29047977,2025-03-05 06:00:00+00:00,2025-03-25 04:57:00+00:00,False,41bfd7d73bee1d52964c54be48c2ae7748c186c5352cb9835f6863fbdabf191c
ggm25_1min_2025-03-25_2025-04-11.csv,ggm25,2025-03-25,2025-04-11,15899,29047980,29073359,2025-03-25 05:00:00+00:00,2025-04-11 19:59:00+00:00,False,84ce26b113090fd137a9b9397d031f817fc730fb88c91e63d6c3bc72da87782b
ggm25_1min_2025-04-14_2025-05-06.csv,ggm25,2025-04-14,2025-05-06,15323,29076780,29109899,2025-04-14 05:00:00+00:00,2025-05-07 04:59:00+00:00,False,4ddded5b18ae78d355ca1a40d7ddaa8918625503e8ef74a99333a8409cb91446
ggm25_1min_2025-05-07_2025-05-26.csv,ggm25,2025-05-07,2025-05-26,15068,29109900,29138699,2025-05-07 05:00:00+00:00,2025-05-27 04:59:00+00:00,False,0b4111362bae322599098b35c493b211138a12bd8dd4dcc6d6a1c84de06c49e6
ggm25_1min_2025-05-27_2025-06-04.csv,ggm25,2025-05-27,2025-06-04,7269,29138700,29151650,2025-05-27 05:00:00+00:00,2025-06-05 04:50:00+00:00,False,bef8f5dc4806ba3880a5df719f6197fd0e7c1857444f6b183061d3c1d58d11da
ggm26_1min_2026-03-05_2026-03-19.csv,ggm26,2026-03-05,2026-03-19,12866,29544840,29566379,2026-03-05 06:00:00+00:00,2026-03-20 04:59:00+00:00,False,9214f87e4b5a58ab526043b38e6e4b4e7e8122da949a5cf932a77d7409af620a
ggu00_1min_2000-06-08_2000-07-11.csv,ggu00,2000-06-08,2000-07-11,15378,16007402,16055578,2000-06-08 06:02:00+00:00,2000-07-11 16:58:00+00:00,False,4ef8a3ad1153ccc949dc0cc40b756a6ea298e628980a48f277bf05309d5b1cfb
ggu00_1min_2000-07-12_2000-08-14.csv,ggu00,2000-07-12,2000-08-14,15419,16056360,16104538,2000-07-12 06:00:00+00:00,2000-08-14 16:58:00+00:00,False,4a775032508e22a557505fea80260e11575266486a04defeb7318a67b0fd0588
ggu00_1min_2000-08-15_2000-09-06.csv,ggu00,2000-08-15,2000-09-06,10796,16105321,16137659,2000-08-15 06:01:00+00:00,2000-09-06 16:59:00+00:00,False,4219fbd56c412aebbbe7ae007fd7a6926679f4774184806e7a21b29e6e0fd4c6
ggu01_1min_2001-06-06_2001-07-09.csv,ggu01,2001-06-06,2001-07-09,15197,16530121,16578298,2001-06-06 06:01:00+00:00,2001-07-09 16:58:00+00:00,False,77c0f3239909b313216c89f6e8aa56326cb500583c2f125457bbcc10a9532e8d
ggu01_1min_2001-07-10_2001-08-10.csv,ggu01,2001-07-10,2001-08-10,15359,16579081,16624378,2001-07-10 06:01:00+00:00,2001-08-10 16:58:00+00:00,False,df214a5a34494f4fcbace920ce45d6f6d9b3831b1cbcf3f712e627462bf1b586
ggu01_1min_2001-08-13_2001-09-05.csv,ggu01,2001-08-13,2001-09-05,10669,16628040,16661818,2001-08-13 06:00:00+00:00,2001-09-05 16:58:00+00:00,False,c907a1070a82e2c2550a2e68e403a2dd867a5324e745b7179af441b54cf9f7b9
ggu02_1min_2002-06-06_2002-07-09.csv,ggu02,2002-06-06,2002-07-09,15649,17055722,17103899,2002-06-06 06:02:00+00:00,2002-07-09 16:59:00+00:00,False,bd436908930406cf1fca72f23e7e936015496377c319cc0b0c6b21c267571d90
ggu02_1min_2002-07-10_2002-08-12.csv,ggu02,2002-07-10,2002-08-12,15765,17104680,17152858,2002-07-10 06:00:00+00:00,2002-08-12 16:58:00+00:00,False,f7f5564b9b454c51ddb6a5fe5978aec1a73b640713b521c8bf9b6b78c7e9b26d
ggu02_1min_2002-08-13_2002-09-05.csv,ggu02,2002-08-13,2002-09-05,11044,17153640,17187418,2002-08-13 06:00:00+00:00,2002-09-05 16:58:00+00:00,False,702ce015ed82194f6670904c6d50849ccc3b211ba3de9995addee1bce5ec1820
ggu03_1min_2003-06-06_2003-07-09.csv,ggu03,2003-06-06,2003-07-09,15799,17581321,17629499,2003-06-06 06:01:00+00:00,2003-07-09 16:59:00+00:00,False,bf3d228ba08982d21118c895b60908f707ffa3cfbeede1f510944da0fbef0d2b
ggu03_1min_2003-07-10_2003-08-12.csv,ggu03,2003-07-10,2003-08-12,15797,17630281,17678458,2003-07-10 06:01:00+00:00,2003-08-12 16:58:00+00:00,False,5d67217b67a0f21816da1e098dd354bb6cd792068ee31ef69bcb5f177667b86a
ggu03_1min_2003-08-13_2003-09-05.csv,ggu03,2003-08-13,2003-09-05,11797,17679241,17713019,2003-08-13 06:01:00+00:00,2003-09-05 16:59:00+00:00,False,53346f766d802426e2ce8c74a2037ce674b35c47d00220a269dc35d07458fddb
ggu04_1min_2004-06-07_2004-07-08.csv,ggu04,2004-06-07,2004-07-08,15611,18109801,18155102,2004-06-07 06:01:00+00:00,2004-07-08 17:02:00+00:00,False,5a0e6ce37ed9b767032a7442b1d2e7c47056c28e170e44bc71d5a8f7e3df7cb4
ggu04_1min_2004-07-09_2004-08-11.csv,ggu04,2004-07-09,2004-08-11,15551,18155880,18204062,2004-07-09 06:00:00+00:00,2004-08-11 17:02:00+00:00,False,fb6a6c651cd578429fb609b1917fa5e25974f3d8ab2edc6c9ccc753afa7c462b
ggu04_1min_2004-08-12_2004-09-07.csv,ggu04,2004-08-12,2004-09-07,12243,18204840,18242943,2004-08-12 06:00:00+00:00,2004-09-07 17:03:00+00:00,False,42159b684d7d30acc9587c57193824956ce4822a6c08ba4fa8ae76aa0c689902
ggu05_1min_2005-06-08_2005-07-11.csv,ggu05,2005-06-08,2005-07-11,15814,18636840,18685022,2005-06-08 06:00:00+00:00,2005-07-11 17:02:00+00:00,False,4f8845d0ea231606788f724a91b4cb3220801c93a7280ea66cafae6fa7f8dc24
ggu05_1min_2005-07-12_2005-08-12.csv,ggu05,2005-07-12,2005-08-12,15803,18685800,18731102,2005-07-12 06:00:00+00:00,2005-08-12 17:02:00+00:00,False,7450a07e55ef40b6674aab0fe0c0c7e8e52881e439f5feca2c412b9dacb20230
ggu05_1min_2005-08-15_2005-09-07.csv,ggu05,2005-08-15,2005-09-07,11757,18734760,18768542,2005-08-15 06:00:00+00:00,2005-09-07 17:02:00+00:00,False,425bfafdd73ca3ddbb0171c6cadfdd7fc2901d55b70d94b9a5041c4337870b0d
ggu06_1min_2006-06-07_2006-07-03.csv,ggu06,2006-06-07,2006-07-03,14774,19161000,19199283,2006-06-07 06:00:00+00:00,2006-07-03 20:03:00+00:00,False,8979aa788599c6bf666d0bc8a0ea594ddea0e30e87ec3d04890cf5c75aecbd50
ggu06_1min_2006-07-04_2006-07-28.csv,ggu06,2006-07-04,2006-07-28,14655,19199880,19235282,2006-07-04 06:00:00+00:00,2006-07-28 20:02:00+00:00,False,86d1a6630dfbbabcc29193154c930b17ab90dc3e3ae92febe0ff9d118d8d9d04
ggu06_1min_2006-07-31_2006-08-24.csv,ggu06,2006-07-31,2006-08-24,14522,19238760,19274162,2006-07-31 06:00:00+00:00,2006-08-24 20:02:00+00:00,False,7431eb5277681039ad3406262299330501c6de67ad1765cbc82e993d0d43bbb6
ggu06_1min_2006-08-25_2006-09-06.csv,ggu06,2006-08-25,2006-09-06,6800,19274760,19292882,2006-08-25 06:00:00+00:00,2006-09-06 20:02:00+00:00,False,588b419cbdbe05cb4a896861b303497e161f04af20c2cb773ee81f7ba3abca7f
ggu07_1min_2007-06-06_2007-07-02.csv,ggu07,2007-06-06,2007-07-02,15231,19685160,19723442,2007-06-06 06:00:00+00:00,2007-07-02 20:02:00+00:00,False,2a6a28e406f06e4434bdf1acac746a7e301885a6038bad3e52a65bd46041786f
ggu07_1min_2007-07-03_2007-07-27.csv,ggu07,2007-07-03,2007-07-27,15262,19724040,19759442,2007-07-03 06:00:00+00:00,2007-07-27 20:02:00+00:00,False,a52708cd4963d3bae6547d572cc2f0d3eb11cc7f8c409fd00546a0f5fc16ceec
ggu07_1min_2007-07-30_2007-08-23.csv,ggu07,2007-07-30,2007-08-23,15612,19762920,19798322,2007-07-30 06:00:00+00:00,2007-08-23 20:02:00+00:00,False,af971fba5c9e6156fd97c208f17505402b80c2fd4a189a5f84b7a65a1aafbcd1
ggu07_1min_2007-08-24_2007-09-05.csv,ggu07,2007-08-24,2007-09-05,7209,19798920,19817043,2007-08-24 06:00:00+00:00,2007-09-05 20:03:00+00:00,False,f99c4cc4f9d4135240f358f5e9d63003fc40131a5c137afb9e71948cfeba1174
ggu08_1min_2008-06-05_2008-07-01.csv,ggu08,2008-06-05,2008-07-01,15622,20210760,20249042,2008-06-05 06:00:00+00:00,2008-07-01 20:02:00+00:00,False,5fec2d1bca75826d4a64e4127e5b636fd0e7e30deb17015b37a4100ced3a19ae
ggu08_1min_2008-07-02_2008-07-28.csv,ggu08,2008-07-02,2008-07-28,15501,20249640,20287922,2008-07-02 06:00:00+00:00,2008-07-28 20:02:00+00:00,False,52909a0ace81459f7d98ccf1778868a854c27ceb6d4782d927f80e86e0667ab9
ggu08_1min_2008-07-29_2008-08-22.csv,ggu08,2008-07-29,2008-08-22,15367,20288520,20323922,2008-07-29 06:00:00+00:00,2008-08-22 20:02:00+00:00,False,17932a60b7faa75b95e530b5a6b82bbb6434fceb844b99f47cef543eb5999702
ggu08_1min_2008-08-25_2008-09-04.csv,ggu08,2008-08-25,2008-09-04,7166,20327400,20342642,2008-08-25 06:00:00+00:00,2008-09-04 20:02:00+00:00,False,3405f6fc3bcd35ab44fafaca57a5929a07721cfe935c6c3e0896ee18650e8d3e
ggu09_1min_2009-06-05_2009-07-01.csv,ggu09,2009-06-05,2009-07-01,15552,20736360,20774642,2009-06-05 06:00:00+00:00,2009-07-01 20:02:00+00:00,False,e5bb11f40ac96b7ba4987d7241571979bf496ca56538a5a7d2e5afa1e889e795
ggu09_1min_2009-07-02_2009-07-28.csv,ggu09,2009-07-02,2009-07-28,15340,20775240,20813522,2009-07-02 06:00:00+00:00,2009-07-28 20:02:00+00:00,False,0db06039b8959e8c7331fe5f4e4d6f334e76ab5f07530adf81ae63483dd07a52
ggu09_1min_2009-07-29_2009-08-24.csv,ggu09,2009-07-29,2009-08-24,15536,20814120,20852402,2009-07-29 06:00:00+00:00,2009-08-24 20:02:00+00:00,False,d8f2317d18a8fda7d2b0b1db9634db756c374667670967f135bcdb740eabbbb9
ggu09_1min_2009-08-25_2009-09-04.csv,ggu09,2009-08-25,2009-09-04,7230,20853000,20868243,2009-08-25 06:00:00+00:00,2009-09-04 20:03:00+00:00,False,b1cf21e8a84994504a96596b804d9bac41244f2200e43a3886a148433c45418b
ggu10_1min_2010-06-07_2010-07-01.csv,ggu10,2010-06-07,2010-07-01,15623,21264841,21300239,2010-06-07 06:01:00+00:00,2010-07-01 19:59:00+00:00,False,705e37e7471a0cfe5446aacb44727743bc81234e23d4d2836bd02e8fc8551c46
ggu10_1min_2010-07-02_2010-07-28.csv,ggu10,2010-07-02,2010-07-28,15396,21300841,21339119,2010-07-02 06:01:00+00:00,2010-07-28 19:59:00+00:00,False,7c3b539d4483b841aad34a7c1fc48eaee2efda1f0f39019d7638ba148277a15b
ggu10_1min_2010-07-29_2010-08-24.csv,ggu10,2010-07-29,2010-08-24,15388,21339721,21377999,2010-07-29 06:01:00+00:00,2010-08-24 19:59:00+00:00,False,5263dfe0757ed2ba820f45174c4989e03c54cc8526a592e7369b2094c3e74636
ggu10_1min_2010-08-25_2010-09-06.csv,ggu10,2010-08-25,2010-09-06,7296,21378601,21396719,2010-08-25 06:01:00+00:00,2010-09-06 19:59:00+00:00,False,b740b1304c980dff10e5d6a24c93f22800ae51b5ea81a259004c2664f594c088
ggu11_1min_2011-06-07_2011-07-01.csv,ggu11,2011-06-07,2011-07-01,15593,21790441,21825843,2011-06-07 06:01:00+00:00,2011-07-01 20:03:00+00:00,False,4ae2ceada584cdfd72c167733be4afd8bc005c98600cf9d79a0d61bb82bbc397
ggu11_1min_2011-07-04_2011-07-28.csv,ggu11,2011-07-04,2011-07-28,15398,21829321,21864723,2011-07-04 06:01:00+00:00,2011-07-28 20:03:00+00:00,False,6348e6872a4d893d81c4d4bb23709dbae411e987ce94628a55dd9812eefebb11
ggu11_1min_2011-07-29_2011-08-24.csv,ggu11,2011-07-29,2011-08-24,15170,21865321,21903603,2011-07-29 06:01:00+00:00,2011-08-24 20:03:00+00:00,False,a5120cd4f717dcfef554505d3b881bc12d8cbd471465f03b0bbbf9019ae18ce4
ggu11_1min_2011-08-25_2011-09-06.csv,ggu11,2011-08-25,2011-09-06,7331,21904201,21922324,2011-08-25 06:01:00+00:00,2011-09-06 20:04:00+00:00,False,2874c9f080e19351d273b9a533a1d478c419217d6036efd3f0b02599950e1eef
ggu12_1min_2012-05-01_2012-06-29.csv,ggu12,2012-05-01,2012-06-29,19999,22286190,22350003,2012-05-16 12:30:00+00:00,2012-06-29 20:03:00+00:00,True,5937cedcc38aa5e6955a783573aea7e3890cd5886cd4c640338c2427b54002ef
ggu12_1min_2012-07-02_2012-07-26.csv,ggu12,2012-07-02,2012-07-26,15267,22353481,22388883,2012-07-02 06:01:00+00:00,2012-07-26 20:03:00+00:00,False,47359d6a4ef578983ee1e8532e469c7c3990a9019a3320aac9696b9c6a9a4c51
ggu12_1min_2012-07-27_2012-08-22.csv,ggu12,2012-07-27,2012-08-22,15487,22389481,22427763,2012-07-27 06:01:00+00:00,2012-08-22 20:03:00+00:00,False,5ce7b7f61006e99314250e61caa893ca3662ea5afec57945bbf526ced0a6749a
ggu12_1min_2012-08-23_2012-09-04.csv,ggu12,2012-08-23,2012-09-04,7246,22428361,22446589,2012-08-23 06:01:00+00:00,2012-09-04 21:49:00+00:00,False,2e5603e29a26e37223dc3fb19a0408cdffbbcfc6456734ba6a0150e97c84c684
ggu13_1min_2013-06-05_2013-07-01.csv,ggu13,2013-06-05,2013-07-01,15655,22840201,22878483,2013-06-05 06:01:00+00:00,2013-07-01 20:03:00+00:00,False,0f03cce0140b72823c70f8e0979c34de7bb0b1f8c5dc0a79c7896169a4bb7922
ggu13_1min_2013-07-02_2013-07-26.csv,ggu13,2013-07-02,2013-07-26,15415,22879081,22914483,2013-07-02 06:01:00+00:00,2013-07-26 20:03:00+00:00,False,e7293dbdd0f2996787e8363a7f8b13f80a04a16e0a32ba189a3c392101012ff0
ggu13_1min_2013-07-29_2013-08-22.csv,ggu13,2013-07-29,2013-08-22,15405,22917961,22953363,2013-07-29 06:01:00+00:00,2013-08-22 20:03:00+00:00,False,0c71731a5b76f5086fb915dda827aab73c610c06b95ed62fe4d18d84e09b427c
ggu13_1min_2013-08-23_2013-09-04.csv,ggu13,2013-08-23,2013-09-04,7196,22953961,22972083,2013-08-23 06:01:00+00:00,2013-09-04 20:03:00+00:00,False,6cb04b70f5410bb1e989773a70f3cdd0eef75d4ff9c24af19f01629470f5eb60
ggu14_1min_2014-06-05_2014-07-01.csv,ggu14,2014-06-05,2014-07-01,15043,23365801,23404083,2014-06-05 06:01:00+00:00,2014-07-01 20:03:00+00:00,False,38cd8f5299ba90c2c6281a5e864663b86e681d3da93f2ff57227b7127fd856b0
ggu14_1min_2014-07-02_2014-07-28.csv,ggu14,2014-07-02,2014-07-28,14840,23404681,23442963,2014-07-02 06:01:00+00:00,2014-07-28 20:03:00+00:00,False,3d0496d7e2b5263e1b321d3cdc262263eeeac1d2bd20064c112b64af91588cd3
ggu14_1min_2014-07-29_2014-08-22.csv,ggu14,2014-07-29,2014-08-22,15440,23443561,23478963,2014-07-29 06:01:00+00:00,2014-08-22 20:03:00+00:00,False,a33e5dca796a0b3e78f60a163a650fb89ca4a8bd754dfab81e27c58941ee27db
ggu14_1min_2014-08-25_2014-09-04.csv,ggu14,2014-08-25,2014-09-04,7172,23482441,23497683,2014-08-25 06:01:00+00:00,2014-09-04 20:03:00+00:00,False,2746758f929b577533eb5b58a8b2020f0d3e2d4ff3aa83616a0c3b4dba84065b
ggu15_1min_2015-06-05_2015-07-01.csv,ggu15,2015-06-05,2015-07-01,15717,23891401,23929684,2015-06-05 06:01:00+00:00,2015-07-01 20:04:00+00:00,False,744af288eedfc0a54f26d5255742999f00356ed4e6fe2753a47bc154bef860e2
ggu15_1min_2015-07-02_2015-07-28.csv,ggu15,2015-07-02,2015-07-28,15458,23930281,23968563,2015-07-02 06:01:00+00:00,2015-07-28 20:03:00+00:00,False,5a1d4c404b0eb09fed558cfaf606494cf7564fdd6c02f92b7de6b1faa4340e64
ggu15_1min_2015-07-29_2015-08-24.csv,ggu15,2015-07-29,2015-08-24,15641,23969161,24007443,2015-07-29 06:01:00+00:00,2015-08-24 20:03:00+00:00,False,452afc41d525c55287de20c7385d5ba8d8165c4fe3041a4aec285941d30b068e
ggu15_1min_2015-08-25_2015-09-04.csv,ggu15,2015-08-25,2015-09-04,7475,24008041,24023284,2015-08-25 06:01:00+00:00,2015-09-04 20:04:00+00:00,False,36c1b9d0de29230ad70d681ec302d988b544d35c8aea78751e69d0b47b562113
ggu16_1min_2016-06-07_2016-07-01.csv,ggu16,2016-06-07,2016-07-01,15619,24421321,24456724,2016-06-07 06:01:00+00:00,2016-07-01 20:04:00+00:00,False,71f498380adb638fc0c3a62c43104c3678f4bcb67d25bb3f039be40560c3e0b9
ggu16_1min_2016-07-04_2016-07-28.csv,ggu16,2016-07-04,2016-07-28,15615,24460201,24495603,2016-07-04 06:01:00+00:00,2016-07-28 20:03:00+00:00,False,8b44e2685d7367fcaae78101cf6f95b7304ce76ebcffb9a9b0014d381caee47b
ggu16_1min_2016-07-29_2016-08-24.csv,ggu16,2016-07-29,2016-08-24,15700,24496201,24534479,2016-07-29 06:01:00+00:00,2016-08-24 19:59:00+00:00,False,2a3eac6c688f0c544eb7a6181da076fd2d1d1b4002946876e2796819b9e8397d
ggu16_1min_2016-08-25_2016-09-06.csv,ggu16,2016-08-25,2016-09-06,7368,24535081,24553203,2016-08-25 06:01:00+00:00,2016-09-06 20:03:00+00:00,False,f999659df0860124af1a3c874468c87daf5db5b25689879379b4b1f071563117
ggu17_1min_2017-06-07_2017-07-03.csv,ggu17,2017-06-07,2017-07-03,15392,24946921,24985203,2017-06-07 06:01:00+00:00,2017-07-03 20:03:00+00:00,False,efd896a68bbb3c52e423046fd7cabcd76503964e27008757981f5fc478a9e0d0
ggu17_1min_2017-07-04_2017-07-28.csv,ggu17,2017-07-04,2017-07-28,15597,24985801,25021203,2017-07-04 06:01:00+00:00,2017-07-28 20:03:00+00:00,False,ef0925540c8bda5413e0ed7a0ddc8e991e468ec7ac5c501b3dbc3d1426796b6e
ggu17_1min_2017-07-31_2017-08-24.csv,ggu17,2017-07-31,2017-08-24,15657,25024681,25060083,2017-07-31 06:01:00+00:00,2017-08-24 20:03:00+00:00,False,0feeed3cd7d3c3ee8ad86e38aded5e4d082a8b20287b30f8d20d5e9c050067b6
ggu17_1min_2017-08-25_2017-09-05.csv,ggu17,2017-08-25,2017-09-05,6403,25060681,25077364,2017-08-25 06:01:00+00:00,2017-09-05 20:04:00+00:00,False,1b087ec0824d195eff8f03da477e4961a2ef3bd3e0b87f41ff44963411a18a28
ggu18_1min_2018-06-06_2018-07-02.csv,ggu18,2018-06-06,2018-07-02,15589,25471081,25509363,2018-06-06 06:01:00+00:00,2018-07-02 20:03:00+00:00,False,043f386c89279d37223fb243df41d5f559c6eba068f1238430c2ddd6c46cfa9f
ggu18_1min_2018-07-03_2018-07-27.csv,ggu18,2018-07-03,2018-07-27,15396,25509961,25545363,2018-07-03 06:01:00+00:00,2018-07-27 20:03:00+00:00,False,159c69e271915dc24f7d464048739b5c047eabacca3e456e575e026c737faa7f
ggu18_1min_2018-07-30_2018-08-23.csv,ggu18,2018-07-30,2018-08-23,15478,25548841,25584243,2018-07-30 06:01:00+00:00,2018-08-23 20:03:00+00:00,False,df3f48e916962e3d5514b9b982d39d4edb89ff4b841a8bb8327886a6794fa5c3
ggu18_1min_2018-08-24_2018-09-04.csv,ggu18,2018-08-24,2018-09-04,6401,25584841,25601523,2018-08-24 06:01:00+00:00,2018-09-04 20:03:00+00:00,False,d6f43aeec0c2749a6dddd4450e1b4790eb9bd91bf15956f582d8ff2815459cf0
ggu19_1min_2019-06-05_2019-06-24.csv,ggu19,2019-06-05,2019-06-24,14011,25995180,26023978,2019-06-05 05:00:00+00:00,2019-06-25 04:58:00+00:00,False,4e3447f2cc0698b98b9fcd5f59202bd3a4e64d0c5699b42aded298f6a7a34974
ggu19_1min_2019-06-25_2019-07-12.csv,ggu19,2019-06-25,2019-07-12,13552,26023980,26049359,2019-06-25 05:00:00+00:00,2019-07-12 19:59:00+00:00,False,029d43755e7736337e837d1b496c5193f90b909bfba943c76ea9ba8b70ded275
ggu19_1min_2019-07-15_2019-08-01.csv,ggu19,2019-07-15,2019-08-01,14083,26052780,26078698,2019-07-15 05:00:00+00:00,2019-08-02 04:58:00+00:00,False,b326bc35ce9317c9b71c56355ed5f3e49e3ede59a56cb9ee411dcdbdfe9f108e
ggu19_1min_2019-08-02_2019-08-21.csv,ggu19,2019-08-02,2019-08-21,15055,26078701,26107496,2019-08-02 05:01:00+00:00,2019-08-22 04:56:00+00:00,False,6b84124973f3860a4129d272fa27b368999adf75e5a8904b9d3e81f32b276b64
ggu19_1min_2019-08-22_2019-09-03.csv,ggu19,2019-08-22,2019-09-03,9317,26107500,26126219,2019-08-22 05:00:00+00:00,2019-09-04 04:59:00+00:00,False,6e6f21434dec0bc8681a0811b20a00f13af9f611c90217f021af5e78ffd2b9f9
ggu20_1min_2020-06-05_2020-06-24.csv,ggu20,2020-06-05,2020-06-24,15146,26522220,26551019,2020-06-05 05:00:00+00:00,2020-06-25 04:59:00+00:00,False,3096893145696c8778ddaf16ef40d148f1a2ab6bdb3b2de69d8b64d3052e58a3
ggu20_1min_2020-06-25_2020-07-14.csv,ggu20,2020-06-25,2020-07-14,14262,26551020,26579815,2020-06-25 05:00:00+00:00,2020-07-15 04:55:00+00:00,False,cb5aac0e8e8c0fdfc1353b9d6789bbf314a19e024bcd52d9b8b9e10521d6fcb7
ggu20_1min_2020-07-15_2020-08-03.csv,ggu20,2020-07-15,2020-08-03,14246,26579822,26608617,2020-07-15 05:02:00+00:00,2020-08-04 04:57:00+00:00,False,c6cff44a2ae0d22945f8c3b274c4543afba36d0cc1f62812ad00ecdd1157d9c2
ggu20_1min_2020-08-04_2020-08-21.csv,ggu20,2020-08-04,2020-08-21,14326,26608620,26634003,2020-08-04 05:00:00+00:00,2020-08-21 20:03:00+00:00,False,20b4134e1ae947e82e01ad689c519ae60c9211f587c923ac0c41d7d9bfb25d01
ggu20_1min_2020-08-24_2020-09-03.csv,ggu20,2020-08-24,2020-09-03,9480,26637420,26653257,2020-08-24 05:00:00+00:00,2020-09-04 04:57:00+00:00,False,dd7f2e8be2e20c07cc02c4b0d63545e9c72021cce912f18283d4c55c74971385
ggu21_1min_2021-06-04_2021-06-23.csv,ggu21,2021-06-04,2021-06-23,14356,27046383,27075159,2021-06-04 05:03:00+00:00,2021-06-24 04:39:00+00:00,False,6076ccd6f55fe9d18b77f72fd0f534fcfdd3de481d3d936ef43010231f557766
ggu21_1min_2021-06-24_2021-07-13.csv,ggu21,2021-06-24,2021-07-13,14139,27075185,27103978,2021-06-24 05:05:00+00:00,2021-07-14 04:58:00+00:00,False,31f4a4c59dc8d828845bb4ca59a6c284704e0bf27f20077094d16b5a0e0682cb
ggu21_1min_2021-07-14_2021-08-02.csv,ggu21,2021-07-14,2021-08-02,14572,27103981,27132779,2021-07-14 05:01:00+00:00,2021-08-03 04:59:00+00:00,False,3abc6488a7580f5cdb4eb60adefd40b332581768ff165496fd4c30d08204507d
ggu21_1min_2021-08-03_2021-08-20.csv,ggu21,2021-08-03,2021-08-20,13834,27132780,27158159,2021-08-03 05:00:00+00:00,2021-08-20 19:59:00+00:00,False,b53daf035c248836c034e3dc5f20529bc93bbaccabffa27ca7ac4b73e4bef06b
ggu21_1min_2021-08-23_2021-09-03.csv,ggu21,2021-08-23,2021-09-03,9544,27161580,27178323,2021-08-23 05:00:00+00:00,2021-09-03 20:03:00+00:00,False,92f3651766f3c0c3ed7852ba3de28ce844ee9c618b8f8b495a924a310869526e
ggu22_1min_2022-06-07_2022-06-24.csv,ggu22,2022-06-07,2022-06-24,15708,27576300,27601683,2022-06-07 05:00:00+00:00,2022-06-24 20:03:00+00:00,False,a07f7e85d7e061db912ded126a4fcd13815a2f3eef3b7c8ec83d8618886e7ee0
ggu22_1min_2022-06-27_2022-07-14.csv,ggu22,2022-06-27,2022-07-14,15887,27605100,27631018,2022-06-27 05:00:00+00:00,2022-07-15 04:58:00+00:00,False,dea593e4f90435bfd2e608f369f3fb01a750d069dde1ef165f4bd60f4dcf0b11
ggu22_1min_2022-07-15_2022-08-03.csv,ggu22,2022-07-15,2022-08-03,15777,27631020,27659819,2022-07-15 05:00:00+00:00,2022-08-04 04:59:00+00:00,False,f9dd7050ff983cc4083f387c286ec5793e759cf92f3b372b9ea16958e574f819
ggu22_1min_2022-08-04_2022-08-23.csv,ggu22,2022-08-04,2022-08-23,15477,27659820,27688617,2022-08-04 05:00:00+00:00,2022-08-24 04:57:00+00:00,False,e44a22c8a90f0239d3d3a10b6da0d25e64923761de2122aa9997f55a66e4109c
ggu22_1min_2022-08-24_2022-09-05.csv,ggu22,2022-08-24,2022-09-05,9990,27688620,27707339,2022-08-24 05:00:00+00:00,2022-09-06 04:59:00+00:00,False,5adf24fdc01711a17062dfaedd93552e8a9c76e5ef495225b823e4c9ceb96e2f
ggu23_1min_2023-06-06_2023-06-23.csv,ggu23,2023-06-06,2023-06-23,14976,28100460,28125843,2023-06-06 05:00:00+00:00,2023-06-23 20:03:00+00:00,False,096442195659ca5796ac0aebd7c33fd268e325fd273af40cbf1bd179eb106799
ggu23_1min_2023-06-26_2023-07-13.csv,ggu23,2023-06-26,2023-07-13,15291,28129260,28155179,2023-06-26 05:00:00+00:00,2023-07-14 04:59:00+00:00,False,513d4a4a1eec77e736da9ba974d5bcab1251ff4e9b6bf364f190a6f2448bf614
ggu23_1min_2023-07-14_2023-08-02.csv,ggu23,2023-07-14,2023-08-02,15235,28155180,28183979,2023-07-14 05:00:00+00:00,2023-08-03 04:59:00+00:00,False,f4d77bf892180caf922a57c6e8f8510cf564e211481a0b17e900a4fd2f911ac6
ggu23_1min_2023-08-03_2023-08-22.csv,ggu23,2023-08-03,2023-08-22,15192,28183980,28212779,2023-08-03 05:00:00+00:00,2023-08-23 04:59:00+00:00,False,81b465266754e9acf44e662cd62aa97b28742744718244b03ea4e88c7f37495b
ggu23_1min_2023-08-23_2023-09-05.csv,ggu23,2023-08-23,2023-09-05,10464,28212780,28232928,2023-08-23 05:00:00+00:00,2023-09-06 04:48:00+00:00,False,f30bf34bb9894445ce2e519cd816a8acefa0e00308d8b684c245dcc311beaa02
ggu24_1min_2024-06-05_2024-06-24.csv,ggu24,2024-06-05,2024-06-24,15346,28626060,28654859,2024-06-05 05:00:00+00:00,2024-06-25 04:59:00+00:00,False,780078ad56af6220d09ddfac36f72b5c307d644c68d0666b3d552b7187501492
ggu24_1min_2024-06-25_2024-07-12.csv,ggu24,2024-06-25,2024-07-12,14929,28654865,28680243,2024-06-25 05:05:00+00:00,2024-07-12 20:03:00+00:00,False,ce4e12681c50e3a7d90842b5ca44832dda00bc3035b782b7ece57e0a0ec6834b
ggu24_1min_2024-07-15_2024-08-01.csv,ggu24,2024-07-15,2024-08-01,15226,28683660,28709579,2024-07-15 05:00:00+00:00,2024-08-02 04:59:00+00:00,False,7653692618ff360d7d473ffbabe11267eeef3175b23b7c4adf552d7cebcb622a
ggu24_1min_2024-08-02_2024-08-21.csv,ggu24,2024-08-02,2024-08-21,15724,28709580,28738379,2024-08-02 05:00:00+00:00,2024-08-22 04:59:00+00:00,False,9abb4434dbebde1b51f6839798614a65737be69ff37891f027ce68d05f243c68
ggu24_1min_2024-08-22_2024-09-04.csv,ggu24,2024-08-22,2024-09-04,10583,28738380,28758534,2024-08-22 05:00:00+00:00,2024-09-05 04:54:00+00:00,False,899944bc3e4c5ae537b53d0dd472056f3b4bc35924aa40a5e7a5505da1de27b5
ggu25_1min_2025-06-05_2025-06-24.csv,ggu25,2025-06-05,2025-06-24,14931,29151660,29180459,2025-06-05 05:00:00+00:00,2025-06-25 04:59:00+00:00,False,7a86d42ddb60952d1ee09edbed1e7bb46c7ad24378e49078d9ecb59e27f9c597
ggu25_1min_2025-06-25_2025-07-14.csv,ggu25,2025-06-25,2025-07-14,14480,29180461,29209258,2025-06-25 05:01:00+00:00,2025-07-15 04:58:00+00:00,False,4d15d545c24625fc2f624d0ab4311f3a644f4ba365d32841c0a41fed631c0728
ggu25_1min_2025-07-15_2025-08-01.csv,ggu25,2025-07-15,2025-08-01,14410,29209260,29234643,2025-07-15 05:00:00+00:00,2025-08-01 20:03:00+00:00,False,3689ff82b2970f57851292da21a8cbd4816706e9b8d9ac76f1834688fbb66f55
ggu25_1min_2025-08-04_2025-08-21.csv,ggu25,2025-08-04,2025-08-21,14110,29238061,29263978,2025-08-04 05:01:00+00:00,2025-08-22 04:58:00+00:00,False,ac40baa0463e25b88e93c8ccb47cda09133eaaee7635e1029cf7236f7dda60cb
ggu25_1min_2025-08-22_2025-09-03.csv,ggu25,2025-08-22,2025-09-03,8937,29263980,29282699,2025-08-22 05:00:00+00:00,2025-09-04 04:59:00+00:00,False,3149247fbc5d8caf0f4cde140fb7b14de83211b665598917b1fffef425049cba
ggz00_1min_2000-09-07_2000-10-10.csv,ggz00,2000-09-07,2000-10-10,15448,16138442,16186619,2000-09-07 06:02:00+00:00,2000-10-10 16:59:00+00:00,False,f8a82d8607693732956e8bae3db5a256a268b58bfa6224b9b169aabb8b98e4d8
ggz00_1min_2000-10-11_2000-11-13.csv,ggz00,2000-10-11,2000-11-13,15220,16187401,16235638,2000-10-11 06:01:00+00:00,2000-11-13 17:58:00+00:00,False,7caf86de018f3eb8fbe8d3de8feb2c8de3ca823aa1166ffdacabd8dd21348cc4
ggz00_1min_2000-11-14_2000-12-06.csv,ggz00,2000-11-14,2000-12-06,10697,16236420,16268758,2000-11-14 07:00:00+00:00,2000-12-06 17:58:00+00:00,False,3a45460b4a7232c6c2ba8dbb2254fe2b5cbe0bd6d7177143f07eae133c6bda58
ggz01_1min_2001-09-06_2001-10-11.csv,ggz01,2001-09-06,2001-10-11,15824,16662601,16713659,2001-09-06 06:01:00+00:00,2001-10-11 16:59:00+00:00,False,fbc8d025b7b1d9290c6c0672f7a1e981e54050ce091f49c49670b5b1fb3e73aa
ggz01_1min_2001-10-12_2001-11-14.csv,ggz01,2001-10-12,2001-11-14,15192,16714440,16762678,2001-10-12 06:00:00+00:00,2001-11-14 17:58:00+00:00,False,9cb8dd081489711433a20e52bbb1e27545644050add696ec153c039793330aff
ggz01_1min_2001-11-15_2001-12-05.csv,ggz01,2001-11-15,2001-12-05,9450,16763462,16792919,2001-11-15 07:02:00+00:00,2001-12-05 17:59:00+00:00,False,6cf355d5cdaca6e561a94098723e2ee0485b817c76c54c6b3521e7b294f59bbf
ggz02_1min_2002-09-06_2002-10-09.csv,ggz02,2002-09-06,2002-10-09,15061,17188203,17236379,2002-09-06 06:03:00+00:00,2002-10-09 16:59:00+00:00,False,618779d8a44105cfd8ab50420326ba232e40f940beebec702ca80f3797110b44
ggz02_1min_2002-10-10_2002-11-13.csv,ggz02,2002-10-10,2002-11-13,15487,17237160,17286838,2002-10-10 06:00:00+00:00,2002-11-13 17:58:00+00:00,False,782a79fad3030ea0272eab712f9239da1b1b26edacd47f2571fefacd1cb34b86
ggz02_1min_2002-11-14_2002-12-05.csv,ggz02,2002-11-14,2002-12-05,10296,17287620,17318518,2002-11-14 07:00:00+00:00,2002-12-05 17:58:00+00:00,False,1580d80fc013bf330d85d393dde71083b3f42070748bfbdbd9ee84ba895d6b07
ggz03_1min_2003-09-08_2003-10-09.csv,ggz03,2003-09-08,2003-10-09,15815,17716681,17761979,2003-09-08 06:01:00+00:00,2003-10-09 16:59:00+00:00,False,6c487be6c19e6de877f5b1a0523707b8ca4a04e50ed35065bf587fe1b94ea8df
ggz03_1min_2003-10-10_2003-11-12.csv,ggz03,2003-10-10,2003-11-12,14917,17762760,17810999,2003-10-10 06:00:00+00:00,2003-11-12 17:59:00+00:00,False,cbb6e6ea4e4a00f7e1215630745db9b8587b42887d8f4dac7c1ff388ea016cac
ggz03_1min_2003-11-13_2003-12-05.csv,ggz03,2003-11-13,2003-12-05,11135,17811780,17844119,2003-11-13 07:00:00+00:00,2003-12-05 17:59:00+00:00,False,a10c4d7673d5fc77a42ad493c5012a7313933309cadeba12b5290aae4f9a4aa7
ggz04_1min_2004-09-08_2004-10-11.csv,ggz04,2004-09-08,2004-10-11,15655,18243720,18291902,2004-09-08 06:00:00+00:00,2004-10-11 17:02:00+00:00,False,052f680cb8a1d531f73e39885d24eef4cea6765a3f612e6be8eb401d15a023dc
ggz04_1min_2004-10-13_2004-11-15.csv,ggz04,2004-10-13,2004-11-15,15407,18294120,18342362,2004-10-13 06:00:00+00:00,2004-11-15 18:02:00+00:00,False,c98181c98a58a8244f98425d1f7d4139ee444642e96613168af5e54b35fa9d78
ggz04_1min_2004-11-16_2004-12-07.csv,ggz04,2004-11-16,2004-12-07,10519,18343140,18374042,2004-11-16 07:00:00+00:00,2004-12-07 18:02:00+00:00,False,8f9f858f88e1477d212932d0a3724711750d8f139a06d866bd3529c87fec6805
ggz05_1min_2005-09-08_2005-10-11.csv,ggz05,2005-09-08,2005-10-11,15801,18769322,18817502,2005-09-08 06:02:00+00:00,2005-10-11 17:02:00+00:00,False,344b0b22c7707ec0d381ad429e8979bd918b0bbbb579c808aee7eeea8f28e459
ggz05_1min_2005-10-12_2005-11-14.csv,ggz05,2005-10-12,2005-11-14,15819,18818280,18866522,2005-10-12 06:00:00+00:00,2005-11-14 18:02:00+00:00,False,fec451a569faeac642413cf05607f7552faeeedf0b8769b354d5292cf30ff03e
ggz05_1min_2005-11-15_2005-12-06.csv,ggz05,2005-11-15,2005-12-06,11784,18867300,18898382,2005-11-15 07:00:00+00:00,2005-12-06 21:02:00+00:00,False,4d60fa6fb640287a80df0454d00a6f0d280b5c8a748174ebbce2757769909d95
ggz06_1min_2006-09-07_2006-10-03.csv,ggz06,2006-09-07,2006-10-03,14682,19293480,19331762,2006-09-07 06:00:00+00:00,2006-10-03 20:02:00+00:00,False,7c704791e8a209e283ab1685fa7d80371f92765de15c3c052dddde9f7e593502
ggz06_1min_2006-10-04_2006-10-30.csv,ggz06,2006-10-04,2006-10-30,14668,19332360,19370703,2006-10-04 06:00:00+00:00,2006-10-30 21:03:00+00:00,False,3afc408aa9af81cb1d6ace0863c77985bffb27f520ee0c2c225327769b468b7e
ggz06_1min_2006-10-31_2006-11-24.csv,ggz06,2006-10-31,2006-11-24,14666,19371300,19406702,2006-10-31 07:00:00+00:00,2006-11-24 21:02:00+00:00,False,38dac8de04d2d76ab66d68390a1ded2dad565daf1094234be457fc0de1358953
ggz06_1min_2006-11-27_2006-12-05.csv,ggz06,2006-11-27,2006-12-05,5458,19410180,19422542,2006-11-27 07:00:00+00:00,2006-12-05 21:02:00+00:00,False,af107c7973ee855649dde39ad4228a75b0bbe176d1249f9caed82802603a28d4
ggz07_1min_2007-09-06_2007-10-02.csv,ggz07,2007-09-06,2007-10-02,15376,19817640,19855922,2007-09-06 06:00:00+00:00,2007-10-02 20:02:00+00:00,False,382e85a5b24518e2a93d827c1521a223ef1a1961db2cfa91b2886cebd150ad47
ggz07_1min_2007-10-03_2007-10-29.csv,ggz07,2007-10-03,2007-10-29,15326,19856520,19894862,2007-10-03 06:00:00+00:00,2007-10-29 21:02:00+00:00,False,84582d3e20ede10711ba3751e91a711051652764551f93fe76d484c16fdaaac1
ggz07_1min_2007-10-30_2007-11-23.csv,ggz07,2007-10-30,2007-11-23,15309,19895460,19930862,2007-10-30 07:00:00+00:00,2007-11-23 21:02:00+00:00,False,ef081b8a1f549f47a1311e6ef9fb286912cde33cf23d8df8bec813fac59045e2
ggz07_1min_2007-11-26_2007-12-04.csv,ggz07,2007-11-26,2007-12-04,5786,19934340,19946702,2007-11-26 07:00:00+00:00,2007-12-04 21:02:00+00:00,False,d655ffcf467e7ed440d1c3caa70d9af5841d184a855c3b4ef27b56730bd20cd8
ggz08_1min_2008-09-05_2008-10-01.csv,ggz08,2008-09-05,2008-10-01,15750,20343240,20381523,2008-09-05 06:00:00+00:00,2008-10-01 20:03:00+00:00,False,6c9f9975cd9c6aa06f59c6eb3d3797b8cca7d9877077aa54f3fa1d009fa6fbe1
ggz08_1min_2008-10-02_2008-10-28.csv,ggz08,2008-10-02,2008-10-28,15649,20382120,20420462,2008-10-02 06:00:00+00:00,2008-10-28 21:02:00+00:00,False,96cdd350037ac8aed1f3dd7edaa6df0fbb149dd5e26252140acfb4cad292f84c
ggz08_1min_2008-10-29_2008-11-24.csv,ggz08,2008-10-29,2008-11-24,15445,20421060,20459342,2008-10-29 07:00:00+00:00,2008-11-24 21:02:00+00:00,False,e52b3a8df99afc5b27bf820a831ddae7a1a1b974ebfddd745bbcdb9153a73b0d
ggz08_1min_2008-11-25_2008-12-04.csv,ggz08,2008-11-25,2008-12-04,6402,20459940,20473742,2008-11-25 07:00:00+00:00,2008-12-04 21:02:00+00:00,False,e5ce8f4e1b06148df47889788b1ca0b19f567d2ad0fdbb2bca0b71cfd344cc8c
ggz09_1min_2009-09-07_2009-10-01.csv,ggz09,2009-09-07,2009-10-01,15351,20871720,20907122,2009-09-07 06:00:00+00:00,2009-10-01 20:02:00+00:00,False,bef2415c4a971def48d5f8bfaef8f51d5711ccefc0fb85be6fd42f40a91987a6
ggz09_1min_2009-10-02_2009-10-28.csv,ggz09,2009-10-02,2009-10-28,15419,20907720,20946062,2009-10-02 06:00:00+00:00,2009-10-28 21:02:00+00:00,False,c4b30a08157fd99ce9d674c5c0d5fecef2cc60cd5031b6c91386975d1a0b9ace
ggz09_1min_2009-10-29_2009-11-24.csv,ggz09,2009-10-29,2009-11-24,15280,20946660,20984943,2009-10-29 07:00:00+00:00,2009-11-24 21:03:00+00:00,False,c7f257b74504a06d6e4e4059744120a173f6d19ed10f1cf5c5ebf3ba46d0a3d1
ggz09_1min_2009-11-25_2009-12-07.csv,ggz09,2009-11-25,2009-12-07,7157,20985540,21003662,2009-11-25 07:00:00+00:00,2009-12-07 21:02:00+00:00,False,870f81bf661670ddfd829a47d7eb092e4ece2774b4dcf8f89f4739810efefb26
ggz10_1min_2010-09-07_2010-10-01.csv,ggz10,2010-09-07,2010-10-01,15450,21397321,21432719,2010-09-07 06:01:00+00:00,2010-10-01 19:59:00+00:00,False,c4220bfcd7a3cad6859fc476872604aeecbcab4d65b625cc6bd3e0f899915bdb
ggz10_1min_2010-10-04_2010-10-28.csv,ggz10,2010-10-04,2010-10-28,15317,21436201,21471599,2010-10-04 06:01:00+00:00,2010-10-28 19:59:00+00:00,False,1287e5c547a51959b8c2ce6c83b14c046bc0f1a41e2c153154cf81e81da2812b
ggz10_1min_2010-10-29_2010-11-24.csv,ggz10,2010-10-29,2010-11-24,15447,21472201,21510539,2010-10-29 06:01:00+00:00,2010-11-24 20:59:00+00:00,False,8694f4746a3efc26428ac8374a6aa3575bda5e5bf04aa97a056c9eef4b295019
ggz10_1min_2010-11-25_2010-12-06.csv,ggz10,2010-11-25,2010-12-06,6457,21511141,21527819,2010-11-25 07:01:00+00:00,2010-12-06 20:59:00+00:00,False,7cb3ea7b426b59ccf1c35f2b79fbe425967b6164ead1a481b32a53f55ae3f1ff
ggz11_1min_2011-09-07_2011-10-03.csv,ggz11,2011-09-07,2011-10-03,15699,21922921,21961203,2011-09-07 06:01:00+00:00,2011-10-03 20:03:00+00:00,False,d1e57ebd3b63aa932ef798480984c2fc2c19580b207c1c743033c998f26a09df
ggz11_1min_2011-10-04_2011-10-31.csv,ggz11,2011-10-04,2011-10-31,16367,21961801,22001583,2011-10-04 06:01:00+00:00,2011-10-31 21:03:00+00:00,False,ba49c6d68ef89257cd09938ec42d800fec587cfb926be97b8e3ebe5d9f39d684
ggz11_1min_2011-11-01_2011-11-25.csv,ggz11,2011-11-01,2011-11-25,15579,22002181,22037584,2011-11-01 07:01:00+00:00,2011-11-25 21:04:00+00:00,False,eb11d92e84ca32c9c105896dde760f4f370d7553a4b21f75e5ef013e2531fafc
ggz11_1min_2011-11-28_2011-12-06.csv,ggz11,2011-11-28,2011-12-06,5781,22041061,22053423,2011-11-28 07:01:00+00:00,2011-12-06 21:03:00+00:00,False,22b9133f954909a2d37728e571a595c820de1214a7048af1162027527bf7011a
ggz12_1min_2012-09-05_2012-10-01.csv,ggz12,2012-09-05,2012-10-01,15553,22447081,22485364,2012-09-05 06:01:00+00:00,2012-10-01 20:04:00+00:00,False,84e7600ff05001e3f32a0876dd9dcee5b59a834035a679c3ee4819aa3d048c3f
ggz12_1min_2012-10-02_2012-10-26.csv,ggz12,2012-10-02,2012-10-26,15566,22485961,22521363,2012-10-02 06:01:00+00:00,2012-10-26 20:03:00+00:00,False,2f991abc9856ffd0d112d5e911848cf80e062710ce7f2525da12d9c25d164e8a
ggz12_1min_2012-10-29_2012-11-22.csv,ggz12,2012-10-29,2012-11-22,15376,22524901,22560303,2012-10-29 07:01:00+00:00,2012-11-22 21:03:00+00:00,False,8d964b0818fbc5e19928601014c1f0fff823173b97c54a19062b4eddd4002eb8
ggz12_1min_2012-11-23_2012-12-06.csv,ggz12,2012-11-23,2012-12-06,7351,22560901,22579889,2012-11-23 07:01:00+00:00,2012-12-06 11:29:00+00:00,False,910ea748321079d7d6f348117f69825be0f634d79543177875cdf93634f4fd44
ggz13_1min_2013-09-05_2013-10-01.csv,ggz13,2013-09-05,2013-10-01,15574,22972681,23010963,2013-09-05 06:01:00+00:00,2013-10-01 20:03:00+00:00,False,cd8e18a4e347b2cf761709ae860c34e234ee49b7fded84775e32274cbcf6233b
ggz13_1min_2013-10-02_2013-10-28.csv,ggz13,2013-10-02,2013-10-28,15404,23011561,23049903,2013-10-02 06:01:00+00:00,2013-10-28 21:03:00+00:00,False,317105bfd0dbfedea4cabe7ee655de033bfa2313298fcd234938ad24368c9297
ggz13_1min_2013-10-29_2013-11-22.csv,ggz13,2013-10-29,2013-11-22,15271,23050501,23085903,2013-10-29 07:01:00+00:00,2013-11-22 21:03:00+00:00,False,31e2ecccc2b92a1c8d23fa1c1a48d1123baaf26efea4381eeede813bc959164e
ggz13_1min_2013-11-25_2013-12-04.csv,ggz13,2013-11-25,2013-12-04,6357,23089381,23103183,2013-11-25 07:01:00+00:00,2013-12-04 21:03:00+00:00,False,ae93b7a6f4d938dc984e5a4dbec767e3eeedd24167863650dc37b605b6d3d191
ggz14_1min_2014-09-05_2014-10-01.csv,ggz14,2014-09-05,2014-10-01,15418,23498281,23536563,2014-09-05 06:01:00+00:00,2014-10-01 20:03:00+00:00,False,795373b445a5d8efd00b1589a4d92a3e605710cac2a296595c5d31113923916d
ggz14_1min_2014-10-02_2014-10-28.csv,ggz14,2014-10-02,2014-10-28,15502,23537161,23575503,2014-10-02 06:01:00+00:00,2014-10-28 21:03:00+00:00,False,9b35b1960236430f389353eb573a3bb6069cd317efb578b5a46c60faf29da267
ggz14_1min_2014-10-29_2014-11-24.csv,ggz14,2014-10-29,2014-11-24,15188,23576101,23614383,2014-10-29 07:01:00+00:00,2014-11-24 21:03:00+00:00,False,bbd1b90105897f7b602254825e73f80795351b4ad9fa7241b1fea4d2ffee8033
ggz14_1min_2014-11-25_2014-12-04.csv,ggz14,2014-11-25,2014-12-04,6264,23614981,23628779,2014-11-25 07:01:00+00:00,2014-12-04 20:59:00+00:00,False,3c855bc9f59db91aa3eb2f4a08e74fc5727ddc8412c9131ca3a4d214e8d13bda
ggz15_1min_2015-09-07_2015-10-01.csv,ggz15,2015-09-07,2015-10-01,15644,24026761,24062163,2015-09-07 06:01:00+00:00,2015-10-01 20:03:00+00:00,False,ec890e65ae5366844219db87d3c65d6a65604db1764a4ee1831e6b266eb6d5ee
ggz15_1min_2015-10-02_2015-10-28.csv,ggz15,2015-10-02,2015-10-28,15597,24062761,24101103,2015-10-02 06:01:00+00:00,2015-10-28 21:03:00+00:00,False,27d8cd7f025e84004b89e80cc7ec8ca3aac3b3df42d64bc6a155451c975ba8d1
ggz15_1min_2015-10-29_2015-11-24.csv,ggz15,2015-10-29,2015-11-24,15531,24101701,24139983,2015-10-29 07:01:00+00:00,2015-11-24 21:03:00+00:00,False,72cfeba53477f81027f55723d23ae489912fb634c6e0bdefd1735009764bfbb9
ggz15_1min_2015-11-25_2015-12-04.csv,ggz15,2015-11-25,2015-12-04,6370,24140581,24154383,2015-11-25 07:01:00+00:00,2015-12-04 21:03:00+00:00,False,ee49c3b67e6dd81bbf971abb5930f47b09d9cc1874e7c2d83aa4fd1ad86494aa
ggz16_1min_2016-09-07_2016-10-03.csv,ggz16,2016-09-07,2016-10-03,15682,24553801,24592083,2016-09-07 06:01:00+00:00,2016-10-03 20:03:00+00:00,False,11b0c4da0e3fe97bae5e461b5cb1dbbbc48683c7cf19dcb2acaa685a143fe834
ggz16_1min_2016-10-04_2016-10-28.csv,ggz16,2016-10-04,2016-10-28,15621,24592681,24628083,2016-10-04 06:01:00+00:00,2016-10-28 20:03:00+00:00,False,cae7ada3255f6d7b26b7915f36786bc2165d38bd5c2b899f47806436e6061140
ggz16_1min_2016-10-31_2016-11-24.csv,ggz16,2016-10-31,2016-11-24,15628,24631621,24667023,2016-10-31 07:01:00+00:00,2016-11-24 21:03:00+00:00,False,292d1cd06255dd08966e6237bfe73c3e5e481a385312a36b8120b24eb0907aa3
ggz16_1min_2016-11-25_2016-12-06.csv,ggz16,2016-11-25,2016-12-06,6561,24667621,24684303,2016-11-25 07:01:00+00:00,2016-12-06 21:03:00+00:00,False,96e8cb7a2cdcdd00c930904b6f557184694c56eb084a17c19f5a3a905fe39dce
ggz17_1min_2017-09-06_2017-10-02.csv,ggz17,2017-09-06,2017-10-02,15609,25077961,25116243,2017-09-06 06:01:00+00:00,2017-10-02 20:03:00+00:00,False,7de4e169ba4c80ec6d557441fa27da2044994b8d5acaee2fe3eca29e484fd7f4
ggz17_1min_2017-10-03_2017-10-27.csv,ggz17,2017-10-03,2017-10-27,15491,25116841,25152243,2017-10-03 06:01:00+00:00,2017-10-27 20:03:00+00:00,False,77db9669f8c6c47620fa4c1d8064cc653fa30ac2dc750bf7af41d6ab6a082d5a
ggz17_1min_2017-10-30_2017-11-23.csv,ggz17,2017-10-30,2017-11-23,15416,25155781,25191183,2017-10-30 07:01:00+00:00,2017-11-23 21:03:00+00:00,False,c353d3aec6fe940fe714ea235c8f3d75de1b561f52459465f4faf9584f0a968f
ggz17_1min_2017-11-24_2017-12-05.csv,ggz17,2017-11-24,2017-12-05,6525,25191781,25208463,2017-11-24 07:01:00+00:00,2017-12-05 21:03:00+00:00,False,5bea40d3efb993178d90512754cccc0ff9813619aab6bf63d6f6a50e72a62747
ggz18_1min_2018-09-05_2018-10-01.csv,ggz18,2018-09-05,2018-10-01,15608,25602121,25640404,2018-09-05 06:01:00+00:00,2018-10-01 20:04:00+00:00,False,abb3b79e51dd0b5e6bcdba7cc9a3154f059db6ea3e1de341731898dbde01e788
ggz18_1min_2018-10-02_2018-10-26.csv,ggz18,2018-10-02,2018-10-26,15838,25641001,25676403,2018-10-02 06:01:00+00:00,2018-10-26 20:03:00+00:00,False,17e4efa0c363fd99f7b743f7ebf5be24d2792710567cad2cd2c85f50f3ba4717
ggz18_1min_2018-10-29_2018-11-22.csv,ggz18,2018-10-29,2018-11-22,15605,25679941,25715343,2018-10-29 07:01:00+00:00,2018-11-22 21:03:00+00:00,False,bedd4db67a40c84cb2bff0e1d99c2256ea7b2c8e0c5a646065a88ebe68f080d5
ggz18_1min_2018-11-23_2018-12-04.csv,ggz18,2018-11-23,2018-12-04,6134,25715941,25732623,2018-11-23 07:01:00+00:00,2018-12-04 21:03:00+00:00,False,1d60ecbd72df6c77ec9797873eba912bbc8f8c34f47ecc61dc972f48112ab89d
ggz19_1min_2019-09-04_2019-09-23.csv,ggz19,2019-09-04,2019-09-23,14777,26126220,26155019,2019-09-04 05:00:00+00:00,2019-09-24 04:59:00+00:00,False,34393259d6be2bdbda795a4bbbd79ac809a1eb1c488f3d640934ef4f069da820
ggz19_1min_2019-09-24_2019-10-11.csv,ggz19,2019-09-24,2019-10-11,14545,26155020,26180403,2019-09-24 05:00:00+00:00,2019-10-11 20:03:00+00:00,False,ed1d1b06c9857808e33a7ee626ce65981ac3c3fea6e1cdcf4bccdefc6f2cc011
ggz19_1min_2019-10-14_2019-10-31.csv,ggz19,2019-10-14,2019-10-31,14540,26183820,26209736,2019-10-14 05:00:00+00:00,2019-11-01 04:56:00+00:00,False,3f99c2e105122ee9944003f5b8abe6f2dfc91aff9a2b991c6ac5bad162f35aad
ggz19_1min_2019-11-01_2019-11-20.csv,ggz19,2019-11-01,2019-11-20,15344,26209744,26238599,2019-11-01 05:04:00+00:00,2019-11-21 05:59:00+00:00,False,85ef6ce64f0c3863439937d3b9ae4ed97a12e56381dda47066618ac2f6340e05
ggz19_1min_2019-11-21_2019-12-04.csv,ggz19,2019-11-21,2019-12-04,10206,26238600,26258759,2019-11-21 06:00:00+00:00,2019-12-05 05:59:00+00:00,False,f4e514c0ebb119b6b426fa13f42a836ac79d8dec00de382d1680a5818584dd71
ggz20_1min_2020-09-04_2020-09-23.csv,ggz20,2020-09-04,2020-09-23,14666,26653262,26682058,2020-09-04 05:02:00+00:00,2020-09-24 04:58:00+00:00,False,f733416f9248d2a4c6cc2614c82edac48822ca2e639d136d20277ceb43b0890d
ggz20_1min_2020-09-24_2020-10-13.csv,ggz20,2020-09-24,2020-10-13,14557,26682060,26710851,2020-09-24 05:00:00+00:00,2020-10-14 04:51:00+00:00,False,10b3a2e64504fba2efe0a08111194a00639ba2dba685945fa99cfd1c480d05b4
ggz20_1min_2020-10-14_2020-11-02.csv,ggz20,2020-10-14,2020-11-02,14903,26710860,26739716,2020-10-14 05:00:00+00:00,2020-11-03 05:56:00+00:00,False,1a27b76744570d7d86e8f798a562450e4a9335671afc5665079c11c598fbcdd2
ggz20_1min_2020-11-03_2020-11-20.csv,ggz20,2020-11-03,2020-11-20,15229,26739720,26765103,2020-11-03 06:00:00+00:00,2020-11-20 21:03:00+00:00,False,5434d6e413d9138c67d228ebfdfe4ebc8052cae8955f0695828f3f91e09be5fe
ggz20_1min_2020-11-23_2020-12-04.csv,ggz20,2020-11-23,2020-12-04,9964,26768520,26785263,2020-11-23 06:00:00+00:00,2020-12-04 21:03:00+00:00,False,301b838565f6744f510e3361e15ec63256cec232234686d4ed82d43972c882f9
ggz21_1min_2021-09-06_2021-09-23.csv,ggz21,2021-09-06,2021-09-23,14143,27181740,27207659,2021-09-06 05:00:00+00:00,2021-09-24 04:59:00+00:00,False,c84ccd8c2850ba62e59c2bd481564ddaaa894bf980d1d5ea23af76943e9d3afe
ggz21_1min_2021-09-24_2021-10-13.csv,ggz21,2021-09-24,2021-10-13,14828,27207660,27236459,2021-09-24 05:00:00+00:00,2021-10-14 04:59:00+00:00,False,aa40b7a008068d735e1a910c93897c9d82c7b13b963479fe585927001b47ee53
ggz21_1min_2021-10-14_2021-11-02.csv,ggz21,2021-10-14,2021-11-02,15456,27236460,27265259,2021-10-14 05:00:00+00:00,2021-11-03 04:59:00+00:00,False,654b44e8d69f6f929a2f9fc10e64881740744223700bf09febf14cb858e87bc5
ggz21_1min_2021-11-03_2021-11-22.csv,ggz21,2021-11-03,2021-11-22,15566,27265261,27294119,2021-11-03 05:01:00+00:00,2021-11-23 05:59:00+00:00,False,c2d75e5d6bfcda9008b48a1ddcd203525f11d11d9fdc059d9f736ce4ab48874c
ggz21_1min_2021-11-23_2021-12-06.csv,ggz21,2021-11-23,2021-12-06,11096,27294122,27314278,2021-11-23 06:02:00+00:00,2021-12-07 05:58:00+00:00,False,74d9e7e520c57f117117d489457b2fda29dc0e3f113e1163102da01ba838cece
ggz22_1min_2022-09-06_2022-09-23.csv,ggz22,2022-09-06,2022-09-23,15553,27707340,27732724,2022-09-06 05:00:00+00:00,2022-09-23 20:04:00+00:00,False,0f30d0202c0971c09e82761d5564234157aa501d73b1ace26d72a3bb67afe0d1
ggz22_1min_2022-09-26_2022-10-13.csv,ggz22,2022-09-26,2022-10-13,16102,27736140,27762059,2022-09-26 05:00:00+00:00,2022-10-14 04:59:00+00:00,False,0968716eb20f74e45203f828aee8d8f3c8950a20cc54d1f48dbb0c4e60ac8bcf
ggz22_1min_2022-10-14_2022-11-02.csv,ggz22,2022-10-14,2022-11-02,16167,27762060,27790859,2022-10-14 05:00:00+00:00,2022-11-03 04:59:00+00:00,False,6249d8e768ea43f42807c7346e1b565ab28f48c19cbf3147b2847bf93dfef881
ggz22_1min_2022-11-03_2022-11-22.csv,ggz22,2022-11-03,2022-11-22,16383,27790860,27819719,2022-11-03 05:00:00+00:00,2022-11-23 05:59:00+00:00,False,b57d339241d06afbb3aba278f8e0499835debe6716267a649d39d95091b064eb
ggz22_1min_2022-11-23_2022-12-06.csv,ggz22,2022-11-23,2022-12-06,11437,27819720,27839872,2022-11-23 06:00:00+00:00,2022-12-07 05:52:00+00:00,False,814f0b71af670b79044947539a1b14ee2864c4d29d1f743708fdf93ad3d46bb3
ggz23_1min_2023-09-06_2023-09-25.csv,ggz23,2023-09-06,2023-09-25,15228,28232940,28261738,2023-09-06 05:00:00+00:00,2023-09-26 04:58:00+00:00,False,41cf4b4d561e88554ee14673c00aa8a44822069086c1732d5e21c0fa39d3e222
ggz23_1min_2023-09-26_2023-10-13.csv,ggz23,2023-09-26,2023-10-13,15432,28261740,28287123,2023-09-26 05:00:00+00:00,2023-10-13 20:03:00+00:00,False,bd8a72b0d5e59e4b9b68efd64d6f5be6fe757050d35d6755d7c7e6bce8f975c6
ggz23_1min_2023-10-16_2023-11-02.csv,ggz23,2023-10-16,2023-11-02,16181,28290540,28316459,2023-10-16 05:00:00+00:00,2023-11-03 04:59:00+00:00,False,3b32a605bf97432b76b7d2a2bda4b91edfbfa4c0f4eb264cfd32f948c9fe613b
ggz23_1min_2023-11-03_2023-11-22.csv,ggz23,2023-11-03,2023-11-22,16393,28316460,28345314,2023-11-03 05:00:00+00:00,2023-11-23 05:54:00+00:00,False,a14ef0e5b14539f1a7c82713e68f2680e8adff3f5170d0d444f72ed6612e91a1
ggz23_1min_2023-11-23_2023-12-05.csv,ggz23,2023-11-23,2023-12-05,10041,28345321,28364010,2023-11-23 06:01:00+00:00,2023-12-06 05:30:00+00:00,False,17b09393222b165b458ee9e0c268151608ed87d4d288bd7ccb5c63abb64a5cb5
ggz24_1min_2024-09-05_2024-09-24.csv,ggz24,2024-09-05,2024-09-24,15666,28758540,28787339,2024-09-05 05:00:00+00:00,2024-09-25 04:59:00+00:00,False,8567489a72ae612c7eb810e2b366bf3e65debc5a2e3216b2f700b65fbc1cc92c
ggz24_1min_2024-09-25_2024-10-14.csv,ggz24,2024-09-25,2024-10-14,15537,28787341,28816132,2024-09-25 05:01:00+00:00,2024-10-15 04:52:00+00:00,False,bfcffd4123e76d7e9480a53060a7be9292dc15309805dc28164e09a41108e841
ggz24_1min_2024-10-15_2024-11-01.csv,ggz24,2024-10-15,2024-11-01,15654,28816141,28841579,2024-10-15 05:01:00+00:00,2024-11-01 20:59:00+00:00,False,3fa4c35fc923ecf236076741aa56bd44cc80523b7ca5c25051ec53814ca37f69
ggz24_1min_2024-11-04_2024-11-21.csv,ggz24,2024-11-04,2024-11-21,16477,28845000,28870919,2024-11-04 06:00:00+00:00,2024-11-22 05:59:00+00:00,False,de5ba1d52d3756b6692b0ae5552edeb66ba7b06339ae3c49417d9440ce8f2828
ggz24_1min_2024-11-22_2024-12-04.csv,ggz24,2024-11-22,2024-12-04,10196,28870920,28889639,2024-11-22 06:00:00+00:00,2024-12-05 05:59:00+00:00,False,505400207c873df3db28638e86419f5f271a23ceca1fdc5aedc7eddf8432cf61
ggz25_1min_2025-09-04_2025-09-23.csv,ggz25,2025-09-04,2025-09-23,14166,29282700,29311497,2025-09-04 05:00:00+00:00,2025-09-24 04:57:00+00:00,False,0080594f12a11dc70dac65bc37c783622ec66372c1a782cb26b57a6e5681c826
ggz25_1min_2025-09-24_2025-10-13.csv,ggz25,2025-09-24,2025-10-13,13987,29311500,29340299,2025-09-24 05:00:00+00:00,2025-10-14 04:59:00+00:00,False,d11e07f574ea8fed764f4ca422ba1a99b2c59d13679fb142c8ba825eb4e2d140
ggz25_1min_2025-10-14_2025-10-31.csv,ggz25,2025-10-14,2025-10-31,14221,29340300,29365743,2025-10-14 05:00:00+00:00,2025-10-31 21:03:00+00:00,False,2bc3f18ac9d5b3439a11467dd6746013cdb7ba12bcf47877b82946d26211f00f
ggz25_1min_2025-11-03_2025-11-20.csv,ggz25,2025-11-03,2025-11-20,14483,29369160,29395078,2025-11-03 06:00:00+00:00,2025-11-21 05:58:00+00:00,False,f5495d8dcdf27c5bf095f60b4c0e057842d677bcafefae4d9922dc5bf5bd98c2
ggz25_1min_2025-11-21_2025-12-04.csv,ggz25,2025-11-21,2025-12-04,9434,29395080,29415224,2025-11-21 06:00:00+00:00,2025-12-05 05:44:00+00:00,False,83c609244bf9c95caab8b3277b79b92ef305a0fc30d9a5f63634e49ec5202160
