sample,measure,n_events,status,abs_u_estimate,abs_u_p_wild,abs_z_estimate,abs_z_p_wild,u_estimate,u_p_wild,z_estimate,z_p_wild,mse_degree2,mse_degree1,mse_quadratic_angles_radial1,folds_won_by_degree1,folds_won_by_radial1_quadratic_angles,n_folds,mp_minus_cbi_degree1_r1,mp_minus_cbi_degree2_r1
H_2000_2012,BV,170,observed_after_opening,0.31774162593346855,5e-05,0.657395345429157,0.0034,0.04561218860144496,0.3526,0.10520994388980699,0.3411,0.8840413121199344,0.7406936153034416,0.7070575067112352,10,11,13,-0.07574722695825642,-0.021977766967658963
H_2000_2012,BV_excl1,170,observed_after_opening,0.31092850190700566,5e-05,0.6309013025047328,0.0037,0.04342795398685714,0.3813,0.1187318372060963,0.284,0.8873493587267716,0.720608416700573,0.6962273817742115,11,11,13,-0.09547870234553085,-0.02664733117848228
H_2000_2012,BV_excl2,170,observed_after_opening,0.2892342330277687,5e-05,0.6641697092523748,0.00225,0.046987868647106405,0.3206,0.1485496145707697,0.1912,0.8735780590744333,0.7101331672882698,0.6876653861268873,11,11,13,-0.0968695676302408,-0.027648530362357773
H_2000_2012,BV_excl5,170,observed_after_opening,0.26333282787252354,0.0001,0.6986848745691703,0.00075,0.035818549220754864,0.4397,0.19823891919633702,0.07715,0.925447639603707,0.796432290440718,0.7760726210535375,11,11,13,-0.08903233603957716,-0.03024533526717728
H_2000_2012,RV,170,observed_after_opening,0.2912476450986334,5e-05,0.5672139312521759,0.0047,0.031078264397384016,0.4588,0.05772698713243721,0.56035,0.7642583784962835,0.5668607911241633,0.5255509028204568,11,12,13,-0.06823499281769213,-0.020780396378974622
H_2000_2012,MedRV,170,observed_after_opening,0.271745736111712,5e-05,0.5610909316641762,0.00315,0.03230417507758712,0.4471,0.12721994232246753,0.17535,0.6049219947418994,0.5170329065817227,0.4882377987575881,9,11,13,-0.04819903669160902,-0.01431516231925306
H_2000_2012,MinRV,170,observed_after_opening,0.280823657337036,5e-05,0.6084762137788792,0.00385,0.05056880604639375,0.28105,0.11828698283613624,0.25345,0.6952304280906735,0.6113204485598032,0.579899669446741,9,11,13,-0.0485956676547426,-0.014924155296146158
H_2000_2012,TBV_prewindow,167,observed_after_opening,0.06079044512356918,0.2515,0.1900602139916167,0.2669,0.0830180695231126,0.03125,-0.05783302846447849,0.5929,0.7203990940400687,0.5726891238922367,0.5905923895431658,8,8,13,0.03904296763277437,0.001371479312048552
H_2000_2012,TBV_postwindow,170,observed_after_opening,0.3157151386573339,5e-05,0.6358386523250474,0.0053,0.05309296594678667,0.26205,0.12296112273199114,0.2877,0.8542753407376492,0.7455097650787859,0.7232942079128463,9,10,13,-0.008439122203598548,-0.012258977167610027
H_2000_2012,VOL,170,observed_after_opening,0.21232306382584165,5e-05,0.5033739751641322,0.001,-0.03640059608346874,0.2554,0.12897966366949148,0.0843,0.529312441089025,0.3770272215940519,0.3736237200384442,13,12,13,-0.07317917329796458,-0.026547388719418252
H_2000_2012,BV5_from_1min,160,observed_after_opening,0.37274835743746276,0.00105,0.6912037987542643,0.00505,-0.010795612518454569,0.869,0.08402230360999803,0.5837,1.6451161016844773,1.1331675208168177,1.1329690383181006,13,12,13,-0.17952212275439405,-0.06748324628835523
G_2013_2025,BV,111,observed_after_opening,0.24590171607126746,0.00085,0.6204053610179486,0.01735,0.08623465887501823,0.1466,0.2987958401897551,0.09045,2.307688643520178,0.9886798422555787,1.0019518485060106,10,10,13,0.14980087305489564,0.04685601778842739
G_2013_2025,BV_excl1,111,observed_after_opening,0.18944622317401713,0.00385,0.5918894254566164,0.01935,0.09329504948148792,0.0914,0.26789264276861235,0.09235,1.6173301455805473,0.8653799869750224,0.8848375525568264,10,10,13,0.09323566683391982,0.023476633784856038
G_2013_2025,BV_excl2,111,observed_after_opening,0.15564058141951342,0.01635,0.6180790119624866,0.0152,0.09317906452226345,0.0879,0.2504353273731944,0.10295,1.6656861870517536,0.857073019304578,0.881480196923509,9,9,13,0.04970257497130681,0.01918172585498895
G_2013_2025,BV_excl5,111,observed_after_opening,0.13070784738446886,0.03655,0.5310499775922066,0.02325,0.07898139543685048,0.14925,0.21267393021020523,0.1194,1.4323452048245946,0.8442546660285271,0.8750058036946496,10,9,13,0.051000379003864504,0.015312323808621492
G_2013_2025,RV,111,observed_after_opening,0.24261459619276246,0.0005,0.695283097091106,0.0095,0.0754535190646922,0.22295,0.22516151007874183,0.19055,2.561070794888288,0.9877376730347194,1.0112269975231465,10,10,13,0.14152396279321733,0.06300372557371202
G_2013_2025,MedRV,111,observed_after_opening,0.19284088198461316,0.0043,0.6382991326240028,0.01275,0.09323224134996551,0.09125,0.24733142418301063,0.12415,1.4202674734063048,0.8589234499984304,0.8559297557757024,9,9,13,0.12981211273277338,0.031819952674331395
G_2013_2025,MinRV,111,observed_after_opening,0.2432950176583013,0.0016,0.5198089805234429,0.03235,0.09288542763919237,0.1191,0.3422442558871863,0.0716,1.853668072025515,0.9913731916267614,1.0068631697832897,10,10,13,0.10384699812859599,0.026419447180869415
G_2013_2025,TBV_prewindow,111,observed_after_opening,0.061780667355524836,0.1885,-0.18031899900971132,0.16705,0.013086273051460361,0.7255,-0.16107059041064709,0.15095,0.5204713791704714,0.558666940109156,0.47485552814156917,3,5,13,0.10766114963651666,0.04237191042817939
G_2013_2025,TBV_postwindow,111,observed_after_opening,0.17391198974001562,0.006,0.6074279144457401,0.03025,0.07793107673531102,0.15655,0.277467694741438,0.0999,1.4708872547081357,0.9292117191451789,0.94464481861144,10,9,13,0.10888772143491199,0.0323644489276247
G_2013_2025,VOL,111,observed_after_opening,0.16093252851559325,5e-05,0.3130575680350089,0.01075,0.06624022195708434,0.02555,0.26790541767489223,0.00155,1.1530982819501892,0.29762967404067575,0.29989114826285324,10,10,13,0.06785284096149752,0.03775699129447843
G_2013_2025,BV5_from_1min,111,observed_after_opening,0.3047050557910698,0.00045,0.8598231894928186,0.0014,0.07433673619451009,0.2578,0.08372509426704719,0.57435,2.7963133932357582,1.370809324069716,1.318274245434683,11,11,13,0.2122856146000347,0.07319562113141684
