year,absolute_angles_radial2,degree1_absolute,degree2_quadratic,quadratic_angles_radial1,difference_deg1_minus_deg2,difference_radial1_minus_radial2_quadratic_angles,difference_radial1_minus_radial2_absolute_angles,sample,measure
2000,1.1332734145486856,1.068755699340204,1.0983196162611577,1.0313349573253023,-0.029563916920953615,-0.06698465893585537,-0.06451771520848149,H_2000_2012,MedRV
2001,0.8741151428933934,0.7058674381859081,0.9529989575812027,0.7650835314688161,-0.24713151939529454,-0.18791542611238654,-0.1682477047074853,H_2000_2012,MedRV
2002,0.272049754800086,0.3740408630289945,0.3184856116707311,0.4093955093144341,0.05555525135826339,0.090909897643703,0.1019911082289085,H_2000_2012,MedRV
2003,0.8804552387814397,0.4692688707216336,0.5594007635457159,0.37591118504757326,-0.0901318928240823,-0.18348957849814262,-0.41118636805980613,H_2000_2012,MedRV
2004,0.41245816665745777,0.40761209148899996,0.3940348520988968,0.36397918989813477,0.013577239390103135,-0.030055662200762057,-0.0048460751684578085,H_2000_2012,MedRV
2005,0.40449830644436346,0.30048436517780513,0.40435499329143915,0.3056640480122547,-0.10387062811363401,-0.09869094527918443,-0.10401394126655833,H_2000_2012,MedRV
2006,0.2654102068982552,0.2593120602127082,0.25810557891552444,0.24658774632593508,0.001206481297183759,-0.011517832589589355,-0.006098146685546979,H_2000_2012,MedRV
2007,0.5330543504292137,0.41917979610781825,0.5411456335134909,0.43492282115313324,-0.12196583740567263,-0.10622281236035763,-0.11387455432139543,H_2000_2012,MedRV
2008,0.6336818391249418,0.7832871016964731,0.5858633027086182,0.5611659169572308,0.1974237989878549,-0.024697385751387357,0.14960526257153128,H_2000_2012,MedRV
2009,1.012222366854462,0.8383585361250966,0.9750828837255626,0.8078266979993063,-0.13672434760046603,-0.16725618572625633,-0.1738638307293655,H_2000_2012,MedRV
2010,0.5149572809340178,0.45923709517424266,0.5113653441756775,0.44902150401853064,-0.05212824900143481,-0.062343840157146835,-0.055720185759775165,H_2000_2012,MedRV
2011,1.3341814130856646,0.4913210234961453,1.1018629665002873,0.42854518423142807,-0.6105419430041419,-0.6733177822688592,-0.8428603895895193,H_2000_2012,MedRV
2012,0.16458267157612455,0.14470284480636622,0.16296542765638758,0.16765309209656498,-0.01826258285002136,0.004687664440177403,-0.01987982676975833,H_2000_2012,MedRV
