contract,five_minute_file,five_minute_sha256,n_compared,volume_match_interval_start,price_match_interval_start,volume_match_interval_end,price_match_interval_end,status
ggh00,ggh00_intraday-5min_historical-data-09-12-2026.csv,bd61f50e7b7f22df8f985963807fefb284751a05f0871cfb202ff4717fd0724c,6201,1.0,1.0,0.0017739074342847927,0.30898242218996935,interval_start
ggh01,ggh01_intraday-5min_historical-data-09-12-2026.csv,62e9e47d73ebacda0a2f101175445a01828d2af4b87398df650af4a92a9c4bc9,8050,1.0,1.0,0.003975155279503106,0.43850931677018634,interval_start
ggh02,ggh02_intraday-5min_historical-data-09-12-2026.csv,8c80ee5f2087185e93b86ddcd69471cbe0838ab25d19dfbbed2f3900954da707,8876,1.0,1.0,0.06297881928796756,0.40874267688147814,interval_start
ggh03,ggh03_intraday-5min_historical-data-09-12-2026.csv,535cc8e6efcd9a497fa4329d0a763636de80fe45bd15a0616652ab6763a830f0,8701,1.0,1.0,0.041719342604298354,0.3996092403172049,interval_start
ggh04,ggh04_intraday-5min_historical-data-09-12-2026.csv,6dabd95db04896bd1ef9b55d95ae0d0c23b41a80d85ef0ec0a3bc67f01507b8e,7669,1.0,1.0,0.0015647411657321686,0.4183074716390664,interval_start
ggh05,ggh05_intraday-5min_historical-data-09-12-2026.csv,2234b962836db51638c4c780f94c553021f305eaad01b5fd6095c1cf550fee58,8219,1.0,1.0,0.008395181895607739,0.4036987468061808,interval_start
ggh06,ggh06_intraday-5min_historical-data-09-12-2026.csv,327de85ae9e875ad666e12764fb5fa881dc9bfdfc3f9b38d702630e54363d420,10440,1.0,1.0,0.028352490421455937,0.46599616858237547,interval_start
ggh07,ggh07_intraday-5min_historical-data-09-12-2026.csv,ffef492260f307009dc2d4fab3faf32232794ebb2e397ca2a0653ff6e10fa8aa,10341,1.0,1.0,0.037617251716468424,0.4803210521226187,interval_start
ggh08,ggh08_intraday-5min_historical-data-09-12-2026.csv,7b47a6eff28bb045534c09ffde0d183c29638d58d6187085ce9d0e9898ec4912,10071,1.0,1.0,0.011220335617118458,0.3410783437593089,interval_start
ggh09,ggh09_intraday-5min_historical-data-09-12-2026.csv,a74b31b4e1f1efbb72448a8cc22d762a20ba33e32e81e48b3d65ce3884007c74,9696,1.0,1.0,0.020317656765676567,0.2595915841584158,interval_start
ggh10,ggh10_intraday-5min_historical-data-09-12-2026.csv,c46a3f0137f0b1cc6f68d379bd26cd16b2d11d278dbd22ad1f816ef9e7e2eb18,9850,1.0,1.0,0.015736040609137057,0.39086294416243655,interval_start
ggh11,ggh11_intraday-5min_historical-data-09-12-2026.csv,404f8129a164dad08fdb3142504cdc946f7f63b19c9258156f72f33becd57751,10325,1.0,1.0,0.008523002421307506,0.31409200968523004,interval_start
ggh12,ggh12_intraday-5min_historical-data-09-12-2026.csv,d73a79203dc7eccb48f8bb752880c5edba48ecc6b760a8131b7af4e56ea17652,12904,1.0,1.0,0.07633292002479851,0.3355548667079975,interval_start
ggh13,ggh13_intraday-5min_historical-data-03-24-2026.csv,f3e15848f86715e4ba531e23362de972537bf28eb337b5cde787dd3dfbe10d53,11670,1.0,1.0,0.061525278491859466,0.3658954584404456,interval_start
ggh14,ggh14_intraday-5min_historical-data-03-24-2026.csv,7a64a0c4e1b755b7d68fda3fdada00ecca455e41e941a26e881aa0adc120c48c,9948,1.0,1.0,0.019702452754322478,0.40178930438279054,interval_start
ggh15,ggh15_intraday-5min_historical-data-03-24-2026.csv,c96882ac74d194f862c6188485c63ef7845428a2ac62eb6cddbc8317aa8a592a,9938,1.0,1.0,0.013282350573556048,0.34735359227208695,interval_start
ggh16,ggh16_intraday-5min_historical-data-03-24-2026.csv,d985e718da088e490ebff35c8f40d499dc74b6576a623d26fe84538c01becaae,10281,1.0,1.0,0.012936484777745356,0.27935025775702754,interval_start
ggh17,ggh17_intraday-5min_historical-data-03-24-2026.csv,3c20062410ac72a06d69be96bbdda6bdec9e631170267051df952706751484e8,10627,1.0,1.0,0.012797591041686271,0.3029076879646184,interval_start
ggh18,ggh18_intraday-5min_historical-data-03-24-2026.csv,8da89f146165ec61c6f1fbf0192a64c4bc46d718898fc073b75170002a8aa8e6,10446,1.0,1.0,0.013785180930499713,0.3575531303848363,interval_start
ggh19,ggh19_intraday-5min_historical-data-03-24-2026.csv,ccd74710fa96647948746a3ac7774e4954330be5b45e15adf95339ec9d478759,14127,1.0,1.0,0.09067742620513909,0.4762511502796064,interval_start
ggh20,ggh20_intraday-5min_historical-data-03-24-2026.csv,5a1b88e37e3fcdbb23141acd12aba0c64c8a3a6396f9a69cdecff8a3375f839d,14631,1.0,1.0,0.03875333196637277,0.40885790444945663,interval_start
ggh21,ggh21_intraday-5min_historical-data-03-24-2026.csv,e56b3e91121e8522e50240837dbca2f8521b1eb925cce8148d639ebc266c27c2,14642,1.0,1.0,0.05934981559896189,0.44795792924463873,interval_start
ggh22,ggh22_intraday-5min_historical-data-03-24-2026.csv,2bd6f49d399a9fbe217f0cb9832293c3dc7613c54c13c7018e3537507329ad1f,15271,1.0,1.0,0.039814026586340125,0.3479143474559623,interval_start
ggh23,ggh23_intraday-5min_historical-data-03-24-2026.csv,6345c1aa062e1ecb599c2ae874eddc96b055a909c144fa0fb95e60730694b06c,15307,1.0,1.0,0.027765074802377998,0.3084863134513621,interval_start
ggh24,ggh24_intraday-5min_historical-data-03-24-2026.csv,55dc8da2a0d89c5d9a9b30b6d20702c1dbaf0df25859344b7ed36c94b5851af4,15406,1.0,1.0,0.03420745164221732,0.37732052447098535,interval_start
ggh25,ggh25_intraday-5min_historical-data-03-24-2026.csv,b1331ce9f042c82da6574c8773a09cf990ef58b32ad9cbedd9991dbc057f389e,14384,1.0,1.0,0.03225806451612903,0.40524193548387094,interval_start
ggh26,ggh26_intraday-5min_historical-data-09-05-2026.csv,d990a67745aaf371b27c31c73bd47aa567824c205f6f3bc0a8fca21c98b7e2a3,14360,1.0,1.0,0.05745125348189415,0.5037604456824513,interval_start
ggm00,ggm00_intraday-5min_historical-data-09-12-2026.csv,f3e493161fc021a65a10edda05f080402d7857ed55693f93eedc497be051542e,8251,1.0,1.0,0.0008483820143012969,0.37098533511089565,interval_start
ggm01,ggm01_intraday-5min_historical-data-09-12-2026.csv,e83344d41e649947e1cf196e6bfe32e4b543ee3f80c7f083605d581a38ac96af,7719,1.0,1.0,0.0036274128773157144,0.4323098847000907,interval_start
ggm02,ggm02_intraday-5min_historical-data-09-12-2026.csv,53b63eed08572b2f5171a54d6dec55f6451a434f736d2cf0c4fb846aa7251f17,8140,1.0,1.0,0.0022113022113022115,0.4382063882063882,interval_start
ggm03,ggm03_intraday-5min_historical-data-09-12-2026.csv,7109c3a886f33f1690a05d1a20b549c041e25d59913e3ecbc9c19239a99dd729,8194,1.0,1.0,0.00061020258725897,0.3343910178179155,interval_start
ggm04,ggm04_intraday-5min_historical-data-09-12-2026.csv,3e0192537aed792bc952c4169b121af3c29f2148c7fde36eacbafa1bd7f132a8,8367,1.0,1.0,0.008007649097645512,0.43336918847854666,interval_start
ggm05,ggm05_intraday-5min_historical-data-09-12-2026.csv,3139c3d65216ca6699b64ea77f4282e9cb74ec67bc2a22a0e174e17888f84c3c,8509,1.0,1.0,0.008109060994241392,0.4220237395698672,interval_start
ggm06,ggm06_intraday-5min_historical-data-09-12-2026.csv,e4a9f4975e04ceb40a0d47bd7961a53d4c8fc8851e4529b01a74e7f94a9dde20,10583,1.0,1.0,0.034489275252763865,0.45091183974298404,interval_start
ggm07,ggm07_intraday-5min_historical-data-09-12-2026.csv,2ad093481325c992fa7e3afbd0f2cf2b71b400068dff514efd0a7f5edd7f9d6b,10252,1.0,1.0,0.03940694498634413,0.5038041357783847,interval_start
ggm08,ggm08_intraday-5min_historical-data-09-12-2026.csv,eca3246dc20126293be30d4bb133913949c4c443538dab542450a322b0374354,10627,1.0,1.0,0.017314387879928485,0.34581725792791945,interval_start
ggm09,ggm09_intraday-5min_historical-data-09-12-2026.csv,fac209bf7b861cb54eb13f19ccc083dd32434cb514575be7e06b5ccf2eb50d7f,10797,1.0,1.0,0.019542465499675837,0.3088820968787626,interval_start
ggm10,ggm10_intraday-5min_historical-data-09-12-2026.csv,fd56f791c1a321819edac4912cbdd5a41bc2300d943eb9486b512ad315fda0b2,10698,1.0,1.0,0.012619181155356141,0.3597868760515984,interval_start
ggm11,ggm11_intraday-5min_historical-data-09-12-2026.csv,782d3c756a3a50d86ce6ace262c06b46e9e77a0e5b45da16737a086c809c26db,10591,1.0,1.0,0.010386176942687187,0.3669153054480219,interval_start
ggm12,ggm12_intraday-5min_historical-data-09-12-2026.csv,02a3ac953d5182cd0a85a2f831ff2c12ead621e06e043118bfa5d513fd838d54,10464,1.0,1.0,0.010321100917431193,0.30896406727828746,interval_start
ggm13,ggm13_intraday-5min_historical-data-03-24-2026.csv,4bacedc49e4e2e34ae12d9e8614e763da395349e91f1344a3ae915b210e79b38,10392,1.0,1.0,0.012028483448806774,0.3464203233256351,interval_start
ggm14,ggm14_intraday-5min_historical-data-03-24-2026.csv,4466a6a2da382b60bf61127b31a8241244ae4723d3113c20cea3e3f0713f0e5c,10616,1.0,1.0,0.018933685003767898,0.400621703089676,interval_start
ggm15,ggm15_intraday-5min_historical-data-03-24-2026.csv,24bdd5328eb15674e7c7f9803e1595bd829d02d30524e5e3bc5024722c73ffab,10457,1.0,1.0,0.016830831022281726,0.3229415702400306,interval_start
ggm16,ggm16_intraday-5min_historical-data-03-24-2026.csv,154c16f3cfc3152acb8f9e7c88cfc67ed092ecf64fe49e04a762c9e37d5ba6d5,10803,1.0,1.0,0.011941127464593169,0.33027862630750715,interval_start
ggm17,ggm17_intraday-5min_historical-data-03-24-2026.csv,3b674536f37492bddc02e1c1e29e7da065b62512bfc29e440183086c34d091bc,10636,1.0,1.0,0.011094396389620158,0.34524257239563744,interval_start
ggm18,ggm18_intraday-5min_historical-data-03-24-2026.csv,8b28b9735e0ac2e444d25ceec0cbd8c9cf9901c88ce63a35fc213f57edb85c1e,10452,1.0,1.0,0.011576731725985457,0.3642365097588978,interval_start
ggm19,ggm19_intraday-5min_historical-data-03-24-2026.csv,55b744ae2cf5f38dbc824d1c351b2b990307e956efcf05dfee678ce79a663d6d,14417,1.0,1.0,0.0757439134355275,0.46937643060276063,interval_start
ggm20,ggm20_intraday-5min_historical-data-03-24-2026.csv,8c438bf368e60fe6106b1cf2ceb11b6dbeac7d9cc02d5df3838897c821457ea0,14949,1.0,1.0,0.046625192320556556,0.31654291256940265,interval_start
ggm21,ggm21_intraday-5min_historical-data-03-24-2026.csv,a4d72901e4802e283748d5fce75225b1c27f662612cef5deec8c3d2981cd46d5,14816,1.0,1.0,0.05710043196544277,0.4488390928725702,interval_start
ggm22,ggm22_intraday-5min_historical-data-03-24-2026.csv,717ee8780c4de2fad807e30b838e67cba82ba88f27533b85c4e722ba46dd32f2,15342,1.0,1.0,0.023204275844088126,0.24807717377134664,interval_start
ggm23,ggm23_intraday-5min_historical-data-03-24-2026.csv,c0c42969308b33ffca31d1231c34a3667903746a572f3783de449f8b29a6fda5,15019,0.9999334176709501,1.0,0.026899260936147546,0.2930288301484786,interval_start
ggm24,ggm24_intraday-5min_historical-data-03-24-2026.csv,9a8302bd386ac6bd596d94e13b7cf8c79b905da8c09d538a687e2cf4240789bd,14875,1.0,1.0,0.0371764705882353,0.41008403361344536,interval_start
ggm25,ggm25_intraday-5min_historical-data-03-24-2026.csv,612a30236efd5535aa55c8a9e2efe7d4869023b9133587675ed6070e6535f3f3,15024,1.0,1.0,0.02862087326943557,0.3722044728434505,interval_start
ggm26,ggm26_intraday-5min_historical-data-09-05-2026.csv,63e4a1394ef80df0b028e75748c90f4c3b55171b4ed6d5f8562a7a408dbe9eb1,2730,1.0,1.0,0.017216117216117217,0.35201465201465204,interval_start
ggu00,ggu00_intraday-5min_historical-data-09-12-2026.csv,d530882b8b299a44c97b6ff7a969b142661e29946f733969bf12a7e1a0cb7adb,8540,1.0,1.0,0.004449648711943794,0.42903981264637003,interval_start
ggu01,ggu01_intraday-5min_historical-data-09-12-2026.csv,ee6c12c3439726ddc9b65e742df8042b64a3aa6f8f3fc1e4edcd8820c57ccc88,8496,1.0,1.0,0.006944444444444444,0.4691619585687382,interval_start
ggu02,ggu02_intraday-5min_historical-data-09-12-2026.csv,a68523a682b853d79f35b13089a8e6059bb38101506ec915f57193c518e1cad4,8565,1.0,1.0,0.00198482194979568,0.3922942206654991,interval_start
ggu03,ggu03_intraday-5min_historical-data-09-12-2026.csv,cc4a82c312ea5b301d2522683a7e8a84cbfc3bb91ab944b0929d088e36d5aff3,8708,1.0,1.0,0.00045934772622875517,0.3183279742765273,interval_start
ggu04,ggu04_intraday-5min_historical-data-09-12-2026.csv,d7285e9f28641168158ac5435e5b71ef6bc2ffe01408a60457e59d0028de0654,8906,1.0,1.0,0.00887042443296654,0.4828205704019762,interval_start
ggu05,ggu05_intraday-5min_historical-data-09-12-2026.csv,4ad8cab4d68189fecb6a4e27615385c05156a72cc977d245b9ff86468213260d,8776,1.0,1.0,0.007862351868732909,0.3876481312670921,interval_start
ggu06,ggu06_intraday-5min_historical-data-09-12-2026.csv,ebed9fd1f66651f4daa554f78a0851944e77e10907855e03761277d79d7eeecc,11067,1.0,1.0,0.039577121171049064,0.48585885967290143,interval_start
ggu07,ggu07_intraday-5min_historical-data-09-12-2026.csv,77ae9cc72d487ae976b5e5c6a9a771c38b555b7c87d56d40b6b113efe55b19ef,11141,1.0,1.0,0.01875953684588457,0.3856924872094067,interval_start
ggu08,ggu08_intraday-5min_historical-data-09-12-2026.csv,a3d338417134d0e05723cb92ceeed5b7a9f72ddce3519572ac610658cc846598,11136,1.0,1.0,0.015894396551724137,0.33728448275862066,interval_start
ggu09,ggu09_intraday-5min_historical-data-09-12-2026.csv,2f07b635c43f257a7844bec67adf31c6255065068494723c8312237da5bb71f2,11144,1.0,1.0,0.018575017946877243,0.34637473079684133,interval_start
ggu10,ggu10_intraday-5min_historical-data-09-12-2026.csv,df332b77d6462c550b7a14bd502a18913f2fef9b2d3ddafd055b82e95d4f388f,11075,1.0,1.0,0.008126410835214447,0.33715575620767496,interval_start
ggu11,ggu11_intraday-5min_historical-data-09-12-2026.csv,71487178b792c287bdd95f6e0856435b2a29c651221b14cabdce72bb4526fe55,11029,1.0,1.0,0.010245715840058029,0.2665699519448726,interval_start
ggu12,ggu12_intraday-5min_historical-data-09-12-2026.csv,f262e9a95a987b05b35e17acba8ec9175334e9eff26ac7dde5254acd8b0335b8,12725,1.0,1.0,0.05587426326129666,0.331237721021611,interval_start
ggu13,ggu13_intraday-5min_historical-data-03-24-2026.csv,b497dcf866ebf7900f8226b8addea68580ae5b4da3a7d03d7eab6a1209a14b9d,11090,1.0,1.0,0.011541929666366095,0.3205590622182146,interval_start
ggu14,ggu14_intraday-5min_historical-data-03-24-2026.csv,2f8fd90d73ebc24196a36880bf24df7a3f492a25dc995c12a721c6790b681343,11116,1.0,1.0,0.020151133501259445,0.4259625764663548,interval_start
ggu15,ggu15_intraday-5min_historical-data-03-24-2026.csv,d1e10d3fb1d009626d0666b381126c8578d0491da43cd3feb149303b5f05d2eb,11125,1.0,1.0,0.012853932584269662,0.25734831460674157,interval_start
ggu16,ggu16_intraday-5min_historical-data-03-24-2026.csv,c9060bc0e7f6c6635b49376b8cc9f7283980de4d0f70a9081cd04fee9dd8ecfb,11142,1.0,1.0,0.011129061209836654,0.3371926045593251,interval_start
ggu17,ggu17_intraday-5min_historical-data-03-23-2026.csv,5933fc8b3d854fa71374322e3cf4c2a95fb95723423c4d4ae3d67ef0af6176dd,10962,1.0,1.0,0.013866082831600074,0.36863711001642036,interval_start
ggu18,ggu18_intraday-5min_historical-data-03-23-2026.csv,a0299fe60cfa791fbb78cea8b40978105e8f4939fc63882e1614a27fe59b6bbd,10964,1.0,1.0,0.014228383801532287,0.38507843852608536,interval_start
ggu19,ggu19_intraday-5min_historical-data-03-23-2026.csv,42ca7a030a5dc8b6800683a2e2c3ef2833be26efc5c043eedeef4da4991bdd09,14981,1.0,1.0,0.05854081836993525,0.4412923035845404,interval_start
ggu20,ggu20_intraday-5min_historical-data-03-23-2026.csv,58a468aae3239a3aeabfbd33140ef2a21d2938cafccaa9931f75397951df5259,15118,1.0,1.0,0.046037835692551925,0.41731710543722716,interval_start
ggu21,ggu21_intraday-5min_historical-data-03-24-2026.csv,f04a6bbc754d351d837e2237d6c2aa7736197cbe6f8b9af3520b9ff3e3723e3a,15278,1.0,1.0,0.06564995418248462,0.46354234847493125,interval_start
ggu22,ggu22_intraday-5min_historical-data-03-24-2026.csv,528af3a61317e41675acddaab9e8bc4a77c8c42bcce1a533dee2fc66efb3a5b6,15379,1.0,1.0,0.026269588399765915,0.24032771961766045,interval_start
ggu23,ggu23_intraday-5min_historical-data-03-24-2026.csv,a128e429f2932b8b8b81b3e5e1caea1eddf71458b961600e6f5c991e13c64aa6,15540,1.0,1.0,0.040283140283140284,0.3552767052767053,interval_start
ggu24,ggu24_intraday-5min_historical-data-03-24-2026.csv,1acdc3f9dd9174324626339a38c0d21e82ac7c201f6b6e796fd5eb0c31f73817,15594,1.0,1.0,0.038348082595870206,0.4027831217134795,interval_start
ggu25,ggu25_intraday-5min_historical-data-03-24-2026.csv,7570d671a477d949d21c411bfe15f67557314b025d2fb8378c89e9b94da934cf,15156,1.0,1.0,0.0523884930060702,0.44860121404064396,interval_start
ggz00,ggz00_intraday-5min_historical-data-09-12-2026.csv,51344f6964c313b74f0a489440c3cfb5694ebaa42eada24ef6d351d56a239cf1,8559,1.0,1.0,0.005023951396191144,0.4717840869260428,interval_start
ggz01,ggz01_intraday-5min_historical-data-09-12-2026.csv,46af5c301a3e6b2a32dae3475193921c397885c31a9370122a1f967a0e135b80,8177,1.0,1.0,0.0009783539195303901,0.3717744894215482,interval_start
ggz02,ggz02_intraday-5min_historical-data-09-12-2026.csv,92ad7db450589bf8a77fccb1c0cb96d74a7d34a054a13bb322da0cae88779020,8227,1.0,1.0,0.0012155099064057372,0.3472711802601191,interval_start
ggz03,ggz03_intraday-5min_historical-data-09-12-2026.csv,43e791228247a475eac9358abca78701e42a1ec61840af789b231a55ef92f148,8412,1.0,1.0,0.0009510223490252021,0.3572277698525915,interval_start
ggz04,ggz04_intraday-5min_historical-data-09-12-2026.csv,aa971f1c1d60e5e11815013cea8be19682a481676844b83586f2819987ece6d8,8444,1.0,1.0,0.00876361913784936,0.43735196589294173,interval_start
ggz05,ggz05_intraday-5min_historical-data-09-12-2026.csv,547c37d9949f02d6744199daefe73a4ffdd0778f3011121721fa92ca5da761a7,8829,1.0,1.0,0.011552837240910635,0.3888322573337864,interval_start
ggz06,ggz06_intraday-5min_historical-data-09-12-2026.csv,aceec507f63e280ee773243384d842fc4112398fa8641d3ef7157e1b8462752d,10714,1.0,1.0,0.03705432144857196,0.49626656710845624,interval_start
ggz07,ggz07_intraday-5min_historical-data-09-12-2026.csv,11b24fde52807bd84aef988a0417b6f79f26622f1bc070a0927d0f0dd1d770dc,10800,1.0,1.0,0.016203703703703703,0.39861111111111114,interval_start
ggz08,ggz08_intraday-5min_historical-data-09-12-2026.csv,e097418f439d7cae69cff646bfd09067f3792d08d22386760169179546116f60,10965,1.0,1.0,0.014500683994528044,0.2580027359781122,interval_start
ggz09,ggz09_intraday-5min_historical-data-09-12-2026.csv,67e62c75ac723e4a649c54b33b1b81719ede75027c85a3210e1f7229ab6364a8,11114,1.0,1.0,0.020064783156379343,0.3831203886989383,interval_start
ggz10,ggz10_intraday-5min_historical-data-09-12-2026.csv,c1b0a8ce286b5fdf98e44d60c6cc505608eb85e897d2d88cbb82e9ba9b584167,10893,1.0,1.0,0.009180207472688882,0.304691086018544,interval_start
ggz11,ggz11_intraday-5min_historical-data-09-12-2026.csv,b51d38e550a541af9dcb5bf0d5eaf0fa1d665d569efa7bf4ca62b9173d53c816,10951,1.0,1.0,0.013606063373207926,0.20107752716646882,interval_start
ggz12,ggz12_intraday-5min_historical-data-09-12-2026.csv,5ef80e9998a06f677964dbd262ea1b328aa1273ab9b09b4d89a760088fa80aee,11195,1.0,1.0,0.013130861991960696,0.32773559624832516,interval_start
ggz13,ggz13_intraday-5min_historical-data-03-24-2026.csv,0b25bc00355612d2ba5a8e3cdefa1a91d2eb211312bbf2a06bc4eaac1f99d029,10961,1.0,1.0,0.015327068698111486,0.3728674391022717,interval_start
ggz14,ggz14_intraday-5min_historical-data-03-24-2026.csv,c6128cfe10caf592eb186ad3f2af127fed24abee6577d315d40e519ae276094f,10955,1.0,1.0,0.017069831127339116,0.3811958010041077,interval_start
ggz15,ggz15_intraday-5min_historical-data-03-24-2026.csv,b955c4500e939ba50344911ca9886e6e7164cf7bd3d65fecd0c368bdbed4193c,10960,1.0,1.0,0.012864963503649634,0.3116788321167883,interval_start
ggz16,ggz16_intraday-5min_historical-data-03-23-2026.csv,8e09b31a673d233eca283d51e5ea457241b369ced26e74f78bfef865f7bc2c94,10969,1.0,1.0,0.011031087610538792,0.30340049229647187,interval_start
ggz17,ggz17_intraday-5min_historical-data-03-23-2026.csv,b642b918466599ada614951a85905bb93553b72ffeb6d0987d61fa8f6514561b,10968,1.0,1.0,0.015226112326768782,0.38019693654266956,interval_start
ggz18,ggz18_intraday-5min_historical-data-03-23-2026.csv,d2730e0e2965a4c7116efcec9e84c873f6989c08b9cf85f92b02ca1516da8a7c,10893,1.0,1.0,0.01175066556504177,0.3515101441292573,interval_start
ggz19,ggz19_intraday-5min_historical-data-03-23-2026.csv,db8cef592b5ca3e113ad04d21d25e0e5d6df88bc781db45c96aab343248a5596,15701,1.0,1.0,0.05279918476530157,0.4166613591490988,interval_start
ggz20,ggz20_intraday-5min_historical-data-03-23-2026.csv,6059f6286d4cceaa832ee452d814eb8ab027bb527fb280c0f21ddb865bff7006,15698,1.0,1.0,0.05089820359281437,0.45642757039113263,interval_start
ggz21,ggz21_intraday-5min_historical-data-03-24-2026.csv,9ceea53b665402989bc0036ee3aed8a8ee20567ab2ad0e98e11db69d528341df,15888,1.0,1.0,0.04682779456193353,0.3894133937562941,interval_start
ggz22,ggz22_intraday-5min_historical-data-03-24-2026.csv,760ed1da99972d99758ec60018d1b45be0253d71df1a8fcb117d6799ed67d918,15923,1.0,1.0,0.025309301011115996,0.24536833511273,interval_start
ggz23,ggz23_intraday-5min_historical-data-03-24-2026.csv,539f80b8378f01496f061d2b501db508da302c1cb1b7b06b8db67e3dfcc4e578,15676,1.0,1.0,0.028514927277366674,0.3733733095177341,interval_start
ggz24,ggz24_intraday-5min_historical-data-03-24-2026.csv,a777533bdf01d1edde1cb388621dff5bb39a7c116b1b9d7bf762a8f5d6206101,15702,1.0,1.0,0.02853139727423258,0.3875939370780792,interval_start
ggz25,ggz25_intraday-5min_historical-data-03-24-2026.csv,e7081ba8ebc000ad2adf7fd49371e865d312182712fe572ac14f88034517a470,15458,1.0,1.0,0.06714969595031699,0.5124207530081512,interval_start
