phase,root_code,outcome,status,n_controls,rank,n_parameters,control_loyo_rmse
PR,gg,BV,ok,2808,20,20,0.9454572936067268
PR,gg,RV,ok,3056,20,20,0.8916077788773195
PR,hf,BV,ok,1714,20,20,0.8166077650141652
PR,hf,RV,ok,2508,20,20,0.7895495779364111
PR,hr,BV,ok,2503,20,20,0.8938654626936174
PR,hr,RV,ok,3007,20,20,0.8640546900294271
PR,fx,BV,ok,338,20,20,1.9631775941124676
PR,fx,RV,ok,368,20,20,2.015858750414029
PC,gg,BV,ok,2830,20,20,0.9027629308173671
PC,gg,RV,ok,3053,20,20,0.834145795250031
PC,hf,BV,ok,1803,20,20,0.9570236780568053
PC,hf,RV,ok,2528,20,20,0.8008376659626149
PC,hr,BV,ok,2532,20,20,0.9215688671983666
PC,hr,RV,ok,3010,20,20,0.8361942611270092
PC,fx,BV,ok,338,20,20,1.7842607397730261
PC,fx,RV,ok,369,20,20,1.2023128538556027
