year,absolute_angles_radial2,degree1_absolute,degree2_quadratic,quadratic_angles_radial1,difference_deg1_minus_deg2,difference_radial1_minus_radial2_quadratic_angles,difference_radial1_minus_radial2_absolute_angles,n_test,lambda_inner,tensor_spline_reference,spline_status,inner_folds,inner_cv_mse,n_features,knots_training_only,training_dates_sha256,test_u_outside_training_range,test_z_outside_training_range,penalty_scope,inner_losses,status,diagnostic_version
2013,3.0721221597014305,2.6387643701466668,3.2892677676279813,2.561728737591326,-0.6505033974813146,-0.7275390300366555,-0.4333577895547638,12,1.0,3.361404773718075,estimated,12,1.5979542301797343,32,"{""u"": [-13.194503448057915, -0.5133467538027842, 0.08557241282031644, 12.121652017892794], ""z"": [-4.555097048991524, -0.1748915385112491, 0.29964032752406095, 5.412315126601509]}",175feafc512b2e51cf15c2d70be9bc03b89442ea100c873e578a5cf2d520a137,0,0,scaled nonlinear main/tensor terms and their state interactions,"{""0.001"": 9.58486977802186, ""0.01"": 3.5930142412776753, ""0.1"": 1.8486397586660492, ""1.0"": 1.5979542301797343, ""10.0"": 1.7058912561714166, ""100.0"": 1.803811439013307}",observed_after_opening_descriptive,functional_form_v2_20260916
2014,1.0662972278491414,0.8778834854142374,1.0678056981403519,0.9190298011574728,-0.18992221272611443,-0.14877589698287907,-0.18841374243490394,12,1.0,1.4125566519174377,estimated,12,1.8343412017551983,32,"{""u"": [-13.194503448057915, -0.5140267560551723, 0.0, 12.121652017892794], ""z"": [-4.555097048991524, -0.13424081943410957, 0.31655786992624024, 5.412315126601509]}",7372df984eca2c13df919c6de43845804afe219b2ea0a2389bbf97382c49c921,0,0,scaled nonlinear main/tensor terms and their state interactions,"{""0.001"": 10.210090828720078, ""0.01"": 4.64964455841418, ""0.1"": 2.2315464124617876, ""1.0"": 1.8343412017551983, ""10.0"": 1.957026927081902, ""100.0"": 2.0729753901994923}",observed_after_opening_descriptive,functional_form_v2_20260916
2015,0.7628345445011508,0.5085402764657387,0.7214686241814106,0.5485097470141648,-0.21292834771567182,-0.17295887716724578,-0.2542942680354121,8,1.0,2.3851006894568076,estimated,12,1.6355110017128063,32,"{""u"": [-13.194503448057915, -0.5137895494309312, 0.25671723846095296, 12.121652017892794], ""z"": [-4.555097048991524, -0.1599711630886658, 0.3327313384728007, 5.412315126601509]}",491a24a110388a7b7cb843bfb57294a19028fb7a87ca6358b6af42f2ccd346f1,0,0,scaled nonlinear main/tensor terms and their state interactions,"{""0.001"": 6.859429039520776, ""0.01"": 4.852731556071029, ""0.1"": 2.295989781470345, ""1.0"": 1.6355110017128063, ""10.0"": 1.7967521506059672, ""100.0"": 1.9842220549083056}",observed_after_opening_descriptive,functional_form_v2_20260916
2016,12.117135278368874,0.9936190276083405,12.776003179016474,0.8997607629322778,-11.782384151408133,-11.876242416084196,-11.123516250760533,8,1.0,1.827226282370525,estimated,12,1.9306009472417396,32,"{""u"": [-13.194503448057915, -0.5134688175592284, 0.25671723846095296, 12.121652017892794], ""z"": [-4.555097048991524, -0.15238892325310127, 0.30847113565296014, 2.9073110985443527]}",7012204dc0e495e22b684e8d57e2f2dc14bff928dbbeccbc0075313bb07888e5,0,1,scaled nonlinear main/tensor terms and their state interactions,"{""0.001"": 26.82961040699689, ""0.01"": 3.332188053505767, ""0.1"": 2.2883039125604774, ""1.0"": 1.9306009472417396, ""10.0"": 1.9651165116790326, ""100.0"": 2.180229765714571}",observed_after_opening_descriptive,functional_form_v2_20260916
2017,2.3185751565787784,1.836048021334892,1.9570717334303447,1.5280517926159052,-0.1210237120954527,-0.4290199408144395,-0.48252713524388646,8,1.0,2.183816318516477,estimated,12,1.70485746535116,32,"{""u"": [-13.194503448057915, -0.2689986957362301, 0.2572678261360531, 12.121652017892794], ""z"": [-4.555097048991524, -0.1599711630886658, 0.3327313384728007, 5.412315126601509]}",cec781537791cdedd2716fa6b4f92e0c8915b47481acce67d3f2653b8d56c959,0,0,scaled nonlinear main/tensor terms and their state interactions,"{""0.001"": 12.054924357742173, ""0.01"": 6.062245628863642, ""0.1"": 2.1824563373030954, ""1.0"": 1.70485746535116, ""10.0"": 1.8483220131680411, ""100.0"": 1.998196099014608}",observed_after_opening_descriptive,functional_form_v2_20260916
2018,1.1204344390021883,1.0213210676672735,1.1226258900842239,1.0478126583298093,-0.10130482241695038,-0.07481323175441457,-0.09911337133491482,8,1.0,1.3208593639922799,estimated,12,1.7810793771359865,32,"{""u"": [-13.194503448057915, -0.5128513926904966, 0.2570266537038504, 12.121652017892794], ""z"": [-4.555097048991524, -0.15238892325310127, 0.3441833193788992, 5.412315126601509]}",5da62f6aa0a70b046e1e59e35901ff078b16b1ac2a402e38626ffccffb9822c4,0,0,scaled nonlinear main/tensor terms and their state interactions,"{""0.001"": 7.812678348016285, ""0.01"": 5.530074406839478, ""0.1"": 2.423009925328109, ""1.0"": 1.7810793771359865, ""10.0"": 1.9321693891556475, ""100.0"": 2.0747417069639544}",observed_after_opening_descriptive,functional_form_v2_20260916
2019,2.7242369007654,1.7935634638470943,2.4743375625435897,1.5512092350835038,-0.6807740986964954,-0.9231283274600859,-0.9306734369183056,8,1.0,2.444102643903067,estimated,12,1.8901136289329001,32,"{""u"": [-13.194503448057915, -0.5132857219245621, 0.2567172384609529, 12.121652017892794], ""z"": [-4.555097048991524, -0.1523889232531013, 0.3084711356529602, 5.412315126601509]}",f0c0fcdc612710be420469d900a0646d78a630ab7f8588066c6da16c3f84d8bb,0,0,scaled nonlinear main/tensor terms and their state interactions,"{""0.001"": 7.464219140381048, ""0.01"": 2.3694137713026047, ""0.1"": 2.3976224936139974, ""1.0"": 1.8901136289329001, ""10.0"": 1.8998590140008573, ""100.0"": 1.992309640425358}",observed_after_opening_descriptive,functional_form_v2_20260916
2020,4.1874193484407485,0.8525335122169952,4.586267028428857,0.8522657330838922,-3.7337335162118617,-3.7340012953449646,-3.3348858362237532,8,10.0,1.620685164413024,estimated,12,1.86029786076866,32,"{""u"": [-13.194503448057915, -0.5128513926904966, 0.2567172384609529, 12.121652017892794], ""z"": [-2.6669316387018194, -0.1576567524729228, 0.3327313384728007, 5.412315126601509]}",761464feb09ae29127b2e450f76e3d26185d9a339fcb518104e3fe03e9181e75,0,1,scaled nonlinear main/tensor terms and their state interactions,"{""0.001"": 8.590486333628242, ""0.01"": 5.693136607744742, ""0.1"": 2.8506423074551237, ""1.0"": 2.2276346592722795, ""10.0"": 1.86029786076866, ""100.0"": 2.0874677772700956}",observed_after_opening_descriptive,functional_form_v2_20260916
2021,2.4997006494464062,2.790903745404665,2.533570240763268,2.8442670475748035,0.2573335046413967,0.31069680681153544,0.29120309595825855,8,1.0,2.1316824894131643,estimated,12,1.75977929477002,32,"{""u"": [-13.194503448057915, -0.5132857219245621, 0.25702665370385036, 12.121652017892794], ""z"": [-4.555097048991524, -0.1576567524729228, 0.3327313384728007, 5.412315126601509]}",ec8d8e52e1b5ef921c06942f16da8f926b0ee4e77846d3fce604689358243d72,0,0,scaled nonlinear main/tensor terms and their state interactions,"{""0.001"": 5.709526915520292, ""0.01"": 5.312998449524581, ""0.1"": 2.579447067945972, ""1.0"": 1.75977929477002, ""10.0"": 1.9023135379122957, ""100.0"": 2.076872855081245}",observed_after_opening_descriptive,functional_form_v2_20260916
2022,4.846056835082194,1.1419343506480977,2.4636163375615943,1.1709232352688037,-1.3216819869134966,-1.2926931022927906,-3.7041224844340968,8,100.0,3.748489822259033,estimated,12,1.9921071417738492,32,"{""u"": [-10.880680862390484, -0.5128513926904966, 0.0, 8.427332806536597], ""z"": [-4.555097048991524, -0.15765675247292277, 0.3327313384728007, 5.412315126601509]}",6350379bef19580d6858d5d329d8d89133eaa59a834ed2e5674129084f928587,5,0,scaled nonlinear main/tensor terms and their state interactions,"{""0.001"": 39.697607614907504, ""0.01"": 5.439622424998753, ""0.1"": 3.25167938620692, ""1.0"": 4.199959744674555, ""10.0"": 2.2317211112315842, ""100.0"": 1.9921071417738492}",observed_after_opening_descriptive,functional_form_v2_20260916
2023,0.5912459432394206,0.4096188599389303,0.5808158111463065,0.3463191684838337,-0.1711969512073762,-0.23449664266247283,-0.18162708330049027,8,1.0,0.7065960337512367,estimated,12,1.942494246304517,32,"{""u"": [-13.194503448057915, -0.26899869573623003, 0.2570266537038504, 12.121652017892794], ""z"": [-4.555097048991524, -0.15997116308866577, 0.24862794570892682, 5.412315126601509]}",7cd96e302edb2949ccf719d20fd8abd26b3cdf8cd2959348b128e1fe0d6a6666,0,0,scaled nonlinear main/tensor terms and their state interactions,"{""0.001"": 5.8270993730642475, ""0.01"": 8.546677367846955, ""0.1"": 3.145931173769289, ""1.0"": 1.942494246304517, ""10.0"": 2.070375713052272, ""100.0"": 2.1937090209391914}",observed_after_opening_descriptive,functional_form_v2_20260916
2024,1.2182587407378835,1.4981957494099003,1.1612756713114485,1.4312170918155476,0.3369200780984518,0.2699414205040991,0.27993700867201676,8,1.0,0.427785651333731,estimated,12,1.8996507874540935,32,"{""u"": [-13.194503448057915, -0.2684969378150949, 0.2570266537038504, 12.121652017892794], ""z"": [-4.555097048991524, -0.15997116308866577, 0.2952249234596114, 5.412315126601509]}",6f6410466dee740b5679d2efc92b1f3b11fefeff9e982f1dd60b27f804f8a6c5,0,0,scaled nonlinear main/tensor terms and their state interactions,"{""0.001"": 18.469175220023942, ""0.01"": 5.387958995079892, ""0.1"": 2.3699435200456365, ""1.0"": 1.8996507874540935, ""10.0"": 2.047101833178908, ""100.0"": 2.1878453664822017}",observed_after_opening_descriptive,functional_form_v2_20260916
2025,1.6710986987248435,1.4575952828035348,1.6179485678286996,1.4364701796995967,-0.16035328502516477,-0.18147838812910289,-0.21350341592130873,7,1.0,1.7399198161627807,estimated,12,1.7491757603717437,32,"{""u"": [-13.194503448057915, -0.42909448005618456, 0.2570725605420966, 12.121652017892794], ""z"": [-4.555097048991524, -0.22266014966407857, 0.33227925813691916, 5.412315126601509]}",59c581e70b36ad1b6f6cfb4cc7955850306525b6d02d0f4526fda72d0bf27db2,0,0,scaled nonlinear main/tensor terms and their state interactions,"{""0.001"": 7.818545009967966, ""0.01"": 5.502747031372607, ""0.1"": 2.235582495910986, ""1.0"": 1.7491757603717437, ""10.0"": 1.900286458614154, ""100.0"": 2.038120826528932}",observed_after_opening_descriptive,functional_form_v2_20260916
